Rechtsname;Domain;Domain_Confidence;Domain_durch_Impressum;Rechtsname_Website;HRB;Ort;Zuschlaege;Plan;Signal_Score;Why_now;Telefon;Telefon_Quelle;Mail_allgemein;Mail_Quelle;Mail_Muster;Mail_Muster_Guete;Kontakt_Rolle;Kontakt_Name;Kontakt_Titel;Kontakt_Fundstelle;Kontakt_LinkedIn;Kontakt_LinkedIn_Quelle;Kontakt_Telefon;Kontakt_Telefon_Typ;Kontakt_Telefon_Quelle;Kontakt_Mail;Kontakt_Mail_Status;Kontakt_Mail_Quelle;Quellen_gelesen
circular Informationssysteme GmbH;circular.de;belegt;passt;Impressum | circular Informationssysteme GmbH;HRB 17442;Stuttgart;12;Scale;98;Fraunhofer-Gesellschaft - Einkauf B12 schreibt gerade Serversystem für KI Interferenz Workloads - PR1237100-3190-I aus. Frist 16.10.2026. Dort habt ihr 12/2024 schon geliefert (https://ted.europa.eu/de/notice/749060-2024/pdf).;+49711787170;https://www.circular.de/impressum/;info@circular.de;https://www.circular.de/impressum/;;;Geschaeftsfuehrung;Rüdiger Kolp;Geschäftsführer (Impressum);https://www.circular.de/impressum/;;;;;;;kein Muster belegbar;;https://www.circular.de/ https://www.circular.de/impressum/ https://www.circular.de/kontakt/
Albacon Systemhaus GmbH;albacon.de;belegt;passt;"Impressum &#8211; Albacon Systemhaus GmbH";HRB 6536;Bad Doberan;17;Scale;98;Landesinstitut für Schulqualität und Lehrerbildung Sachsen... schreibt gerade Position 1 aus. Frist 09.10.2026. Dort habt ihr 03/2025 schon geliefert (https://ted.europa.eu/de/notice/178455-2025/pdf).;+4938203458;https://albacon.de/index.php/impressum/;;;nachname;belegt, Adresse passt zu einer namentlich gefundenen Person;Geschaeftsfuehrung;Karsten Steinke;Geschäftsführer (Impressum);https://albacon.de/index.php/impressum/;;;;;;;keine persoenliche Adresse auf der Seite;;https://albacon.de https://albacon.de/index.php/impressum/ https://albacon.de/index.php/kontakt/
Office Partner GmbH;office-partner.de;belegt;passt;Office Partner GmbH;;Gescher;13;Scale;98;Land Niedersachsen vertreten durch IT.Niedersachsen FG 24... schreibt gerade Rahmenvereinbarung Snow aus. Frist 05.10.2026. Dort habt ihr 09/2024 schon geliefert (https://ted.europa.eu/de/notice/570663-2024/pdf).;+4925429558250;https://www.office-partner.de/impressum;shop@office-partner.de;https://www.office-partner.de/impressum;;keines, keine personenbezogene Adresse gefunden;Geschaeftsfuehrung;Peter Pölling;Geschäftsführer (Impressum);https://www.office-partner.de/impressum;;;;;;;keine persoenliche Adresse auf der Seite;;https://www.office-partner.de/ https://www.office-partner.de/impressum https://www.office-partner.de/apple-business
Prowise GmbH;prowise.de;belegt;passt;Prowise GmbH;HRB 91595;Köln;24;Scale;98;civillent GmbH schreibt gerade Software Automai Synthetic Performance Monitoring aus. Frist 05.10.2026. Dort habt ihr 03/2026 schon geliefert (https://ted.europa.eu/de/notice/213586-2026/pdf).;+4922182829278;https://www.prowise.com/de/impressum/;info@prowise.de;https://www.prowise.com/de/impressum/;;keines, keine personenbezogene Adresse gefunden;Geschaeftsfuehrung;Frank Trossen;Geschäftsführer (Impressum);https://www.prowise.com/de/impressum/;;;;;;;keine persoenliche Adresse auf der Seite;;https://www.prowise.com/de/ https://www.prowise.com/de/impressum/ https://www.prowise.com/de/kontakt/
BFE Studio und Medien Systeme GmbH;bfe.tv;belegt;nicht moeglich;;;Mainz;6;Team;100;Landesbetrieb Daten und Information Rheinland-Pfalz (LDI) schreibt gerade JBoss EAP 2027 aus. Frist 19.10.2026. Dort habt ihr 10/2025 schon geliefert (https://ted.europa.eu/de/notice/698859-2025/pdf).;+491600161;https://www.bfe.tv/impressum;;;;keines, keine personenbezogene Adresse gefunden;;;;;;;;;;;kein Kontakt gefunden;;https://www.bfe.tv/ https://www.bfe.tv/impressum https://www.bfe.tv/kontakt https://www.bfe.tv/kontakt
sysGen GmbH;sysgen.de;belegt;nicht moeglich;;HRB 30859;Bremen;30;Scale;98;Bundesrepublik Deutschland, vertreten durch... schreibt gerade GitLab Lizenzen und Paid Addons (restliche Bundesverwaltung) aus. Frist 15.10.2026. Dort habt ihr 09/2026 schon geliefert (https://ted.europa.eu/de/notice/638445-2026/pdf).;+49421409660;https://www.sysgen.de/impressum/;info@sysgen.de;https://www.sysgen.de/impressum/;;keines, keine personenbezogene Adresse gefunden;Geschaeftsfuehrung;Gabriele Nikisch;Vertreten durch (Impressum);https://www.sysgen.de/impressum/;;;;;;;keine persoenliche Adresse auf der Seite;;https://www.sysgen.de/ https://www.sysgen.de/impressum/ https://www.sysgen.de/kontakt/anfragen/allgemeiner-kontakt/ https://www.sysgen.de/kontakt/anfragen/nvidia-dgx/
Raid Media Systems GmbH;raidmedia.com;belegt;passt;RAID Media Systems GmbH;HRB 16895;Thalheim;11;Scale;98;Fraunhofer-Gesellschaft - Einkauf B12 schreibt gerade Serversystem für KI Interferenz Workloads - PR1237100-3190-I aus. Frist 16.10.2026. Dort habt ihr 04/2024 schon geliefert (https://ted.europa.eu/de/notice/217334-2024/pdf).;+4937213292680;https://raidmedia.com/impressum/;vertrieb@raidmedia.com;https://raidmedia.com/impressum/;;keines, keine personenbezogene Adresse gefunden;Geschaeftsfuehrung;Peter Vogel;Geschäftsführer (Impressum);https://raidmedia.com/impressum/;;;;;;;keine persoenliche Adresse auf der Seite;;https://raidmedia.com https://raidmedia.com/impressum/ https://raidmedia.com/contact/ https://raidmedia.com/contact/
Raid Media Systems GmbH;raidmedia.com;belegt;passt;RAID Media Systems GmbH;HRB 16895;Thalheim;11;Scale;98;Fraunhofer-Gesellschaft - Einkauf B12 schreibt gerade Serversystem für KI Interferenz Workloads - PR1237100-3190-I aus. Frist 16.10.2026. Dort habt ihr 04/2024 schon geliefert (https://ted.europa.eu/de/notice/217334-2024/pdf).;+4937213292680;https://raidmedia.com/impressum/;vertrieb@raidmedia.com;https://raidmedia.com/impressum/;;keines, keine personenbezogene Adresse gefunden;Geschaeftsfuehrung;Daniel Vogel;Geschäftsführer (Impressum);https://raidmedia.com/impressum/;;;;;;;keine persoenliche Adresse auf der Seite;;https://raidmedia.com https://raidmedia.com/impressum/ https://raidmedia.com/contact/ https://raidmedia.com/contact/
Concat AG;concat.de;belegt;passt;Impressum - Concat AG;HRB 25326;Bensheim;19;Scale;98;Universität Duisburg-Essen schreibt gerade Rahmenvertrag Server, Storage, Software aus. Frist 16.10.2026. Dort habt ihr 01/2024 schon geboten (https://ted.europa.eu/de/notice/13592-2024/pdf).;+49625170260;https://www.concat.de/impressum/;;;;keines, keine personenbezogene Adresse gefunden;Geschaeftsfuehrung;Dexter R. McGinnis;Vorstand (Impressum);https://www.concat.de/impressum/;;;;;;;keine persoenliche Adresse auf der Seite;;https://www.concat.de/ https://www.concat.de/impressum/ https://www.concat.de/projektanfrage/ https://www.concat.de/ueber-uns/
Concat AG;concat.de;belegt;passt;Impressum - Concat AG;HRB 25326;Bensheim;19;Scale;98;Universität Duisburg-Essen schreibt gerade Rahmenvertrag Server, Storage, Software aus. Frist 16.10.2026. Dort habt ihr 01/2024 schon geboten (https://ted.europa.eu/de/notice/13592-2024/pdf).;+49625170260;https://www.concat.de/impressum/;;;;keines, keine personenbezogene Adresse gefunden;Geschaeftsfuehrung;Tim Patronik;Vorstand (Impressum);https://www.concat.de/impressum/;;;;;;;keine persoenliche Adresse auf der Seite;;https://www.concat.de/ https://www.concat.de/impressum/ https://www.concat.de/projektanfrage/ https://www.concat.de/ueber-uns/
Concat AG;concat.de;belegt;passt;Impressum - Concat AG;HRB 25326;Bensheim;19;Scale;98;Universität Duisburg-Essen schreibt gerade Rahmenvertrag Server, Storage, Software aus. Frist 16.10.2026. Dort habt ihr 01/2024 schon geboten (https://ted.europa.eu/de/notice/13592-2024/pdf).;+49625170260;https://www.concat.de/impressum/;;;;keines, keine personenbezogene Adresse gefunden;Geschaeftsfuehrung;Astrid Dissmann;Vorstand (Impressum);https://www.concat.de/impressum/;;;;;;;keine persoenliche Adresse auf der Seite;;https://www.concat.de/ https://www.concat.de/impressum/ https://www.concat.de/projektanfrage/ https://www.concat.de/ueber-uns/
ThinkRED West GmbH;thinkred.de;belegt;nicht moeglich;;HRB 53348;Bochum;17;Scale;98;Ihr Vertrag mit Stadt Recklinghausen (Rahmenvertrag über den Kauf von Apple IPads) endet am 31.12.2026. Rahmenvertrag, die Neuausschreibung kommt.;+4961314886869;https://thinkred.de/impressum/;info@thinkred.de;https://thinkred.de/impressum/;;keines, keine personenbezogene Adresse gefunden;Geschaeftsfuehrung;Sebastian Weitzel;Vertreten durch (Impressum);https://thinkred.de/impressum/;;;;;;;keine persoenliche Adresse auf der Seite;;https://thinkred.de https://thinkred.de/impressum/ https://thinkred.de/kontakt/ https://thinkred.de/ueber-uns/
medDV GmbH;meddv.de;belegt;passt;Impressum | medDV GmbH;HRB 6076;Fernwald;9;Scale;98;Landkreis Görlitz schreibt gerade Los 1 - Landkreis Nordsachsen - Tablets inkl. Zubehör aus. Frist 19.10.2026. Gemeinsame Beschaffung von 3 Stellen. Dort habt ihr 06/2026 schon geliefert (https://ted.europa.eu/de/notice/425557-2026/pdf).;+49640420517;https://www.meddv.de/impressum/;info@meddv.de;https://www.meddv.de/impressum/;;keines, keine personenbezogene Adresse gefunden;Geschaeftsfuehrung;Gunter Ernst;Geschäftsführung (Impressum);https://www.meddv.de/impressum/;;;;;;;keine persoenliche Adresse auf der Seite;;https://www.meddv.de/ https://www.meddv.de/impressum/ https://www.meddv.de/kontakt/ https://www.meddv.de/geschaeftsfuehrung/
medDV GmbH;meddv.de;belegt;passt;Impressum | medDV GmbH;HRB 6076;Fernwald;9;Scale;98;Landkreis Görlitz schreibt gerade Los 1 - Landkreis Nordsachsen - Tablets inkl. Zubehör aus. Frist 19.10.2026. Gemeinsame Beschaffung von 3 Stellen. Dort habt ihr 06/2026 schon geliefert (https://ted.europa.eu/de/notice/425557-2026/pdf).;+49640420517;https://www.meddv.de/impressum/;info@meddv.de;https://www.meddv.de/impressum/;;keines, keine personenbezogene Adresse gefunden;Geschaeftsfuehrung;Carsten Rausch;Geschäftsführung (Impressum);https://www.meddv.de/impressum/;;;;;;;keine persoenliche Adresse auf der Seite;;https://www.meddv.de/ https://www.meddv.de/impressum/ https://www.meddv.de/kontakt/ https://www.meddv.de/geschaeftsfuehrung/
medDV GmbH;meddv.de;belegt;passt;Impressum | medDV GmbH;HRB 6076;Fernwald;9;Scale;98;Landkreis Görlitz schreibt gerade Los 1 - Landkreis Nordsachsen - Tablets inkl. Zubehör aus. Frist 19.10.2026. Gemeinsame Beschaffung von 3 Stellen. Dort habt ihr 06/2026 schon geliefert (https://ted.europa.eu/de/notice/425557-2026/pdf).;+49640420517;https://www.meddv.de/impressum/;info@meddv.de;https://www.meddv.de/impressum/;;keines, keine personenbezogene Adresse gefunden;Geschaeftsfuehrung;Andreas Meyer;Geschäftsführung (Impressum);https://www.meddv.de/impressum/;;;;;;;keine persoenliche Adresse auf der Seite;;https://www.meddv.de/ https://www.meddv.de/impressum/ https://www.meddv.de/kontakt/ https://www.meddv.de/geschaeftsfuehrung/
CyProtect AG;cyprotect.de;belegt;passt;Impressum | CyProtect AG | CyProtect AG;;München;9;Scale;98;Freistaat Sachsen, vertreten durch den Staatsbetrieb... schreibt gerade Verlängerung der Suse Linux Enterprise Server Subscription... aus. Frist 07.10.2026. Dort habt ihr 04/2026 schon geliefert (https://ted.europa.eu/de/notice/290931-2026/pdf).;+498942044730;https://www.cyprotect.com/impressum/;support@cyprotect.com;https://www.cyprotect.com/impressum/;;keines, keine personenbezogene Adresse gefunden;Geschaeftsfuehrung;Basilius J. Niedermeyer;Vorstand (Impressum);https://www.cyprotect.com/impressum/;;;;;;;keine persoenliche Adresse auf der Seite;;https://www.cyprotect.com/ https://www.cyprotect.com/impressum/ https://www.cyprotect.com/kontakt/ https://www.cyprotect.com/unternehmen/
IQUL GmbH;iqul.de;belegt;passt;Impressum | IQUL GmbH;HRB 73498;Bergisch Gladbach;6;Team;98;Land Hessen, vertreten durch die Hessische Zentrale... schreibt gerade Secure-Web-Gateway-Systeme aus. Frist 05.10.2026. Dort habt ihr 01/2024 schon geboten (https://ted.europa.eu/de/notice/32741-2024/pdf).;+4922045850;https://www.iqul.com/de/impressum;;;;keines, keine personenbezogene Adresse gefunden;Geschaeftsfuehrung;Daniel Möbs;Vertreten durch (Impressum);https://www.iqul.com/de/impressum;;;;;;;keine persoenliche Adresse auf der Seite;;https://www.iqul.com/de/ https://www.iqul.com/de/impressum https://www.iqul.com/de/kontakt-zum-vertrieb https://www.iqul.com/de/kontakt
DEKOM GmbH;dekom.de;belegt;passt;DEKOM AG;HRB 73265;Hamburg;4;Team;98;Fraunhofer-Gesellschaft - Einkauf B12 schreibt gerade Serversystem für KI Interferenz Workloads - PR1237100-3190-I aus. Frist 16.10.2026. Dort habt ihr 11/2024 schon geliefert (https://ted.europa.eu/de/notice/719724-2024/pdf).;+4940808181100;https://www.dekom.com/en/imprint-data-protection/;info@dekom.com;https://www.dekom.com/en/imprint-data-protection/;;keines, keine personenbezogene Adresse gefunden;;;;;;;;;;;kein Kontakt gefunden;;https://www.dekom.com/ https://www.dekom.com/en/imprint-data-protection/ https://www.dekom.com/en/consulting/ https://www.dekom.com/en/video-conferencing/microsoft-teams-rooms/
ISEC7 GmbH;isec7.de;belegt;passt;ISEC7 Group / ISEC7 GmbH;HRB 97570;Hamburg;5;Team;98;Landesamt für Zentrale Polizeiliche Dienste... schreibt gerade Abschluss von Rahmenvereinbarungen über die Lieferung... aus. Frist 15.10.2026. Dort habt ihr 04/2025 schon geliefert (https://ted.europa.eu/de/notice/247975-2025/pdf).;+49403250760;https://www.isec7.com/en/imprint;info@isec7.com;https://www.isec7.com/en/imprint;;keines, keine personenbezogene Adresse gefunden;;;;;;;;;;;kein Kontakt gefunden;;https://www.isec7.com/en https://www.isec7.com/en/imprint https://www.isec7.com/en/contact https://www.isec7.com/en/contact
Brodos AG;brodos.de;belegt;passt;Brodos AG;HRB 7677;Baiersdorf;5;Team;98;Dataport AöR schreibt gerade Rahmenvertrag Standardsoftware aus. Frist 20.10.2026. Dort habt ihr 06/2024 schon geliefert (https://ted.europa.eu/de/notice/365945-2024/pdf).;+49913377770;https://brodos.com/impressum/;kontakt@brodos.de;https://brodos.com/impressum/;;keines, keine personenbezogene Adresse gefunden;;;;;;;;;;;kein Kontakt gefunden;;https://brodos.com/ https://brodos.com/impressum/ https://brodos.com/kontakt/ https://brodos.com/kontakt/
Pan Dacom Networking AG;pandacom.de;belegt;nicht moeglich;;;Dreieich-Sprendlingen;3;Team;93;GSI Helmholtzzentrum für Schwerionenforschung GmbH schreibt gerade Ertüchtigung & Erweiterung der MSR-Technik-Green IT-Cube aus. Frist 03.11.2026. Dort habt ihr 08/2024 schon geliefert (https://ted.europa.eu/de/notice/496796-2024/pdf).;;;;;;;;;;;;;;;;;kein Kontakt gefunden;;
IF-Tech AG;if-tech.de;belegt;passt;IF-Tech GmbH;HRB 311821;München;4;Team;98;Dataport AöR schreibt gerade Rahmenvertrag Standardsoftware aus. Frist 20.10.2026. Dort habt ihr 04/2026 schon geliefert (https://ted.europa.eu/de/notice/291447-2026/pdf).;+4989200066910;https://www.if-tech.de/impressum/;info@if-tech.de;https://www.if-tech.de/impressum/;;keines, keine personenbezogene Adresse gefunden;Geschaeftsfuehrung;Marco Klose;Geschäftsführer (Impressum);https://www.if-tech.de/impressum/;;;;;;;keine persoenliche Adresse auf der Seite;;https://www.if-tech.de/ https://www.if-tech.de/impressum/ https://www.if-tech.de/kontakt/ https://www.if-tech.de/infohub/modernes-endpoint-management-supportaufwand-und-kosten-reduzieren/
IF-Tech AG;if-tech.de;belegt;passt;IF-Tech GmbH;HRB 311821;München;4;Team;98;Dataport AöR schreibt gerade Rahmenvertrag Standardsoftware aus. Frist 20.10.2026. Dort habt ihr 04/2026 schon geliefert (https://ted.europa.eu/de/notice/291447-2026/pdf).;+4989200066910;https://www.if-tech.de/impressum/;info@if-tech.de;https://www.if-tech.de/impressum/;;keines, keine personenbezogene Adresse gefunden;Geschaeftsfuehrung;Hans-Jörg Friedrich;Geschäftsführer (Impressum);https://www.if-tech.de/impressum/;;;;;;;keine persoenliche Adresse auf der Seite;;https://www.if-tech.de/ https://www.if-tech.de/impressum/ https://www.if-tech.de/kontakt/ https://www.if-tech.de/infohub/modernes-endpoint-management-supportaufwand-und-kosten-reduzieren/
netgo group GmbH;netgo.de;belegt;nicht moeglich;;HRB 261899;Berlin;3;Starter;98;Dataport AöR schreibt gerade Rahmenvertrag Standardsoftware aus. Frist 20.10.2026. Dort habt ihr 07/2026 schon geliefert (https://ted.europa.eu/de/notice/454263-2026/pdf).;+4930224900;https://www.netgo.de/impressum;info@netgo.de;https://www.netgo.de/impressum;vorname.nachname;abgeleitet aus der Form anderer Adressen auf der Domain;Geschaeftsfuehrung;Sven Fürth;Vertreten durch (Impressum);https://www.netgo.de/impressum;;;;;;;keine persoenliche Adresse auf der Seite;;https://www.netgo.de/ https://www.netgo.de/impressum https://www.netgo.de/kontakt https://www.netgo.de/kontakt
netgo group GmbH;netgo.de;belegt;nicht moeglich;;HRB 261899;Berlin;3;Starter;98;Dataport AöR schreibt gerade Rahmenvertrag Standardsoftware aus. Frist 20.10.2026. Dort habt ihr 07/2026 schon geliefert (https://ted.europa.eu/de/notice/454263-2026/pdf).;+4930224900;https://www.netgo.de/impressum;info@netgo.de;https://www.netgo.de/impressum;vorname.nachname;abgeleitet aus der Form anderer Adressen auf der Domain;Geschaeftsfuehrung;Kai Wedel;Vertreten durch (Impressum);https://www.netgo.de/impressum;;;;;;;keine persoenliche Adresse auf der Seite;;https://www.netgo.de/ https://www.netgo.de/impressum https://www.netgo.de/kontakt https://www.netgo.de/kontakt
SCALTEL GmbH & Co. KG;scaltel.de;belegt;passt;SCALTEL GmbH & Co. KG;HRB 16859;Waltenhofen;7;Team;93;Postbeamtenkrankenkasse schreibt gerade KI Wissensmanagement aus. Frist 02.11.2026. Dort habt ihr 04/2026 schon geliefert (https://ted.europa.eu/de/notice/270948-2026/pdf).;+4983154054321;https://www.scaltel.de/impressum;;;;keines, keine personenbezogene Adresse gefunden;Vertriebsleitung;Thomas Groß;Vertriebsleitung;https://www.scaltel.de/ueber-scaltel/ansprechpartner;;;;;;;keine persoenliche Adresse auf der Seite;;https://www.scaltel.de/ https://www.scaltel.de/impressum https://www.scaltel.de/ueber-scaltel/ansprechpartner https://www.scaltel.de/kontakt
SCALTEL GmbH & Co. KG;scaltel.de;belegt;passt;SCALTEL GmbH & Co. KG;HRB 16859;Waltenhofen;7;Team;93;Postbeamtenkrankenkasse schreibt gerade KI Wissensmanagement aus. Frist 02.11.2026. Dort habt ihr 04/2026 schon geliefert (https://ted.europa.eu/de/notice/270948-2026/pdf).;+4983154054321;https://www.scaltel.de/impressum;;;;keines, keine personenbezogene Adresse gefunden;Vertriebsleitung;Christoph Brakland;Vertriebsleitung;https://www.scaltel.de/ueber-scaltel/ansprechpartner;;;;;;;keine persoenliche Adresse auf der Seite;;https://www.scaltel.de/ https://www.scaltel.de/impressum https://www.scaltel.de/ueber-scaltel/ansprechpartner https://www.scaltel.de/kontakt
SCALTEL GmbH & Co. KG;scaltel.de;belegt;passt;SCALTEL GmbH & Co. KG;HRB 16859;Waltenhofen;7;Team;93;Postbeamtenkrankenkasse schreibt gerade KI Wissensmanagement aus. Frist 02.11.2026. Dort habt ihr 04/2026 schon geliefert (https://ted.europa.eu/de/notice/270948-2026/pdf).;+4983154054321;https://www.scaltel.de/impressum;;;;keines, keine personenbezogene Adresse gefunden;Geschaeftsfuehrung;Christian Skala;Geschäftsführung (Impressum);https://www.scaltel.de/impressum;;;;;;;keine persoenliche Adresse auf der Seite;;https://www.scaltel.de/ https://www.scaltel.de/impressum https://www.scaltel.de/ueber-scaltel/ansprechpartner https://www.scaltel.de/kontakt
SHD System-Haus-Dresden GmbH;shd-online.de;belegt;passt;Impressum | SHD System-Haus-Dresden GmbH;HRB 329;Dresden;14;Scale;93;Hamburger Energienetze GmbH schreibt gerade Entsorgung Alt-Hardware aus. Dort habt ihr 06/2026 schon geliefert (https://ted.europa.eu/de/notice/439598-2026/pdf).;+4935142320;https://www.shd-online.de/impressum;;;;keines, keine personenbezogene Adresse gefunden;Geschaeftsfuehrung;Sebastian Herbig;Geschäftsführer (Impressum);https://www.shd-online.de/impressum;;;;;;;keine persoenliche Adresse auf der Seite;;https://www.shd-online.de/ https://www.shd-online.de/impressum https://www.shd-online.de/kontakt https://www.shd-online.de/unternehmen
SHD System-Haus-Dresden GmbH;shd-online.de;belegt;passt;Impressum | SHD System-Haus-Dresden GmbH;HRB 329;Dresden;14;Scale;93;Hamburger Energienetze GmbH schreibt gerade Entsorgung Alt-Hardware aus. Dort habt ihr 06/2026 schon geliefert (https://ted.europa.eu/de/notice/439598-2026/pdf).;+4935142320;https://www.shd-online.de/impressum;;;;keines, keine personenbezogene Adresse gefunden;Geschaeftsfuehrung;Toralf Lips;Geschäftsführer (Impressum);https://www.shd-online.de/impressum;;;;;;;keine persoenliche Adresse auf der Seite;;https://www.shd-online.de/ https://www.shd-online.de/impressum https://www.shd-online.de/kontakt https://www.shd-online.de/unternehmen
SHD System-Haus-Dresden GmbH;shd-online.de;belegt;passt;Impressum | SHD System-Haus-Dresden GmbH;HRB 329;Dresden;14;Scale;93;Hamburger Energienetze GmbH schreibt gerade Entsorgung Alt-Hardware aus. Dort habt ihr 06/2026 schon geliefert (https://ted.europa.eu/de/notice/439598-2026/pdf).;+4935142320;https://www.shd-online.de/impressum;;;;keines, keine personenbezogene Adresse gefunden;Geschaeftsfuehrung;Dr. Frank Karow;Gründer von SHD;https://www.shd-online.de/unternehmen;;;;;;;keine persoenliche Adresse auf der Seite;;https://www.shd-online.de/ https://www.shd-online.de/impressum https://www.shd-online.de/kontakt https://www.shd-online.de/unternehmen
alcera Kommunikationstechnik GmbH;alcera.de;belegt;nicht moeglich;;HRB 60994;Hannover;2;Starter;98;ÜSTRA Hannoversche Verkehrsbetriebe Aktiengesellschaft schreibt gerade ÜSTRA C-ITS OBU KOM aus. Frist 16.10.2026. Dort habt ihr 10/2024 schon geliefert (https://ted.europa.eu/de/notice/652602-2024/pdf).;+495114580660;https://alcera.de/impressum/;office@alcera.de;https://alcera.de/impressum/;;keines, keine personenbezogene Adresse gefunden;;;;;;;;;;;kein Kontakt gefunden;;https://alcera.de https://alcera.de/impressum/ https://alcera.de/kontact/ https://alcera.de/unternehmen/firmenprofil/
DELTA Computer Products GmbH;deltacomputer.de;belegt;passt;Impressum | DELTA Computer Products GmbH;HRB 3678;Reinbek;19;Scale;90;Fraunhofer-Gesellschaft - Einkauf B12 schreibt gerade Serversystem für KI Interferenz Workloads - PR1237100-3190-I aus. Frist 16.10.2026. Dort habt ihr 09/2025 schon geliefert (https://ted.europa.eu/de/notice/619107-2025/pdf).;+49403006720;https://www.deltacomputer.com/impressum;;;;keines, keine personenbezogene Adresse gefunden;;;;;;;;;;;kein Kontakt gefunden;;https://www.deltacomputer.com/ https://www.deltacomputer.com/impressum https://www.deltacomputer.com/kontakt-support.html https://www.deltacomputer.com/kontakt-support/faq.html
MEGWARE Computer Vertrieb und Service GmbH;megware.de;belegt;Name weicht ab;Vertrieb und Service GmbH;HRB 584;Chemnitz-Röhrsdorf;24;Scale;90;Universität Duisburg-Essen schreibt gerade Rahmenvertrag Server, Storage, Software aus. Frist 16.10.2026. Dort habt ihr 09/2026 schon geliefert (https://ted.europa.eu/de/notice/600829-2026/pdf).;;;;;;keines, keine personenbezogene Adresse gefunden;;;;;;;;;;;kein Kontakt gefunden;;https://www.megware.com/ https://www.megware.com/unternehmen/impressum/ https://www.megware.com/kontakt https://www.megware.com/kontakt/
SEITENBAU;seitenbau.de;belegt;passt;SEITENBAU GmbH;HRB 381528;Konstanz;13;Scale;90;Bundesrepublik Deutschland, vertreten durch... schreibt gerade GitLab Lizenzen und Paid Addons (restliche Bundesverwaltung) aus. Frist 15.10.2026. Dort habt ihr 02/2026 schon geliefert (https://ted.europa.eu/de/notice/92853-2026/pdf).;+4975313659800;https://www.seitenbau.com/impressum;info@seitenbau.com;https://www.seitenbau.com/impressum;;keines, keine personenbezogene Adresse gefunden;Geschaeftsfuehrung;Jan Bauer;Geschäftsführung (Impressum);https://www.seitenbau.com/impressum;;;;;;;keine persoenliche Adresse auf der Seite;;https://www.seitenbau.com/ https://www.seitenbau.com/impressum https://www.seitenbau.com/wer-wir-sind/ansprechpersonen https://www.seitenbau.com/team
SEITENBAU;seitenbau.de;belegt;passt;SEITENBAU GmbH;HRB 381528;Konstanz;13;Scale;90;Bundesrepublik Deutschland, vertreten durch... schreibt gerade GitLab Lizenzen und Paid Addons (restliche Bundesverwaltung) aus. Frist 15.10.2026. Dort habt ihr 02/2026 schon geliefert (https://ted.europa.eu/de/notice/92853-2026/pdf).;+4975313659800;https://www.seitenbau.com/impressum;info@seitenbau.com;https://www.seitenbau.com/impressum;;keines, keine personenbezogene Adresse gefunden;Geschaeftsfuehrung;Stefan Eichenhofer;Geschäftsführung (Impressum);https://www.seitenbau.com/impressum;;;;;;;keine persoenliche Adresse auf der Seite;;https://www.seitenbau.com/ https://www.seitenbau.com/impressum https://www.seitenbau.com/wer-wir-sind/ansprechpersonen https://www.seitenbau.com/team
SEITENBAU;seitenbau.de;belegt;passt;SEITENBAU GmbH;HRB 381528;Konstanz;13;Scale;90;Bundesrepublik Deutschland, vertreten durch... schreibt gerade GitLab Lizenzen und Paid Addons (restliche Bundesverwaltung) aus. Frist 15.10.2026. Dort habt ihr 02/2026 schon geliefert (https://ted.europa.eu/de/notice/92853-2026/pdf).;+4975313659800;https://www.seitenbau.com/impressum;info@seitenbau.com;https://www.seitenbau.com/impressum;;keines, keine personenbezogene Adresse gefunden;Geschaeftsfuehrung;Florian Leinberger;Geschäftsführung (Impressum);https://www.seitenbau.com/impressum;;;;;;;keine persoenliche Adresse auf der Seite;;https://www.seitenbau.com/ https://www.seitenbau.com/impressum https://www.seitenbau.com/wer-wir-sind/ansprechpersonen https://www.seitenbau.com/team
ITMediaConsult AG;itmediaconsult.de;belegt;passt;Impressum - ITMediaConsult AG;HRB 4344;Züsch;30;Scale;90;IKK classic schreibt gerade Übersetzungssoftware (01/U/2026) aus. Frist 09.10.2026. Dort habt ihr 12/2025 schon geliefert (https://ted.europa.eu/de/notice/808527-2025/pdf).;+496503981950;https://itmediaconsult.de/impressum;vertrieb@itmediaconsult.de;https://itmediaconsult.de/impressum;vorname.nachname;belegt, Adresse passt zu einer namentlich gefundenen Person;Vertriebsleitung;Peter Adolf;Key Account Manager;https://itmediaconsult.de/team;;;+49650398195301;Durchwahl;https://itmediaconsult.de/team;peter.adolf@itmediaconsult.de;wortwoertlich auf der Seite gefunden;https://itmediaconsult.de/team;https://itmediaconsult.de https://itmediaconsult.de/impressum https://itmediaconsult.de/kontakt https://itmediaconsult.de/ueber-uns
ITMediaConsult AG;itmediaconsult.de;belegt;passt;Impressum - ITMediaConsult AG;HRB 4344;Züsch;30;Scale;90;IKK classic schreibt gerade Übersetzungssoftware (01/U/2026) aus. Frist 09.10.2026. Dort habt ihr 12/2025 schon geliefert (https://ted.europa.eu/de/notice/808527-2025/pdf).;+496503981950;https://itmediaconsult.de/impressum;vertrieb@itmediaconsult.de;https://itmediaconsult.de/impressum;vorname.nachname;belegt, Adresse passt zu einer namentlich gefundenen Person;Vertriebsleitung;Boris Sobeck;Vertriebsleitung International POS;https://itmediaconsult.de/team;;;+4917651574416;Mobil;https://itmediaconsult.de/team;boris.sobeck@itmediaconsult.de;wortwoertlich auf der Seite gefunden;https://itmediaconsult.de/team;https://itmediaconsult.de https://itmediaconsult.de/impressum https://itmediaconsult.de/kontakt https://itmediaconsult.de/ueber-uns
ITMediaConsult AG;itmediaconsult.de;belegt;passt;Impressum - ITMediaConsult AG;HRB 4344;Züsch;30;Scale;90;IKK classic schreibt gerade Übersetzungssoftware (01/U/2026) aus. Frist 09.10.2026. Dort habt ihr 12/2025 schon geliefert (https://ted.europa.eu/de/notice/808527-2025/pdf).;+496503981950;https://itmediaconsult.de/impressum;vertrieb@itmediaconsult.de;https://itmediaconsult.de/impressum;vorname.nachname;belegt, Adresse passt zu einer namentlich gefundenen Person;Geschaeftsfuehrung;Frank Francus;Vorstand und Gründer;https://itmediaconsult.de/team;;;+49650398195101;Durchwahl;https://itmediaconsult.de/team;frank.francus@itmediaconsult.de;wortwoertlich auf der Seite gefunden;https://itmediaconsult.de/team;https://itmediaconsult.de https://itmediaconsult.de/impressum https://itmediaconsult.de/kontakt https://itmediaconsult.de/ueber-uns
itiso GmbH;itiso.de;belegt;nicht moeglich;;HRB 96090;Hamburg;11;Scale;90;Landkreis Hildesheim schreibt gerade Notebooks und Zubehör aus. Frist 12.10.2026. Dort habt ihr 06/2024 schon geliefert (https://ted.europa.eu/de/notice/365793-2024/pdf).;+494053299410;https://www.itiso.de/about/;;;;keines, keine personenbezogene Adresse gefunden;Geschaeftsfuehrung;Ronald Martens;Geschäftsführer (Impressum);https://www.itiso.de/about/;;;;;;;keine persoenliche Adresse auf der Seite;;https://www.itiso.de/ https://www.itiso.de/about/ https://www.itiso.de/kontakt/
itiso GmbH;itiso.de;belegt;nicht moeglich;;HRB 96090;Hamburg;11;Scale;90;Landkreis Hildesheim schreibt gerade Notebooks und Zubehör aus. Frist 12.10.2026. Dort habt ihr 06/2024 schon geliefert (https://ted.europa.eu/de/notice/365793-2024/pdf).;+494053299410;https://www.itiso.de/about/;;;;keines, keine personenbezogene Adresse gefunden;Geschaeftsfuehrung;Mukesh Unadcath;Geschäftsführer (Impressum);https://www.itiso.de/about/;;;;;;;keine persoenliche Adresse auf der Seite;;https://www.itiso.de/ https://www.itiso.de/about/ https://www.itiso.de/kontakt/
MR Datentechnik Vertriebs- und Service GmbH;mr-daten.de;belegt;nicht moeglich;;;Nürnberg;25;Scale;93;Technische Universität Ilmenau, Dezernat Finanzen, Zentrale... schreibt gerade Standard VM-Ware ESX Server inkl. 5 Jahre Wartung aus. Frist 10.11.2026. Dort habt ihr 09/2026 schon geliefert (https://ted.europa.eu/de/notice/664907-2026/pdf).;;;;;;keines, keine personenbezogene Adresse gefunden;;;;;;;;;;;kein Kontakt gefunden;;https://mr-daten.de https://mr-daten.de/impressum/ https://mr-daten.de/kontakt/ https://mr-daten.de/kontakt/
Zehnbauer-IT GmbH;zehnbauer-it.de;belegt;passt;Zehnbauer IT GmbH;;Mannheim;14;Scale;90;Handwerkskammer Niederbayern-Oberpfalz schreibt gerade Notebook mit Monitor aus. Frist 19.10.2026. Dort habt ihr 06/2025 schon geliefert (https://ted.europa.eu/de/notice/415714-2025/pdf).;+4962171868790;https://www.zehnbauer-it.de/impressum/;;;;keines, keine personenbezogene Adresse gefunden;Geschaeftsfuehrung;Karl-Heinz Zehnbauer;Geschäftsführer (Impressum);https://www.zehnbauer-it.de/impressum/;;;;;;;keine persoenliche Adresse auf der Seite;;https://www.zehnbauer-it.de/ https://www.zehnbauer-it.de/impressum/ https://www.zehnbauer-it.de/kontakt/
enthus GmbH;enthus.de;belegt;nicht moeglich;;HRB 243356;Böblingen;11;Scale;90;Handwerkskammer Niederbayern-Oberpfalz schreibt gerade Notebook mit Monitor aus. Frist 19.10.2026. Dort habt ihr 08/2026 schon geliefert (https://ted.europa.eu/de/notice/564411-2026/pdf).;+498001199151;https://enthus.de/impressum;info@enthus.de;https://enthus.de/impressum;;keines, keine personenbezogene Adresse gefunden;Geschaeftsfuehrung;Wolfgang Hahl;Geschäftsführer (Impressum);https://enthus.de/impressum;;;;;;;keine persoenliche Adresse auf der Seite;;https://enthus.de https://enthus.de/impressum https://enthus.de/kontakt-standorte https://enthus.de/it-solutions/projektmanagement
Kupper IT GmbH;kupper-it.de;belegt;passt;KUPPER IT GmbH;HRB 19970;Leipzig;10;Scale;90;Landkreis Görlitz schreibt gerade Los 1 - Landkreis Nordsachsen - Tablets inkl. Zubehör aus. Frist 19.10.2026. Gemeinsame Beschaffung von 3 Stellen. Dort habt ihr 09/2025 schon geliefert (https://ted.europa.eu/de/notice/589269-2025/pdf).;+49341305360;https://www.kupper-it.com/impressum;info@kupper-it.com;https://www.kupper-it.com/impressum;;keines, keine personenbezogene Adresse gefunden;Geschaeftsfuehrung;Andreas Kupper;Geschäftsführer (Impressum);https://www.kupper-it.com/impressum;;;;;;;keine persoenliche Adresse auf der Seite;;https://www.kupper-it.com/ https://www.kupper-it.com/impressum https://www.kupper-it.com/unternehmen/standorte https://www.kupper-it.com/unternehmen/standorte
mentIQ GmbH;mentiq.de;belegt;nicht moeglich;;;Dornach;7;Team;90;ProVitako Marketing- und Dienstleistungsgesellschaft... schreibt gerade Basis-Virtualisierung aus. Frist 12.10.2026. Dort habt ihr 06/2026 schon geliefert (https://ted.europa.eu/de/notice/424157-2026/pdf).;+4989954157220;https://www.mentiq.com/impressum;info@mentiq.com;https://www.mentiq.com/impressum;;keines, keine personenbezogene Adresse gefunden;Geschaeftsfuehrung;Günter Maier;Geschäftsführer (Impressum);https://www.mentiq.com/impressum;;;;;;;keine persoenliche Adresse auf der Seite;;https://www.mentiq.com/ https://www.mentiq.com/impressum https://www.mentiq.com/kontakt
mentIQ GmbH;mentiq.de;belegt;nicht moeglich;;;Dornach;7;Team;90;ProVitako Marketing- und Dienstleistungsgesellschaft... schreibt gerade Basis-Virtualisierung aus. Frist 12.10.2026. Dort habt ihr 06/2026 schon geliefert (https://ted.europa.eu/de/notice/424157-2026/pdf).;+4989954157220;https://www.mentiq.com/impressum;info@mentiq.com;https://www.mentiq.com/impressum;;keines, keine personenbezogene Adresse gefunden;Geschaeftsfuehrung;Stefan Hörhammer;Geschäftsführer (Impressum);https://www.mentiq.com/impressum;;;;;;;keine persoenliche Adresse auf der Seite;;https://www.mentiq.com/ https://www.mentiq.com/impressum https://www.mentiq.com/kontakt
SanData EDV-Systemhaus GmbH;sandata.de;belegt;nicht moeglich;;;Nürnberg;11;Scale;90;BG-Phoenics GmbH schreibt gerade Rahmenvertrag Kauf von Notebooks und Portreplikatoren aus. Frist 19.10.2026. Dort habt ihr 03/2026 schon geliefert (https://ted.europa.eu/de/notice/197588-2026/pdf).;+4991195230;https://www.sandata.net/main.asp?VID=1&lng=1&kat1=94&kat2=666;info@sandata.de;https://www.sandata.net/main.asp?VID=1&lng=1&kat1=94&kat2=666;;keines, keine personenbezogene Adresse gefunden;;;;;;;;;;;kein Kontakt gefunden;;https://www.sandata.net/main.asp?VID=1&lng=1&kat1=94&kat2=666 https://www.sandata.net/main.asp?VID=1&lng=1&kat1=94&kat2=666 https://www.sandata.net/main.asp?VID=1&lng=1&kat1=94&kat2=666 https://www.sandata.net/main.asp?VID=1&lng=1&kat1=94&kat2=666
eurofunk Kappacher GmbH Deutschland;eurofunk.de;belegt;nicht moeglich;;;Ainring;11;Scale;90;"Stadt Nürnberg - Zentrale Dienste schreibt gerade Dienstleistung ""M365 - Solution Architect /... aus. Frist 19.10.2026. Dort habt ihr 12/2025 schon geliefert (https://ted.europa.eu/de/notice/841861-2025/pdf).";+49723177820;https://www.eurofunk.com/imprint/;office@eurofunk.com;https://www.eurofunk.com/imprint/;;keines, keine personenbezogene Adresse gefunden;Geschaeftsfuehrung;Markus Schafflinger;Managing Director;https://www.eurofunk.com/company/;;;;;;;keine persoenliche Adresse auf der Seite;;https://www.eurofunk.com/ https://www.eurofunk.com/imprint/ https://www.eurofunk.com/contact/ https://www.eurofunk.com/company/
eurofunk Kappacher GmbH Deutschland;eurofunk.de;belegt;nicht moeglich;;;Ainring;11;Scale;90;"Stadt Nürnberg - Zentrale Dienste schreibt gerade Dienstleistung ""M365 - Solution Architect /... aus. Frist 19.10.2026. Dort habt ihr 12/2025 schon geliefert (https://ted.europa.eu/de/notice/841861-2025/pdf).";+49723177820;https://www.eurofunk.com/imprint/;office@eurofunk.com;https://www.eurofunk.com/imprint/;;keines, keine personenbezogene Adresse gefunden;Geschaeftsfuehrung;Jürgen Kappacher;Managing Director;https://www.eurofunk.com/company/;;;;;;;keine persoenliche Adresse auf der Seite;;https://www.eurofunk.com/ https://www.eurofunk.com/imprint/ https://www.eurofunk.com/contact/ https://www.eurofunk.com/company/
Rittal GmbH & Co. KG;rittal.de;belegt;passt;RITTAL GmbH & Co. KG;HRA 6126;Herborn;6;Team;90;Technische Universität Ilmenau, Dezernat Finanzen, Zentrale... schreibt gerade HPC Hardware-Komponenten aus. Frist 22.10.2026. Dort habt ihr 12/2024 schon geliefert (https://ted.europa.eu/de/notice/767278-2024/pdf).;+4927725050;https://www.rittal.com/de-de/Rechtliches/Impressum;info@rittal.de;https://www.rittal.com/de-de/Rechtliches/Impressum;vorname.nachname;abgeleitet aus der Form anderer Adressen auf der Domain;;;;;;;;;;;kein Kontakt gefunden;;https://www.rittal.com/de-de/ https://www.rittal.com/de-de/Rechtliches/Impressum https://www.rittal.com/de-de/Unternehmen/Kontakt https://www.rittal.com/de-de/Unternehmen/Presse/Pressemeldungen/Neue-Azubis-und-Studierende
thinkRED GmbH;thinkred.de;belegt;nicht moeglich;;HRB 53348;Mainz;9;Scale;90;ekom21 - Kommunales Gebietsrechenzentrum Hessen schreibt gerade Datenschutzmanagementsystem aus. Frist 06.10.2026. Dort habt ihr 12/2025 schon geliefert (https://ted.europa.eu/de/notice/835318-2025/pdf).;+4961314886869;https://thinkred.de/impressum/;info@thinkred.de;https://thinkred.de/impressum/;;keines, keine personenbezogene Adresse gefunden;Geschaeftsfuehrung;Sebastian Weitzel;Vertreten durch (Impressum);https://thinkred.de/impressum/;;;;;;;keine persoenliche Adresse auf der Seite;;https://thinkred.de https://thinkred.de/impressum/ https://thinkred.de/kontakt/ https://thinkred.de/ueber-uns/
INFODAS GmbH;infodas.de;belegt;passt;INFODAS Gesellschaft für Systementwicklung und Informationsverarbeitung mbH;HRB 6484;Köln;8;Team;90;Bundesrepublik Deutschland, vertreten durch... schreibt gerade GitLab Lizenzen und Paid Addons (restliche Bundesverwaltung) aus. Frist 15.10.2026. Dort habt ihr 09/2026 schon geliefert (https://ted.europa.eu/de/notice/638250-2026/pdf).;+49221709120;https://www.infodas.com/de/impressum/;mark...@....de;https://www.infodas.com/de/impressum/;;keines, keine personenbezogene Adresse gefunden;Geschaeftsfuehrung;Thorsten Ecke;Geschäftsführer (Impressum);https://www.infodas.com/de/impressum/;;;;;;;keine persoenliche Adresse auf der Seite;;https://www.infodas.com/de/ https://www.infodas.com/de/impressum/ https://www.infodas.com/de/kontakt/ https://www.infodas.com/de/kontakt/
INFODAS GmbH;infodas.de;belegt;passt;INFODAS Gesellschaft für Systementwicklung und Informationsverarbeitung mbH;HRB 6484;Köln;8;Team;90;Bundesrepublik Deutschland, vertreten durch... schreibt gerade GitLab Lizenzen und Paid Addons (restliche Bundesverwaltung) aus. Frist 15.10.2026. Dort habt ihr 09/2026 schon geliefert (https://ted.europa.eu/de/notice/638250-2026/pdf).;+49221709120;https://www.infodas.com/de/impressum/;mark...@....de;https://www.infodas.com/de/impressum/;;keines, keine personenbezogene Adresse gefunden;Geschaeftsfuehrung;Lutz Franken;Geschäftsführer (Impressum);https://www.infodas.com/de/impressum/;;;;;;;keine persoenliche Adresse auf der Seite;;https://www.infodas.com/de/ https://www.infodas.com/de/impressum/ https://www.infodas.com/de/kontakt/ https://www.infodas.com/de/kontakt/
INFODAS GmbH;infodas.de;belegt;passt;INFODAS Gesellschaft für Systementwicklung und Informationsverarbeitung mbH;HRB 6484;Köln;8;Team;90;Bundesrepublik Deutschland, vertreten durch... schreibt gerade GitLab Lizenzen und Paid Addons (restliche Bundesverwaltung) aus. Frist 15.10.2026. Dort habt ihr 09/2026 schon geliefert (https://ted.europa.eu/de/notice/638250-2026/pdf).;+49221709120;https://www.infodas.com/de/impressum/;mark...@....de;https://www.infodas.com/de/impressum/;;keines, keine personenbezogene Adresse gefunden;Geschaeftsfuehrung;Carsten Schulz;Geschäftsführer (Impressum);https://www.infodas.com/de/impressum/;;;;;;;keine persoenliche Adresse auf der Seite;;https://www.infodas.com/de/ https://www.infodas.com/de/impressum/ https://www.infodas.com/de/kontakt/ https://www.infodas.com/de/kontakt/
Conscia Deutschland GmbH;conscia.de;belegt;passt;Impressum - Conscia Deutschland GmbH;HRB 362496;Ettlingen;5;Team;90;Saarland-Heilstätten GmbH schreibt gerade VMware Subscriptions aus. Frist 07.10.2026. Dort habt ihr 02/2025 schon geliefert (https://ted.europa.eu/de/notice/84049-2025/pdf).;+49724350544;https://conscia.com/de/impressum/;;;;keines, keine personenbezogene Adresse gefunden;Geschaeftsfuehrung;Sven Heinsen;Geschäftsführer (Impressum);https://conscia.com/de/impressum/;;;;;;;keine persoenliche Adresse auf der Seite;;https://conscia.com/de/ https://conscia.com/de/impressum/ https://conscia.com/de/kontakt/ https://conscia.com/de/uber-uns/geschaftsfuhrung/
IT-Haus GmbH;ithaus.de;belegt;passt;IT-HAUS GmbH;HRB 3983;Föhren;9;Scale;90;"Stadt Nürnberg - Zentrale Dienste schreibt gerade Dienstleistung ""M365 - Solution Architect /... aus. Frist 19.10.2026. Dort habt ihr 03/2024 schon geliefert (https://ted.europa.eu/de/notice/168625-2024/pdf).";+49650292080;https://www.it-haus.com/impressum/;info@it-haus.com;https://www.it-haus.com/impressum/;;keines, keine personenbezogene Adresse gefunden;Geschaeftsfuehrung;Stefan Sicken;Geschäftsführung (Impressum);https://www.it-haus.com/impressum/;;;;;;;keine persoenliche Adresse auf der Seite;;https://www.it-haus.com/ https://www.it-haus.com/impressum/ https://www.it-haus.com/kontakt/ https://www.it-haus.com/kontakt/
avodaq AG;avodaq.com;belegt;passt;Impressum | avodaq AG;;München;5;Team;90;Dataport AöR schreibt gerade Rahmenvertrag Standardsoftware aus. Frist 20.10.2026. Dort habt ihr 05/2026 schon geliefert (https://ted.europa.eu/de/notice/367582-2026/pdf).;+49404132670;https://www.avodaq.com/de/impressum/;contact@avodaq.com;https://www.avodaq.com/de/impressum/;;keines, keine personenbezogene Adresse gefunden;Geschaeftsfuehrung;Andreas Kusch;Vorstandsvorsitzender (Impressum);https://www.avodaq.com/de/impressum/;;;;;;;keine persoenliche Adresse auf der Seite;;https://www.avodaq.com/de/ https://www.avodaq.com/de/impressum/ https://www.avodaq.com/de/kontakt/ https://www.avodaq.com/de/karriere/kontakt-recruiting/
rola Security Solutions GmbH;rola.de;belegt;passt;Impressum | rola Security Solutions GmbH;HRB 61753;Oberhausen;5;Team;90;Bundesrepublik Deutschland, vertreten durch... schreibt gerade Nachhaltige Notebooks (produktneutral) der Kategorie... aus. Frist 20.10.2026. Dort habt ihr 01/2025 schon geliefert (https://ted.europa.eu/de/notice/29628-2025/pdf).;+492083066160;https://www.rola.com/de/impressum;feedback@rola.com;https://www.rola.com/de/impressum;;keines, keine personenbezogene Adresse gefunden;Geschaeftsfuehrung;Matthias Vianden;Geschäftsführung (Impressum);https://www.rola.com/de/impressum;;;;;;;keine persoenliche Adresse auf der Seite;;https://www.rola.com/de https://www.rola.com/de/impressum https://www.rola.com/de/kontakt https://www.rola.com/de/unternehmen
druckerfachmann.de GmbH;druckerfachmann.de;belegt;Name weicht ab;ALSO MPS GmbH;HRB 257450;Berlin;8;Team;90;Bundesrepublik Deutschland, vertreten durch... schreibt gerade GitLab Lizenzen und Paid Addons (restliche Bundesverwaltung) aus. Frist 15.10.2026. Dort habt ihr 06/2026 schon geliefert (https://ted.europa.eu/de/notice/424495-2026/pdf).;;;;;vorname.nachname;abgeleitet aus der Form anderer Adressen auf der Domain;;;;;;;;;;;kein Kontakt gefunden;;https://www.druckerfachmann.de/ https://www.druckerfachmann.de/impressum/ https://www.druckerfachmann.de/ihre-ansprechpartner/ https://www.druckerfachmann.de/kontakt/
HiScout GmbH;hiscout.com;belegt;passt;HiScout GmbH;HRB 119470;Berlin;5;Team;90;Zentrale Vergabestelle im Bayerischen Landesamt für Steuern schreibt gerade KI-Server 2026 aus. Frist 16.10.2026. Dort habt ihr 08/2024 schon geliefert (https://ted.europa.eu/de/notice/500119-2024/pdf).;+493033008880;https://www.hiscout.com/impressum/;info@hiscout.com;https://www.hiscout.com/impressum/;;keines, keine personenbezogene Adresse gefunden;Geschaeftsfuehrung;Tom Lienhart;Vertreten durch (Impressum);https://www.hiscout.com/impressum/;;;;;;;keine persoenliche Adresse auf der Seite;;https://www.hiscout.com/ https://www.hiscout.com/impressum/ https://www.hiscout.com/kontakt/ https://www.hiscout.com/module/auditmanagement/
netzwert GmbH;netzwert.it;belegt;nicht moeglich;;;Leipzig;4;Team;90;Burgenlandkreis schreibt gerade Bildungscampus Naumburg, Schönburger Straße, 06618... aus. Frist 06.10.2026. Dort habt ihr 04/2024 schon geliefert (https://ted.europa.eu/de/notice/195985-2024/pdf).;+4934124682100;https://www.netzwert.it/impressum/;info@netzwert.it;https://www.netzwert.it/impressum/;;keines, keine personenbezogene Adresse gefunden;Geschaeftsfuehrung;Matthias Kubus;Geschäftsführer (Impressum);https://www.netzwert.it/impressum/;;;;;;;keine persoenliche Adresse auf der Seite;;https://www.netzwert.it/ https://www.netzwert.it/impressum/
Ostertag DeTeWe GmbH;ostertagdetewe.de;belegt;passt;Ostertag DeTeWe GmbH;HRB 111827;Berlin;4;Team;90;Team Vergabe Lieferungen/Dienstleistungen schreibt gerade Fortführung zentraler Lernort für digitale Bildung... aus. Frist 06.10.2026. Dort habt ihr 06/2026 schon geliefert (https://ted.europa.eu/de/notice/433564-2026/pdf).;+49211959800;https://www.ostertagdetewe.de/impressum;info@ostertagdetewe.de;https://www.ostertagdetewe.de/impressum;;keines, keine personenbezogene Adresse gefunden;Vertriebsleitung;Daniel Bravo;Sales Director;https://www.ostertagdetewe.de/kontakt;;;;;;;keine persoenliche Adresse auf der Seite;;https://www.ostertagdetewe.de/ https://www.ostertagdetewe.de/impressum https://www.ostertagdetewe.de/leistungen/contact-center https://www.ostertagdetewe.de/kontakt
Ostertag DeTeWe GmbH;ostertagdetewe.de;belegt;passt;Ostertag DeTeWe GmbH;HRB 111827;Berlin;4;Team;90;Team Vergabe Lieferungen/Dienstleistungen schreibt gerade Fortführung zentraler Lernort für digitale Bildung... aus. Frist 06.10.2026. Dort habt ihr 06/2026 schon geliefert (https://ted.europa.eu/de/notice/433564-2026/pdf).;+49211959800;https://www.ostertagdetewe.de/impressum;info@ostertagdetewe.de;https://www.ostertagdetewe.de/impressum;;keines, keine personenbezogene Adresse gefunden;Vertriebsleitung;Manuel Ferre Hernandez;v.l.n.r. Daniel Bravo (Sales Director);https://www.ostertagdetewe.de/kontakt;;;;;;;keine persoenliche Adresse auf der Seite;;https://www.ostertagdetewe.de/ https://www.ostertagdetewe.de/impressum https://www.ostertagdetewe.de/leistungen/contact-center https://www.ostertagdetewe.de/kontakt
Ostertag DeTeWe GmbH;ostertagdetewe.de;belegt;passt;Ostertag DeTeWe GmbH;HRB 111827;Berlin;4;Team;90;Team Vergabe Lieferungen/Dienstleistungen schreibt gerade Fortführung zentraler Lernort für digitale Bildung... aus. Frist 06.10.2026. Dort habt ihr 06/2026 schon geliefert (https://ted.europa.eu/de/notice/433564-2026/pdf).;+49211959800;https://www.ostertagdetewe.de/impressum;info@ostertagdetewe.de;https://www.ostertagdetewe.de/impressum;;keines, keine personenbezogene Adresse gefunden;Vertriebsleitung;Thomas Frech;v.l.n.r. Daniel Bravo (Sales Director);https://www.ostertagdetewe.de/kontakt;;;;;;;keine persoenliche Adresse auf der Seite;;https://www.ostertagdetewe.de/ https://www.ostertagdetewe.de/impressum https://www.ostertagdetewe.de/leistungen/contact-center https://www.ostertagdetewe.de/kontakt
Serverhero GmbH;serverhero.de;belegt;passt;Serverhero GmbH;HRB 92017;Köln;4;Team;90;Handwerkskammer Braunschweig-Lüneburg-Stade schreibt gerade VgV, TZH Lüneburg, Digitalisierung BAFA, Block 1, LV 7 aus. Frist 06.10.2026. Dort habt ihr 02/2024 schon geliefert (https://ted.europa.eu/de/notice/67522-2024/pdf).;+4922342196750;https://serverhero.de/Impressum;it-beratung@serverhero.de;https://serverhero.de/Impressum;;keines, keine personenbezogene Adresse gefunden;Geschaeftsfuehrung;Jakob Tandek;Vertreten durch (Impressum);https://serverhero.de/Impressum;;;;;;;keine persoenliche Adresse auf der Seite;;https://serverhero.de https://serverhero.de/Impressum https://serverhero.de/Unternehmen/Kontaktdaten https://serverhero.de/lancom-management-cloud
KISTERS AG;kisters.de;belegt;passt;KISTERS AG;;Aachen;4;Team;90;Land Hessen, vertreten durch die Hessische Zentrale... schreibt gerade Secure-Web-Gateway-Systeme aus. Frist 05.10.2026. Dort habt ihr 11/2025 schon geliefert (https://ted.europa.eu/de/notice/741289-2025/pdf).;+49240893850;https://www.kisters.eu/de/impressum/;info@kisters.de;https://www.kisters.eu/de/impressum/;vorname.nachname;abgeleitet aus der Form anderer Adressen auf der Domain;Geschaeftsfuehrung;Klaus Kisters;Vertreten durch (Impressum);https://www.kisters.eu/de/impressum/;;;;;;;keine persoenliche Adresse auf der Seite;;https://www.kisters.eu/de/ https://www.kisters.eu/de/impressum/ https://www.kisters.eu/de/kontakt/ https://www.kisters.eu/de/product/wiski/
NAVUM GmbH;navum.de;belegt;passt;NAVUM GmbH;HRB 173223;Wörthsee;4;Team;90;Deutsches Zentrum für Luft- und Raumfahrt e.V. (DLR) schreibt gerade Rahmenvereinbarung Proxmox aus. Frist 19.10.2026. Gemeinsame Beschaffung von 13 Stellen. Dort habt ihr 05/2024 schon geliefert (https://ted.europa.eu/de/notice/261659-2024/pdf).;+498153984090;https://www.navum.de/impressum/;info@navum.de;https://www.navum.de/impressum/;;keines, keine personenbezogene Adresse gefunden;Geschaeftsfuehrung;Andreas Kopfmiller;Geschäftsführer (Impressum);https://www.navum.de/impressum/;https://de.linkedin.com/in/andreas-kopfmiller-48b74bb0;Websuche, Profil nennt die Firma;;;;;keine persoenliche Adresse auf der Seite;;https://www.navum.de/ https://www.navum.de/impressum/ https://www.navum.de/kontakt/
Phywe Systeme GmbH & Co. KG;phywe.de;belegt;passt;PHYWE Systeme GmbH & Co. KG;HRA 3798;Göttingen;4;Team;90;Landesinstitut für Schulqualität und Lehrerbildung Sachsen... schreibt gerade Position 1 aus. Frist 09.10.2026. Dort habt ihr 03/2025 schon geliefert (https://ted.europa.eu/de/notice/178455-2025/pdf).;+495516040;https://www.phywe.de/impressum/;info@phywe.de;https://www.phywe.de/impressum/;;keines, keine personenbezogene Adresse gefunden;Geschaeftsfuehrung;René Berson;Geschäftsführer (Impressum);https://www.phywe.de/impressum/;;;;;;;keine persoenliche Adresse auf der Seite;;https://www.phywe.de/ https://www.phywe.de/impressum/ https://www.phywe.de/kontakt/ https://www.phywe.de/sensoren-software/lehrmittel-management/
Phywe Systeme GmbH & Co. KG;phywe.de;belegt;passt;PHYWE Systeme GmbH & Co. KG;HRA 3798;Göttingen;4;Team;90;Landesinstitut für Schulqualität und Lehrerbildung Sachsen... schreibt gerade Position 1 aus. Frist 09.10.2026. Dort habt ihr 03/2025 schon geliefert (https://ted.europa.eu/de/notice/178455-2025/pdf).;+495516040;https://www.phywe.de/impressum/;info@phywe.de;https://www.phywe.de/impressum/;;keines, keine personenbezogene Adresse gefunden;Geschaeftsfuehrung;Eckhard Michael Geulen;Geschäftsführer (Impressum);https://www.phywe.de/impressum/;;;;;;;keine persoenliche Adresse auf der Seite;;https://www.phywe.de/ https://www.phywe.de/impressum/ https://www.phywe.de/kontakt/ https://www.phywe.de/sensoren-software/lehrmittel-management/
Sinus Nachrichtentechnik GmbH;sinus-nt.de;belegt;nicht moeglich;;;Barsbüttel;4;Team;90;Landkreis Goslar schreibt gerade Los 1: Oberschule (OBS) Vienenburg (2026-72-01) aus. Frist 20.10.2026. Dort habt ihr 05/2025 schon geliefert (https://ted.europa.eu/de/notice/313849-2025/pdf).;;;;;;keines, keine personenbezogene Adresse gefunden;;;;;;;;;;;kein Kontakt gefunden;;https://www.sinus-nt.de/
itWatch GmbH;itwatch.de;belegt;nicht moeglich;;HRB 142570;München;4;Team;90;Freistaat Thüringen vertreten durch das Thüringer Landesamt... schreibt gerade TLF-IT-26-011 aus. Frist 13.10.2026. Dort habt ihr 11/2024 schon geliefert (https://ted.europa.eu/de/notice/681430-2024/pdf).;+496202110;https://itwatch.de/Impressum;info@itwatch.de;https://itwatch.de/Impressum;;keines, keine personenbezogene Adresse gefunden;Geschaeftsfuehrung;Andreas Koke;Geschäftsführer (Impressum);https://itwatch.de/Impressum;;;;;;;keine persoenliche Adresse auf der Seite;;https://itwatch.de https://itwatch.de/Impressum https://itwatch.de/Kontakt2 https://itwatch.de/News/Digitale-Souveraenitaet-und-die-Einschaetzung-der-Sicherheit-von-Lieferketten.-Eine-Managementdisziplin
itWatch GmbH;itwatch.de;belegt;nicht moeglich;;HRB 142570;München;4;Team;90;Freistaat Thüringen vertreten durch das Thüringer Landesamt... schreibt gerade TLF-IT-26-011 aus. Frist 13.10.2026. Dort habt ihr 11/2024 schon geliefert (https://ted.europa.eu/de/notice/681430-2024/pdf).;+496202110;https://itwatch.de/Impressum;info@itwatch.de;https://itwatch.de/Impressum;;keines, keine personenbezogene Adresse gefunden;Geschaeftsfuehrung;Ramon Mörl;Geschäftsführer (Impressum);https://itwatch.de/Impressum;;;;;;;keine persoenliche Adresse auf der Seite;;https://itwatch.de https://itwatch.de/Impressum https://itwatch.de/Kontakt2 https://itwatch.de/News/Digitale-Souveraenitaet-und-die-Einschaetzung-der-Sicherheit-von-Lieferketten.-Eine-Managementdisziplin
Medientechnik Thomas GmbH;medientechnik-thomas.de;belegt;passt;Medientechnik Thomas GmbH;HRB 5560;Siegen;3;Team;90;Technische Universität Dortmund schreibt gerade Lizenzwartung IBM Cognos Business Intelligence... aus. Frist 21.10.2026. Dort habt ihr 07/2025 schon geliefert (https://ted.europa.eu/de/notice/488904-2025/pdf).;+492713846340;https://mt-thomas.de/impressum/;;;;keines, keine personenbezogene Adresse gefunden;Champion;Christian Kunick;Innendienstleitung;https://mt-thomas.de/ueber-uns/team/;https://de.linkedin.com/in/christian-kunick-88a462231;Websuche, Profil nennt die Firma;;;;;keine persoenliche Adresse auf der Seite;;https://mt-thomas.de/ https://mt-thomas.de/impressum/ https://mt-thomas.de/kontakt/ https://mt-thomas.de/ueber-uns/
Medientechnik Thomas GmbH;medientechnik-thomas.de;belegt;passt;Medientechnik Thomas GmbH;HRB 5560;Siegen;3;Team;90;Technische Universität Dortmund schreibt gerade Lizenzwartung IBM Cognos Business Intelligence... aus. Frist 21.10.2026. Dort habt ihr 07/2025 schon geliefert (https://ted.europa.eu/de/notice/488904-2025/pdf).;+492713846340;https://mt-thomas.de/impressum/;;;;keines, keine personenbezogene Adresse gefunden;Geschaeftsfuehrung;Uwe Thomas;Geschäftsführer (Impressum);https://mt-thomas.de/impressum/;;;;;;;keine persoenliche Adresse auf der Seite;;https://mt-thomas.de/ https://mt-thomas.de/impressum/ https://mt-thomas.de/kontakt/ https://mt-thomas.de/ueber-uns/
Medientechnik Thomas GmbH;medientechnik-thomas.de;belegt;passt;Medientechnik Thomas GmbH;HRB 5560;Siegen;3;Team;90;Technische Universität Dortmund schreibt gerade Lizenzwartung IBM Cognos Business Intelligence... aus. Frist 21.10.2026. Dort habt ihr 07/2025 schon geliefert (https://ted.europa.eu/de/notice/488904-2025/pdf).;+492713846340;https://mt-thomas.de/impressum/;;;;keines, keine personenbezogene Adresse gefunden;Geschaeftsfuehrung;Florian Leipold;Geschäftsführer (Impressum);https://mt-thomas.de/impressum/;;;;;;;keine persoenliche Adresse auf der Seite;;https://mt-thomas.de/ https://mt-thomas.de/impressum/ https://mt-thomas.de/kontakt/ https://mt-thomas.de/ueber-uns/
NetDescribe GmbH;netdescribe.de;belegt;passt;NetDescribe GmbH;HRB 164473;München;4;Team;90;Zentrale Vergabestelle im Bayerischen Landesamt für Steuern schreibt gerade KI-Server 2026 aus. Frist 16.10.2026. Dort habt ihr 10/2024 schon geliefert (https://ted.europa.eu/de/notice/664440-2024/pdf).;+498921548680;https://netdescribe.com/impressum/;info@netdescribe.com;https://netdescribe.com/impressum/;;keines, keine personenbezogene Adresse gefunden;Geschaeftsfuehrung;Elmar Prem;Geschäftsführer (Impressum);https://netdescribe.com/impressum/;https://de.linkedin.com/in/elmar-prem-62b39854;Websuche, Profil nennt die Firma;;;;;keine persoenliche Adresse auf der Seite;;https://netdescribe.com/ https://netdescribe.com/impressum/ https://netdescribe.com/kontakt/ https://netdescribe.com/loesungen/inventory-asset-management/
MediaInterface GmbH;mediainterface.de;belegt;passt;MediaInterface GmbH;HRB 32331;Dresden;4;Team;90;Bundesagentur für Arbeit (BA), vertreten durch... schreibt gerade IT_TeTraoBe_2026 aus. Frist 05.10.2026. Dort habt ihr 01/2026 schon geliefert (https://ted.europa.eu/de/notice/33965-2026/pdf).;+49351563690;https://www.mediainterface.de/impressum;info@mediainterface.de;https://www.mediainterface.de/impressum;;keines, keine personenbezogene Adresse gefunden;Geschaeftsfuehrung;Robert Gröber;Geschäftsführer (Impressum);https://www.mediainterface.de/impressum;https://de.linkedin.com/in/robertgroeber;Websuche, Profil nennt die Firma;;;;;keine persoenliche Adresse auf der Seite;;https://www.mediainterface.de/ https://www.mediainterface.de/impressum https://www.mediainterface.de/kontakt https://www.mediainterface.de/ueber-uns
Greenbone AG;greenbone.de;belegt;passt;Greenbone AG;;Osnabrück;4;Team;90;Bundesrepublik Deutschland, vertreten durch... schreibt gerade GitLab Lizenzen und Paid Addons (restliche Bundesverwaltung) aus. Frist 15.10.2026. Dort habt ihr 11/2025 schon geliefert (https://ted.europa.eu/de/notice/773172-2025/pdf).;+495417602780;https://www.greenbone.net/impressum/;info@greenbone.net;https://www.greenbone.net/impressum/;;keines, keine personenbezogene Adresse gefunden;Geschaeftsfuehrung;Elmar Geese;Vorstand (Impressum);https://www.greenbone.net/impressum/;https://de.linkedin.com/in/elmar-geese-44a52b2;Websuche, Profil nennt die Firma;;;;;keine persoenliche Adresse auf der Seite;;https://www.greenbone.net/ https://www.greenbone.net/impressum/ https://www.greenbone.net/kontakt/ https://www.greenbone.net/pressekontakt/
Medialine EuroTrade AG;medialine.de;belegt;passt;Medialine EuroTrade AG;HRB 4873;Bad Sobernheim;4;Team;90;Fraunhofer-Gesellschaft - Einkauf B12 schreibt gerade Serversystem für KI Interferenz Workloads - PR1237100-3190-I aus. Frist 16.10.2026. Dort habt ihr 08/2026 schon geliefert (https://ted.europa.eu/de/notice/586785-2026/pdf).;+496751853780;https://www.medialine.com/impressum;welcome@medialine.ag;https://www.medialine.com/impressum;;keines, keine personenbezogene Adresse gefunden;Geschaeftsfuehrung;Martin Hörhammer;Vorstand (Impressum);https://www.medialine.com/impressum;;;;;;;keine persoenliche Adresse auf der Seite;;https://www.medialine.com/ https://www.medialine.com/impressum https://www.medialine.com/kontakt/anfrage https://www.medialine.com/kontakt/support?item=090eb308-df40-44db-8256-b622dc66f45b
Medialine EuroTrade AG;medialine.de;belegt;passt;Medialine EuroTrade AG;HRB 4873;Bad Sobernheim;4;Team;90;Fraunhofer-Gesellschaft - Einkauf B12 schreibt gerade Serversystem für KI Interferenz Workloads - PR1237100-3190-I aus. Frist 16.10.2026. Dort habt ihr 08/2026 schon geliefert (https://ted.europa.eu/de/notice/586785-2026/pdf).;+496751853780;https://www.medialine.com/impressum;welcome@medialine.ag;https://www.medialine.com/impressum;;keines, keine personenbezogene Adresse gefunden;Geschaeftsfuehrung;Björn Stange;Geschäftsführer (Impressum);https://www.medialine.com/impressum;;;;;;;keine persoenliche Adresse auf der Seite;;https://www.medialine.com/ https://www.medialine.com/impressum https://www.medialine.com/kontakt/anfrage https://www.medialine.com/kontakt/support?item=090eb308-df40-44db-8256-b622dc66f45b
Medialine EuroTrade AG;medialine.de;belegt;passt;Medialine EuroTrade AG;HRB 4873;Bad Sobernheim;4;Team;90;Fraunhofer-Gesellschaft - Einkauf B12 schreibt gerade Serversystem für KI Interferenz Workloads - PR1237100-3190-I aus. Frist 16.10.2026. Dort habt ihr 08/2026 schon geliefert (https://ted.europa.eu/de/notice/586785-2026/pdf).;+496751853780;https://www.medialine.com/impressum;welcome@medialine.ag;https://www.medialine.com/impressum;;keines, keine personenbezogene Adresse gefunden;Geschaeftsfuehrung;Volker Wahnschafe;Geschäftsführer (Impressum);https://www.medialine.com/impressum;;;;;;;keine persoenliche Adresse auf der Seite;;https://www.medialine.com/ https://www.medialine.com/impressum https://www.medialine.com/kontakt/anfrage https://www.medialine.com/kontakt/support?item=090eb308-df40-44db-8256-b622dc66f45b
Mettenmeier GmbH;mettenmeier.de;belegt;passt;Herausgeber:  Mettenmeier GmbH;;Paderborn;3;Team;90;Zentrale Vergabestelle im Bayerischen Landesamt für Steuern schreibt gerade KI-Server 2026 aus. Frist 16.10.2026. Dort habt ihr 04/2025 schon geliefert (https://ted.europa.eu/de/notice/266095-2025/pdf).;+495251150300;https://www.mettenmeier.de/impressum/;mettenmeier@mettenmeier.de;https://www.mettenmeier.de/impressum/;;keines, keine personenbezogene Adresse gefunden;Vertriebsleitung;Bernd Hesse;Prokurist;https://www.mettenmeier.de/unternehmen/;;;;;;;keine persoenliche Adresse auf der Seite;;https://www.mettenmeier.de/ https://www.mettenmeier.de/impressum/ https://www.mettenmeier.de/kontakt/ https://www.mettenmeier.de/unternehmen/
Mettenmeier GmbH;mettenmeier.de;belegt;passt;Herausgeber:  Mettenmeier GmbH;;Paderborn;3;Team;90;Zentrale Vergabestelle im Bayerischen Landesamt für Steuern schreibt gerade KI-Server 2026 aus. Frist 16.10.2026. Dort habt ihr 04/2025 schon geliefert (https://ted.europa.eu/de/notice/266095-2025/pdf).;+495251150300;https://www.mettenmeier.de/impressum/;mettenmeier@mettenmeier.de;https://www.mettenmeier.de/impressum/;;keines, keine personenbezogene Adresse gefunden;Vertriebsleitung;Frank Mügge;Prokurist;https://www.mettenmeier.de/unternehmen/;;;;;;;keine persoenliche Adresse auf der Seite;;https://www.mettenmeier.de/ https://www.mettenmeier.de/impressum/ https://www.mettenmeier.de/kontakt/ https://www.mettenmeier.de/unternehmen/
Mettenmeier GmbH;mettenmeier.de;belegt;passt;Herausgeber:  Mettenmeier GmbH;;Paderborn;3;Team;90;Zentrale Vergabestelle im Bayerischen Landesamt für Steuern schreibt gerade KI-Server 2026 aus. Frist 16.10.2026. Dort habt ihr 04/2025 schon geliefert (https://ted.europa.eu/de/notice/266095-2025/pdf).;+495251150300;https://www.mettenmeier.de/impressum/;mettenmeier@mettenmeier.de;https://www.mettenmeier.de/impressum/;;keines, keine personenbezogene Adresse gefunden;Vertriebsleitung;Sebastian Schulte;Prokurist;https://www.mettenmeier.de/unternehmen/;;;;;;;keine persoenliche Adresse auf der Seite;;https://www.mettenmeier.de/ https://www.mettenmeier.de/impressum/ https://www.mettenmeier.de/kontakt/ https://www.mettenmeier.de/unternehmen/
dacoso GmbH;dacoso.com;belegt;Name weicht ab;SD-WAN & SASE;HRB 41050;Langen;3;Team;90;Berliner Wasserbetriebe schreibt gerade Confluence Lizenzen Abo aus. Frist 21.10.2026. Dort habt ihr 04/2024 schon geliefert (https://ted.europa.eu/de/notice/254231-2024/pdf).;;;;;;keines, keine personenbezogene Adresse gefunden;;;;;;;;;;;kein Kontakt gefunden;;https://dacoso.com https://dacoso.com/impressum/ https://dacoso.com/kontakt https://dacoso.com/ueber-uns/management/
docConsult GmbH;docconsult.de;belegt;passt;Impressum | docConsult GmbH;HRB 17433;Bonn;3;Team;90;Bundesrepublik Deutschland, vertreten durch... schreibt gerade GitLab Lizenzen und Paid Addons (restliche Bundesverwaltung) aus. Frist 15.10.2026. Dort habt ihr 08/2025 schon geliefert (https://ted.europa.eu/de/notice/505620-2025/pdf).;+4922824009456;https://docconsult.gmbh/impressum/;;;;keines, keine personenbezogene Adresse gefunden;;;;;;;;;;;kein Kontakt gefunden;;https://docconsult.gmbh/ https://docconsult.gmbh/impressum/
public edge GmbH;publicedge.de;belegt;passt;Impressum – public edge GmbH;;Berlin;3;Team;90;Dataport AöR schreibt gerade Rahmenvertrag Standardsoftware aus. Frist 20.10.2026. Dort habt ihr 07/2026 schon geliefert (https://ted.europa.eu/de/notice/454263-2026/pdf).;+4930138831100;https://public-edge.de/impressum;office@public-edge.de;https://public-edge.de/impressum;;keines, keine personenbezogene Adresse gefunden;Geschaeftsfuehrung;Sebastian Lorenz;Geschäftsführung (Impressum);https://public-edge.de/impressum;https://www.linkedin.com/in/sebastian-lorenz-3010854/;Websuche, Profil nennt die Firma;;;;;keine persoenliche Adresse auf der Seite;;https://public-edge.de/ https://public-edge.de/impressum
public edge GmbH;publicedge.de;belegt;passt;Impressum – public edge GmbH;;Berlin;3;Team;90;Dataport AöR schreibt gerade Rahmenvertrag Standardsoftware aus. Frist 20.10.2026. Dort habt ihr 07/2026 schon geliefert (https://ted.europa.eu/de/notice/454263-2026/pdf).;+4930138831100;https://public-edge.de/impressum;office@public-edge.de;https://public-edge.de/impressum;;keines, keine personenbezogene Adresse gefunden;Geschaeftsfuehrung;Frank Bierbrauer;Geschäftsführung (Impressum);https://public-edge.de/impressum;;;;;;;keine persoenliche Adresse auf der Seite;;https://public-edge.de/ https://public-edge.de/impressum
Thieme DokuForm GmbH;thieme-dokuform.de;belegt;nicht moeglich;;;Lübeck;3;Team;90;Landkreis Nordsachsen schreibt gerade Los 1 - Landkreis Nordsachsen - Tablets inkl. Zubehör aus. Frist 19.10.2026. Gemeinsame Beschaffung von 3 Stellen. Dort habt ihr 02/2026 schon geliefert (https://ted.europa.eu/de/notice/82831-2026/pdf).;+4945198994840;https://dokuform.thieme.com/kontakt;;;;keines, keine personenbezogene Adresse gefunden;;;;;;;;;;;kein Kontakt gefunden;;https://dokuform.thieme.com/ https://dokuform.thieme.com/kontakt https://dokuform.thieme.com/ueber-uns
ProSoft Krippner GmbH;prosoft-krippner.com;belegt;passt;Programmierung & Design: ProSoft Krippner GmbH;;Leipzig;3;Team;90;Landkreis Nordsachsen schreibt gerade Los 1 - Landkreis Nordsachsen - Tablets inkl. Zubehör aus. Frist 19.10.2026. Gemeinsame Beschaffung von 3 Stellen. Dort habt ihr 07/2024 schon geliefert (https://ted.europa.eu/de/notice/411267-2024/pdf).;+493414531333;https://www.prosoft-krippner.com/impressum/;;;;keines, keine personenbezogene Adresse gefunden;Geschaeftsfuehrung;Richard Wohlfeld;Geschäftsführer (Impressum);https://www.prosoft-krippner.com/impressum/;;;;;;;keine persoenliche Adresse auf der Seite;;https://www.prosoft-krippner.com/ https://www.prosoft-krippner.com/impressum/ https://www.prosoft-krippner.com/kontakt/
ProSoft Krippner GmbH;prosoft-krippner.com;belegt;passt;Programmierung & Design: ProSoft Krippner GmbH;;Leipzig;3;Team;90;Landkreis Nordsachsen schreibt gerade Los 1 - Landkreis Nordsachsen - Tablets inkl. Zubehör aus. Frist 19.10.2026. Gemeinsame Beschaffung von 3 Stellen. Dort habt ihr 07/2024 schon geliefert (https://ted.europa.eu/de/notice/411267-2024/pdf).;+493414531333;https://www.prosoft-krippner.com/impressum/;;;;keines, keine personenbezogene Adresse gefunden;Geschaeftsfuehrung;Michael Krippner;Geschäftsführer (Impressum);https://www.prosoft-krippner.com/impressum/;;;;;;;keine persoenliche Adresse auf der Seite;;https://www.prosoft-krippner.com/ https://www.prosoft-krippner.com/impressum/ https://www.prosoft-krippner.com/kontakt/
Univention GmbH;univention.de;belegt;passt;Impressum - Univention GmbH;HRB 20755;Bremen;3;Team;90;Land Mecklenburg-Vorpommern, vertreten durch... schreibt gerade EVB-IT Rahmenvereinbarung: Noten... aus. Frist 20.10.2026. Dort habt ihr 12/2024 schon geliefert (https://ted.europa.eu/de/notice/778515-2024/pdf).;+49421222320;https://www.univention.de/impressum/;info@univention.de;https://www.univention.de/impressum/;;keines, keine personenbezogene Adresse gefunden;Geschaeftsfuehrung;Peter H. Ganten;Geschäftsführer (Impressum);https://www.univention.de/impressum/;https://de.linkedin.com/in/pganten;Websuche, Profil nennt die Firma;;;;;keine persoenliche Adresse auf der Seite;;https://www.univention.de/ https://www.univention.de/impressum/ https://www.univention.de/produkte/support-services/support-kontaktieren/ https://www.univention.de/kontakt/
Univention GmbH;univention.de;belegt;passt;Impressum - Univention GmbH;HRB 20755;Bremen;3;Team;90;Land Mecklenburg-Vorpommern, vertreten durch... schreibt gerade EVB-IT Rahmenvereinbarung: Noten... aus. Frist 20.10.2026. Dort habt ihr 12/2024 schon geliefert (https://ted.europa.eu/de/notice/778515-2024/pdf).;+49421222320;https://www.univention.de/impressum/;info@univention.de;https://www.univention.de/impressum/;;keines, keine personenbezogene Adresse gefunden;Geschaeftsfuehrung;Stefan Gohmann;Geschäftsführer (Impressum);https://www.univention.de/impressum/;;;;;;;keine persoenliche Adresse auf der Seite;;https://www.univention.de/ https://www.univention.de/impressum/ https://www.univention.de/produkte/support-services/support-kontaktieren/ https://www.univention.de/kontakt/
WeiKo-Officeline OHG;weiko-officeline.de;belegt;passt;WeiKo-Officeline OHG;HRA 3037;Königstein im Taunus;2;Starter;90;Land Hessen, vertreten durch die Hessische Zentrale... schreibt gerade Secure-Web-Gateway-Systeme aus. Frist 05.10.2026. Dort habt ihr 01/2025 schon geliefert (https://ted.europa.eu/de/notice/39948-2025/pdf).;+4961749995173;https://weiko-officeline.de/impressum/;info@weiko-officeline.de;https://weiko-officeline.de/impressum/;;keines, keine personenbezogene Adresse gefunden;;;;;;;;;;;kein Kontakt gefunden;;https://weiko-officeline.de https://weiko-officeline.de/impressum/ https://weiko-officeline.de/kontakt/ https://weiko-officeline.de/praesentationssysteme/unternehmen/
BSA Systemhaus GmbH;bsa-systemhaus.de;belegt;Name weicht ab;BSA Systemhaus GmbH;HRB 13690;Memmingen;2;Starter;90;Zentrale Vergabestelle im Bayerischen Landesamt für Steuern schreibt gerade KI-Server 2026 aus. Frist 16.10.2026. Dort habt ihr 05/2026 schon geliefert (https://ted.europa.eu/de/notice/345316-2026/pdf).;;;;;;keines, keine personenbezogene Adresse gefunden;;;;;;;;;;;kein Kontakt gefunden;;https://bsa-systemhaus.de https://bsa-systemhaus.de/impressum/ https://bsa-systemhaus.de/ueber-uns/kontakt/ https://bsa-systemhaus.de/ueber-uns/
PC Products Hille e.K.;pc-products.de;belegt;nicht moeglich;;HRA 732599;Böblingen;2;Starter;90;Technische Universität Ilmenau, Dezernat Finanzen, Zentrale... schreibt gerade HPC Hardware-Komponenten aus. Frist 22.10.2026. Dort habt ihr 08/2025 schon geliefert (https://ted.europa.eu/de/notice/556002-2025/pdf).;+497031735990;https://pc-products.de/impressum/;sales@pc-products.de;https://pc-products.de/impressum/;;keines, keine personenbezogene Adresse gefunden;;;;;;;;;;;kein Kontakt gefunden;;https://pc-products.de https://pc-products.de/impressum/ https://pc-products.de/kontakt/ https://pc-products.de/ueber-uns/
Infraforce GmbH;infraforce.de;belegt;passt;Infraforce GmbH;HRB 12449;Marburg;2;Starter;90;Handwerkskammer Niederbayern-Oberpfalz schreibt gerade Notebook mit Monitor aus. Frist 19.10.2026. Dort habt ihr 07/2026 schon geliefert (https://ted.europa.eu/de/notice/531671-2026/pdf).;+496419484900;https://infraforce.de/impressum/;info@infraforce.de;https://infraforce.de/impressum/;;keines, keine personenbezogene Adresse gefunden;;;;;;;;;;;kein Kontakt gefunden;;https://infraforce.de https://infraforce.de/impressum/ https://infraforce.de/kontaktformular/ https://infraforce.de/unternehmen/
Logicalis GmbH;logicalis.de;belegt;passt;Logicalis GmbH;HRB 10616;Neu-Isenburg;3;Starter;90;Universität zu Köln, Abteilung 64 - Einkauf schreibt gerade Universität zu Köln - Wartung-/Instandhaltungsservice... aus. Frist 15.10.2026. Dort habt ihr 12/2024 schon geliefert (https://ted.europa.eu/de/notice/743502-2024/pdf).;+49610277860;https://www.de.logicalis.com/de/useful-information/legal;info@logicalis.de;https://www.de.logicalis.com/de/useful-information/legal;;keines, keine personenbezogene Adresse gefunden;Geschaeftsfuehrung;Jürgen Hatzipantelis;Geschäftsführer (Impressum);https://www.de.logicalis.com/de/useful-information/legal;;;;;;;keine persoenliche Adresse auf der Seite;;https://www.de.logicalis.com/de https://www.de.logicalis.com/de/useful-information/legal https://www.de.logicalis.com/de/kontakt https://www.de.logicalis.com/de/loesungen-services/mitarbeiter-befaehigen
Logicalis GmbH;logicalis.de;belegt;passt;Logicalis GmbH;HRB 10616;Neu-Isenburg;3;Starter;90;Universität zu Köln, Abteilung 64 - Einkauf schreibt gerade Universität zu Köln - Wartung-/Instandhaltungsservice... aus. Frist 15.10.2026. Dort habt ihr 12/2024 schon geliefert (https://ted.europa.eu/de/notice/743502-2024/pdf).;+49610277860;https://www.de.logicalis.com/de/useful-information/legal;info@logicalis.de;https://www.de.logicalis.com/de/useful-information/legal;;keines, keine personenbezogene Adresse gefunden;Geschaeftsfuehrung;Stefan Hoeltken;Geschäftsführer (Impressum);https://www.de.logicalis.com/de/useful-information/legal;;;;;;;keine persoenliche Adresse auf der Seite;;https://www.de.logicalis.com/de https://www.de.logicalis.com/de/useful-information/legal https://www.de.logicalis.com/de/kontakt https://www.de.logicalis.com/de/loesungen-services/mitarbeiter-befaehigen
spree systems GmbH;spreesystems.de;belegt;passt;"Impressum &#8211; spree systems GmbH";HRB 162245;Lutherstadt Wittenberg;3;Starter;90;Berliner Wasserbetriebe schreibt gerade Confluence Lizenzen Abo aus. Frist 21.10.2026. Dort habt ihr 09/2025 schon geliefert (https://ted.europa.eu/de/notice/637976-2025/pdf).;+49332833878;https://spreesystems.de/impressum/;kontakt@spreesystems.de;https://spreesystems.de/impressum/;;keines, keine personenbezogene Adresse gefunden;;;;;;;;;;;kein Kontakt gefunden;;https://spreesystems.de https://spreesystems.de/impressum/ https://spreesystems.de/kontakt/
printvision AG;printvision.de;belegt;Name weicht ab;Kasper Communications GmbH;HRB 194291;Freising;2;Starter;90;Freistaat Bayern, vertreten durch das Bayer. StM f.... schreibt gerade Dienstleistungen Anwendungsentwicklung aus. Frist 20.10.2026. Dort habt ihr 06/2026 schon geliefert (https://ted.europa.eu/de/notice/419990-2026/pdf).;;;;;;keines, keine personenbezogene Adresse gefunden;;;;;;;;;;;kein Kontakt gefunden;;https://www.printvision.de/ https://www.printvision.de/impressum/ https://www.printvision.de/kontakt/ https://www.printvision.de/loesungen/dokumentenmanagement-loesungen/
Secusmart;secusmart.de;belegt;passt;Secusmart GmbH;HRB 56844;Düsseldorf;2;Starter;90;Bundesrepublik Deutschland, vertreten durch... schreibt gerade GitLab Lizenzen und Paid Addons (restliche Bundesverwaltung) aus. Frist 15.10.2026. Dort habt ihr 08/2026 schon geliefert (https://ted.europa.eu/de/notice/536581-2026/pdf).;+4921197550130;https://www.secusmart.com/impressum;info@secusmart.de;https://www.secusmart.com/impressum;;keines, keine personenbezogene Adresse gefunden;Geschaeftsfuehrung;Christoph Erdmann;Geschäftsführer (Impressum);https://www.secusmart.com/impressum;;;;;;;keine persoenliche Adresse auf der Seite;;https://www.secusmart.com/ https://www.secusmart.com/impressum https://www.secusmart.com/kontakt https://www.secusmart.com/ueber-uns
Secusmart;secusmart.de;belegt;passt;Secusmart GmbH;HRB 56844;Düsseldorf;2;Starter;90;Bundesrepublik Deutschland, vertreten durch... schreibt gerade GitLab Lizenzen und Paid Addons (restliche Bundesverwaltung) aus. Frist 15.10.2026. Dort habt ihr 08/2026 schon geliefert (https://ted.europa.eu/de/notice/536581-2026/pdf).;+4921197550130;https://www.secusmart.com/impressum;info@secusmart.de;https://www.secusmart.com/impressum;;keines, keine personenbezogene Adresse gefunden;Geschaeftsfuehrung;Daniel Fuhrmann;Geschäftsführer (Impressum);https://www.secusmart.com/impressum;;;;;;;keine persoenliche Adresse auf der Seite;;https://www.secusmart.com/ https://www.secusmart.com/impressum https://www.secusmart.com/kontakt https://www.secusmart.com/ueber-uns
Secusmart;secusmart.de;belegt;passt;Secusmart GmbH;HRB 56844;Düsseldorf;2;Starter;90;Bundesrepublik Deutschland, vertreten durch... schreibt gerade GitLab Lizenzen und Paid Addons (restliche Bundesverwaltung) aus. Frist 15.10.2026. Dort habt ihr 08/2026 schon geliefert (https://ted.europa.eu/de/notice/536581-2026/pdf).;+4921197550130;https://www.secusmart.com/impressum;info@secusmart.de;https://www.secusmart.com/impressum;;keines, keine personenbezogene Adresse gefunden;Geschaeftsfuehrung;Dr. Christoph Erdmann;ist Gründer und Geschäftsführer von Secusmart und seit 2014 zudem als ;https://www.secusmart.com/ueber-uns;;;;;;;keine persoenliche Adresse auf der Seite;;https://www.secusmart.com/ https://www.secusmart.com/impressum https://www.secusmart.com/kontakt https://www.secusmart.com/ueber-uns
Public Cloud Group GmbH;publiccloudgroup.de;belegt;passt;Public Cloud Group Holding GmbH;HRB 744672;Warsaw;16;Scale;85;EnBW Energie Baden-Württemberg AG schreibt gerade Test Automation Solution for ETRM Applications aus. Dort habt ihr 02/2025 schon geliefert (https://ted.europa.eu/de/notice/113804-2025/pdf).;+4973172557400;https://pcg.io/legal-notice/;hello@pcg.io;https://pcg.io/legal-notice/;;;;;;;;;;;;;kein Kontakt gefunden;;https://pcg.io/de/ https://pcg.io/legal-notice/ https://pcg.io/de/kontakt/ https://pcg.io/de/about-us/
Microstaxx GmbH;microstaxx.de;belegt;passt;Microstaxx GmbH;HRB 98809;München;9;Team;85;Max-Planck-Gesellschaft z.F.d.W. Generalverwaltung schreibt gerade DBS - Dynamisches Beschaffungssystem... aus. Dort habt ihr 01/2026 schon geliefert (https://ted.europa.eu/de/notice/70368-2026/pdf).;+49894132660;https://www.microstaxx.de/impressum/;info@microstaxx.de;https://www.microstaxx.de/impressum/;;keines, keine personenbezogene Adresse gefunden;Geschaeftsfuehrung;Christian Hoffmann;Geschäftsführer (Impressum);https://www.microstaxx.de/impressum/;;;;;;;keine persoenliche Adresse auf der Seite;;https://www.microstaxx.de/ https://www.microstaxx.de/impressum/ https://www.microstaxx.de/kontakt/ https://www.microstaxx.de/unternehmen/
Microstaxx GmbH;microstaxx.de;belegt;passt;Microstaxx GmbH;HRB 98809;München;9;Team;85;Max-Planck-Gesellschaft z.F.d.W. Generalverwaltung schreibt gerade DBS - Dynamisches Beschaffungssystem... aus. Dort habt ihr 01/2026 schon geliefert (https://ted.europa.eu/de/notice/70368-2026/pdf).;+49894132660;https://www.microstaxx.de/impressum/;info@microstaxx.de;https://www.microstaxx.de/impressum/;;keines, keine personenbezogene Adresse gefunden;Geschaeftsfuehrung;Clemens Weidenhiller;(COO) und Christian Hoffmann (CEO);https://www.microstaxx.de/unternehmen/;;;;;;;keine persoenliche Adresse auf der Seite;;https://www.microstaxx.de/ https://www.microstaxx.de/impressum/ https://www.microstaxx.de/kontakt/ https://www.microstaxx.de/unternehmen/
Trovent Security GmbH;trovent.de;belegt;passt;Impressum - Trovent Security GmbH;HRB 17956;Bochum;2;Starter;90;Landkreis Görlitz schreibt gerade Los 1 - Landkreis Nordsachsen - Tablets inkl. Zubehör aus. Frist 19.10.2026. Gemeinsame Beschaffung von 3 Stellen. Dort habt ihr 02/2026 schon geliefert (https://ted.europa.eu/de/notice/104915-2026/pdf).;+4923460142615;https://trovent.io/impressum/;;;;keines, keine personenbezogene Adresse gefunden;Geschaeftsfuehrung;Alexander Caswell;Geschäftsführer (Impressum);https://trovent.io/impressum/;;;;;;;keine persoenliche Adresse auf der Seite;;https://trovent.io/ https://trovent.io/impressum/ https://trovent.io/kontakt/ https://trovent.io/kontakt/
Group24 AG;group24.de;belegt;passt;Impressum - group24 AG;HRB 13418;Gescher;9;Scale;85;Sana Kliniken Oberfranken Coburg GmbH schreibt gerade UCaaS-Lösung aus. Gemeinsame Beschaffung von 43 Stellen. Dort habt ihr 08/2025 schon geliefert (https://ted.europa.eu/de/notice/516403-2025/pdf). Hinweis: das war eine gemeinsame Beschaffung von 4 Stellen, die Beziehung ist also moeglicherweise indirekt.;+49254220080600;https://group24.de/impressum/;info@group24.de;https://group24.de/impressum/;;keines, keine personenbezogene Adresse gefunden;Geschaeftsfuehrung;Marc Eismann;Vorstand (Impressum);https://group24.de/impressum/;;;;;;;keine persoenliche Adresse auf der Seite;;https://group24.de https://group24.de/impressum/ https://group24.de/360-ki-services/consulting/it-projektmanagement/ https://group24.de/360-ki-services/managed-services/mobile-device-management/
Group24 AG;group24.de;belegt;passt;Impressum - group24 AG;HRB 13418;Gescher;9;Scale;85;Sana Kliniken Oberfranken Coburg GmbH schreibt gerade UCaaS-Lösung aus. Gemeinsame Beschaffung von 43 Stellen. Dort habt ihr 08/2025 schon geliefert (https://ted.europa.eu/de/notice/516403-2025/pdf). Hinweis: das war eine gemeinsame Beschaffung von 4 Stellen, die Beziehung ist also moeglicherweise indirekt.;+49254220080600;https://group24.de/impressum/;info@group24.de;https://group24.de/impressum/;;keines, keine personenbezogene Adresse gefunden;Geschaeftsfuehrung;Christian Hornhues;Vorstand (Impressum);https://group24.de/impressum/;;;;;;;keine persoenliche Adresse auf der Seite;;https://group24.de https://group24.de/impressum/ https://group24.de/360-ki-services/consulting/it-projektmanagement/ https://group24.de/360-ki-services/managed-services/mobile-device-management/
Mentz GmbH;mentz.net;belegt;passt;MENTZ GmbH;HRB 91898;München;6;Team;85;Berliner Verkehrsbetriebe, Bereich Einkauf/... schreibt gerade KRITIS-IT Unterstützung für das Elektroakustische... aus. Dort habt ihr 07/2024 schon geliefert (https://ted.europa.eu/de/notice/415858-2024/pdf).;+4989418680;https://www.mentz.net/impressum/;info@mentz.net;https://www.mentz.net/impressum/;;keines, keine personenbezogene Adresse gefunden;Geschaeftsfuehrung;Christoph Mentz;vertreten durch (Impressum);https://www.mentz.net/impressum/;;;;;;;keine persoenliche Adresse auf der Seite;;https://www.mentz.net:443/ https://www.mentz.net/impressum/
WBS IT-Service GmbH;wbs-it.de;belegt;Name weicht ab;WBS IT-Service GmbH;HRB 11351;Leipzig;22;Scale;85;Brandenburgischer IT-Dienstleister schreibt gerade Bereitstellung einer HPE GreenLake Storage-Umgebung... aus. Frist 02.11.2026. Dort habt ihr 09/2024 schon geliefert (https://ted.europa.eu/de/notice/542372-2024/pdf).;;;;;;keines, keine personenbezogene Adresse gefunden;;;;;;;;;;;kein Kontakt gefunden;;https://www.wbs-it.de/ https://www.wbs-it.de/impressum https://www.wbs-it.de/kontakt https://www.wbs-it.de/loesungen/kuenstliche-intelligenz-im-unternehmen
Hansa Computer GmbH;hansacomputer.de;belegt;passt;HANSA COMPUTER GmbH;HRB 2730;Leipzig;2;Starter;90;Landkreis Nordsachsen schreibt gerade Los 1 - Landkreis Nordsachsen - Tablets inkl. Zubehör aus. Frist 19.10.2026. Gemeinsame Beschaffung von 3 Stellen. Dort habt ihr 11/2024 schon geliefert (https://ted.europa.eu/de/notice/684128-2024/pdf).;+49341982040;https://hansa-computer.de/impressum/;info@hansa-computer.de;https://hansa-computer.de/impressum/;;keines, keine personenbezogene Adresse gefunden;Geschaeftsfuehrung;Gerald Lehmann;Geschäftsführer (Impressum);https://hansa-computer.de/impressum/;;;;;;;keine persoenliche Adresse auf der Seite;;https://hansa-computer.de/ https://hansa-computer.de/impressum/ https://hansa-computer.de/kontakt/ https://hansa-computer.de/kontakt/
Technidata IT-Service GmbH;technidata-it.de;belegt;passt;TechniData IT AG;HRB 722197;Markdorf;8;Team;85;JEN Jülicher Entsorgungsgesellschaft für Nuklearanlagen mbH schreibt gerade Incident Response Dienstleistungen EWN-Gruppe aus. Frist 02.11.2026. Dort habt ihr 03/2026 schon geliefert (https://ted.europa.eu/de/notice/202977-2026/pdf).;+49721352800;https://www.technidata.de/impressum/;info@technidata.de;https://www.technidata.de/impressum/;;keines, keine personenbezogene Adresse gefunden;Geschaeftsfuehrung;Diana Berg;Geschäftsführer (Impressum);https://www.technidata.de/impressum/;;;;;;;keine persoenliche Adresse auf der Seite;;https://www.technidata.de/firmengruppe/technidata-it-service-gmbh/ https://www.technidata.de/impressum/ https://www.technidata.de/kontakt/ https://www.technidata.de/technidata-it-ag/ueber-uns/
Technidata IT-Service GmbH;technidata-it.de;belegt;passt;TechniData IT AG;HRB 722197;Markdorf;8;Team;85;JEN Jülicher Entsorgungsgesellschaft für Nuklearanlagen mbH schreibt gerade Incident Response Dienstleistungen EWN-Gruppe aus. Frist 02.11.2026. Dort habt ihr 03/2026 schon geliefert (https://ted.europa.eu/de/notice/202977-2026/pdf).;+49721352800;https://www.technidata.de/impressum/;info@technidata.de;https://www.technidata.de/impressum/;;keines, keine personenbezogene Adresse gefunden;Geschaeftsfuehrung;Matthias Hermann;Geschäftsführer (Impressum);https://www.technidata.de/impressum/;;;;;;;keine persoenliche Adresse auf der Seite;;https://www.technidata.de/firmengruppe/technidata-it-service-gmbh/ https://www.technidata.de/impressum/ https://www.technidata.de/kontakt/ https://www.technidata.de/technidata-it-ag/ueber-uns/
Technidata IT-Service GmbH;technidata-it.de;belegt;passt;TechniData IT AG;HRB 722197;Markdorf;8;Team;85;JEN Jülicher Entsorgungsgesellschaft für Nuklearanlagen mbH schreibt gerade Incident Response Dienstleistungen EWN-Gruppe aus. Frist 02.11.2026. Dort habt ihr 03/2026 schon geliefert (https://ted.europa.eu/de/notice/202977-2026/pdf).;+49721352800;https://www.technidata.de/impressum/;info@technidata.de;https://www.technidata.de/impressum/;;keines, keine personenbezogene Adresse gefunden;Geschaeftsfuehrung;Volker Jakob;Geschäftsführer (Impressum);https://www.technidata.de/impressum/;;;;;;;keine persoenliche Adresse auf der Seite;;https://www.technidata.de/firmengruppe/technidata-it-service-gmbh/ https://www.technidata.de/impressum/ https://www.technidata.de/kontakt/ https://www.technidata.de/technidata-it-ag/ueber-uns/
Human Art Computersysteme GmbH;human-art.de;belegt;passt;Impressum: Human Art Computersysteme GmbH;HRB 54775;Berlin;6;Team;85;Berliner Verkehrsbetriebe, Bereich Einkauf/... schreibt gerade KRITIS-IT Unterstützung für das Elektroakustische... aus. Dort habt ihr 08/2026 schon geliefert (https://ted.europa.eu/de/notice/580082-2026/pdf).;+493091424220;https://www.human-art.de/impressum.html;info@human-art.de;https://www.human-art.de/impressum.html;;keines, keine personenbezogene Adresse gefunden;Geschaeftsfuehrung;Harald Dahm;Geschäftsführer (Impressum);https://www.human-art.de/impressum.html;;;;;;;keine persoenliche Adresse auf der Seite;;https://www.human-art.de/ https://www.human-art.de/impressum.html https://www.human-art.de/kontakt.html https://www.human-art.de/kontakt/standort.html
avency GmbH;avency.de;belegt;Name weicht ab;Rechtsform: GmbH;HRB 8642;Ostbevern;6;Team;85;Max-Planck-Gesellschaft z.F.d.W. Generalverwaltung schreibt gerade DBS - Dynamisches Beschaffungssystem... aus. Dort habt ihr 06/2024 schon geliefert (https://ted.europa.eu/de/notice/380634-2024/pdf).;;;;;vorname.nachname;abgeleitet aus der Form anderer Adressen auf der Domain;;;;;;;;;;;kein Kontakt gefunden;;https://www.avency.de/ https://www.avency.de/impressum.html https://www.avency.de/kontakt.html https://www.avency.de/kontakt.html
SOHNIX AG;sohnix.de;belegt;passt;SOHNIX GmbH;HRB 17349;Lambrechtshagen;4;Team;85;kommunit IT-Zweckverband Schleswig-Holstein schreibt gerade Managed SOC und Digital Forensics and Incident Response... aus. Dort habt ihr 12/2024 schon geliefert (https://ted.europa.eu/de/notice/781479-2024/pdf).;+493818014550;https://www.sohnix.de/impressum/;info@sohnix.de;https://www.sohnix.de/impressum/;;keines, keine personenbezogene Adresse gefunden;Geschaeftsfuehrung;Thomas Gremmers;Geschäftsführung (Impressum);https://www.sohnix.de/impressum/;;;;;;;keine persoenliche Adresse auf der Seite;;https://www.sohnix.de/ https://www.sohnix.de/impressum/ https://www.sohnix.de/kontakt/ https://www.sohnix.de/unternehmen/
SOHNIX AG;sohnix.de;belegt;passt;SOHNIX GmbH;HRB 17349;Lambrechtshagen;4;Team;85;kommunit IT-Zweckverband Schleswig-Holstein schreibt gerade Managed SOC und Digital Forensics and Incident Response... aus. Dort habt ihr 12/2024 schon geliefert (https://ted.europa.eu/de/notice/781479-2024/pdf).;+493818014550;https://www.sohnix.de/impressum/;info@sohnix.de;https://www.sohnix.de/impressum/;;keines, keine personenbezogene Adresse gefunden;Geschaeftsfuehrung;Rainer Moeck;Als Geschäftsführer hat Herr Moeck die Aufgabe der technischen und tec;https://www.sohnix.de/unternehmen/profil/;;;;;;;keine persoenliche Adresse auf der Seite;;https://www.sohnix.de/ https://www.sohnix.de/impressum/ https://www.sohnix.de/kontakt/ https://www.sohnix.de/unternehmen/
SOHNIX AG;sohnix.de;belegt;passt;SOHNIX GmbH;HRB 17349;Lambrechtshagen;4;Team;85;kommunit IT-Zweckverband Schleswig-Holstein schreibt gerade Managed SOC und Digital Forensics and Incident Response... aus. Dort habt ihr 12/2024 schon geliefert (https://ted.europa.eu/de/notice/781479-2024/pdf).;+493818014550;https://www.sohnix.de/impressum/;info@sohnix.de;https://www.sohnix.de/impressum/;;keines, keine personenbezogene Adresse gefunden;Geschaeftsfuehrung;Marco Radmer;Als Geschäftsführer verantwortet Herr Radmer die Bereiche DMS;https://www.sohnix.de/unternehmen/profil/;;;;;;;keine persoenliche Adresse auf der Seite;;https://www.sohnix.de/ https://www.sohnix.de/impressum/ https://www.sohnix.de/kontakt/ https://www.sohnix.de/unternehmen/
suresecure GmbH;suresecure.de;belegt;nicht moeglich;;HRB 95958;Düsseldorf;3;Team;85;Stadtwerke München GmbH schreibt gerade SV-KWA-260819-002, Weiterentwicklung Unternehmenswebsite aus. Dort habt ihr 12/2024 schon geliefert (https://ted.europa.eu/de/notice/774246-2024/pdf).;+4921569749060;https://suresecure.de/impressum;presse@suresecure.de;https://suresecure.de/impressum;vorname.nachname;abgeleitet aus der Form anderer Adressen auf der Domain;Geschaeftsfuehrung;Andreas Papadaniil;Geschäftsführer (Impressum);https://suresecure.de/impressum;;;;;;;keine persoenliche Adresse auf der Seite;;https://suresecure.de https://suresecure.de/impressum https://suresecure.de/kontakt https://suresecure.de/kontakt
suresecure GmbH;suresecure.de;belegt;nicht moeglich;;HRB 95958;Düsseldorf;3;Team;85;Stadtwerke München GmbH schreibt gerade SV-KWA-260819-002, Weiterentwicklung Unternehmenswebsite aus. Dort habt ihr 12/2024 schon geliefert (https://ted.europa.eu/de/notice/774246-2024/pdf).;+4921569749060;https://suresecure.de/impressum;presse@suresecure.de;https://suresecure.de/impressum;vorname.nachname;abgeleitet aus der Form anderer Adressen auf der Domain;Geschaeftsfuehrung;Jona Ridderskamp;Geschäftsführer (Impressum);https://suresecure.de/impressum;;;;;;;keine persoenliche Adresse auf der Seite;;https://suresecure.de https://suresecure.de/impressum https://suresecure.de/kontakt https://suresecure.de/kontakt
Softline AG;softline.de;belegt;Name weicht ab;Customer Story: ProLeiT AG;HRB 42339;Leipzig;4;Team;85;Informationstechnikzentrum Bund (ITZBund) schreibt gerade Rahmenvertrag für Dienstleistungen und Plattformservices... aus. Frist 06.11.2026. Dort habt ihr 06/2026 schon geliefert (https://ted.europa.eu/de/notice/400479-2026/pdf).;;;;;;keines, keine personenbezogene Adresse gefunden;;;;;;;;;;;kein Kontakt gefunden;;https://www.softline.de/ https://www.softline.de/impressum/ https://www.softline.de/ueber-uns/kontakt/ https://www.softline.de/ueber-uns/
r-tec IT Security GmbH;r-tec.net;belegt;Name weicht ab;MINDACT Consulting & Content GmbH;HRB 21861;Wuppertal;4;Team;85;"Bundesstadt Bonn - Referat Vergabedienste schreibt gerade Bundesstadt Bonn, Arbeitspaket ""Migrationsunterstützung... aus. Dort habt ihr 01/2025 schon geliefert (https://ted.europa.eu/de/notice/2036-2025/pdf).";;;;;;keines, keine personenbezogene Adresse gefunden;;;;;;;;;;;kein Kontakt gefunden;;https://www.r-tec.net/home.html https://www.r-tec.net/impressum.html https://www.r-tec.net/kontakt.html https://www.r-tec.net/purple-teaming.html
krauth technology GmbH;krauth-technology.de;belegt;nicht moeglich;;HRB 705034;Eberbach;3;Team;85;Rheinbahn AG schreibt gerade Pilotprojekt „Fahrgemeinschaften als Add-On... aus. Frist 03.11.2026. Dort habt ihr 12/2025 schon geliefert (https://ted.europa.eu/de/notice/813082-2025/pdf).;+4962718050;https://www.krauth-technology.de/impressum;info@krauth-online.de;https://www.krauth-technology.de/impressum;;keines, keine personenbezogene Adresse gefunden;;;;;;;;;;;kein Kontakt gefunden;;https://www.krauth-technology.de/ https://www.krauth-technology.de/impressum https://www.krauth-technology.de/radparken/weitere-informationen/ansprechpartner https://www.krauth-technology.de/kontakt
VIVASECUR GmbH;vivasecur.de;belegt;Name weicht ab;VIVAVIS AG;HRB 17693;Frankfurt/Oder;3;Team;85;Landkreis Gifhorn schreibt gerade Beschaffung von Windows 11 Austauschgeräten für die BBS II... aus. Frist 29.10.2026. Dort habt ihr 05/2024 schon geliefert (https://ted.europa.eu/de/notice/307610-2024/pdf). Hinweis: das war eine gemeinsame Beschaffung von 4 Stellen, die Beziehung ist also moeglicherweise indirekt.;;;;;;keines, keine personenbezogene Adresse gefunden;;;;;;;;;;;kein Kontakt gefunden;;https://www.vivasecur.de/ https://www.vivasecur.de/impressum.html https://www.vivasecur.de/kontakt/ansprechpartner.html https://www.vivasecur.de/kontakt/kontaktformular.html
Ratiodata SE;ratiodata.de;belegt;passt;Ratiodata SE;HRB 22062;Münster;5;Team;85;Deutsche Bundesbank, Zentralbereich Beschaffungen schreibt gerade Bereitstellung eines Weitverkehrsnetzes (WAN) aus. Dort habt ihr 01/2024 schon geboten (https://ted.europa.eu/de/notice/3832-2024/pdf).;+4925120830;https://www.ratiodata.de/impressum/;info@ratiodata.de;https://www.ratiodata.de/impressum/;;keines, keine personenbezogene Adresse gefunden;Geschaeftsfuehrung;Klemens Baumgärtel;Vorstand (Impressum);https://www.ratiodata.de/impressum/;;;;;;;keine persoenliche Adresse auf der Seite;;https://www.ratiodata.de/ https://www.ratiodata.de/impressum/ https://www.ratiodata.de/pressematerial-kontakt/ https://www.ratiodata.de/kontakt/
Ratiodata SE;ratiodata.de;belegt;passt;Ratiodata SE;HRB 22062;Münster;5;Team;85;Deutsche Bundesbank, Zentralbereich Beschaffungen schreibt gerade Bereitstellung eines Weitverkehrsnetzes (WAN) aus. Dort habt ihr 01/2024 schon geboten (https://ted.europa.eu/de/notice/3832-2024/pdf).;+4925120830;https://www.ratiodata.de/impressum/;info@ratiodata.de;https://www.ratiodata.de/impressum/;;keines, keine personenbezogene Adresse gefunden;Geschaeftsfuehrung;Markus Kons;Vorstand (Impressum);https://www.ratiodata.de/impressum/;;;;;;;keine persoenliche Adresse auf der Seite;;https://www.ratiodata.de/ https://www.ratiodata.de/impressum/ https://www.ratiodata.de/pressematerial-kontakt/ https://www.ratiodata.de/kontakt/
Ratiodata SE;ratiodata.de;belegt;passt;Ratiodata SE;HRB 22062;Münster;5;Team;85;Deutsche Bundesbank, Zentralbereich Beschaffungen schreibt gerade Bereitstellung eines Weitverkehrsnetzes (WAN) aus. Dort habt ihr 01/2024 schon geboten (https://ted.europa.eu/de/notice/3832-2024/pdf).;+4925120830;https://www.ratiodata.de/impressum/;info@ratiodata.de;https://www.ratiodata.de/impressum/;;keines, keine personenbezogene Adresse gefunden;Geschaeftsfuehrung;Michael Stanka;Vorstand (Impressum);https://www.ratiodata.de/impressum/;;;;;;;keine persoenliche Adresse auf der Seite;;https://www.ratiodata.de/ https://www.ratiodata.de/impressum/ https://www.ratiodata.de/pressematerial-kontakt/ https://www.ratiodata.de/kontakt/
Albakom GmbH;albakom.de;belegt;passt;ALBAKOM GmbH;HRB 8754;Rostock;2;Starter;85;Stadtverwaltung Görlitz schreibt gerade Beschaffung von Microsoft Lizenzen aus. Frist 27.10.2026. Dort habt ihr 02/2024 schon geliefert (https://ted.europa.eu/de/notice/81210-2024/pdf).;+493817789630;https://www.albakom.de/impressum/;anfrage@albakom.de;https://www.albakom.de/impressum/;v.nachname;belegt, Adresse passt zu einer namentlich gefundenen Person;Vertriebsleitung;Jörg Wandrey;Leiter Vertrieb;https://www.albakom.de/kontakt/;;;;;;j.wandrey@albakom.de;wortwoertlich auf der Seite gefunden;https://www.albakom.de/kontakt/;https://www.albakom.de/ https://www.albakom.de/impressum/ https://www.albakom.de/kontakt/ https://www.albakom.de/ueber-uns/
DFC-SYSTEMS GmbH;dfcsystems.de;belegt;passt;Impressum | DFC-SYSTEMS GmbH;HRB 115891;München;4;Team;85;BWI GmbH schreibt gerade 1607-DE-Breitbandanbindung DMZ Bördeland aus. Dort habt ihr 04/2025 schon geliefert (https://ted.europa.eu/de/notice/260575-2025/pdf).;+49894614870;https://www.dfcsystems.de/impressum/;;;;keines, keine personenbezogene Adresse gefunden;Geschaeftsfuehrung;Dennis Feiler;Geschäftsführer (Impressum);https://www.dfcsystems.de/impressum/;;;;;;;keine persoenliche Adresse auf der Seite;;https://www.dfcsystems.de/ https://www.dfcsystems.de/impressum/ https://www.dfcsystems.de/kontakt/ https://www.dfcsystems.de/ueber-uns/
MotionTag GmbH;motiontag.com;belegt;nicht moeglich;;HRB 282579;Potsdam;2;Starter;85;Berliner Verkehrsbetriebe, Bereich Einkauf/... schreibt gerade KRITIS-IT Unterstützung für das Elektroakustische... aus. Dort habt ihr 01/2025 schon geliefert (https://ted.europa.eu/de/notice/6256-2025/pdf).;;;;;;keines, keine personenbezogene Adresse gefunden;Vertriebsleitung;Jan Michalik;Key Account Manager;https://www.motiontag.com/company/about-us;;;;;;;keine persoenliche Adresse auf der Seite;;https://www.motiontag.com/ https://www.motiontag.com/company/contact https://www.motiontag.com/company/about-us https://www.motiontag.com/de/rechtliches/impressum
MotionTag GmbH;motiontag.com;belegt;nicht moeglich;;HRB 282579;Potsdam;2;Starter;85;Berliner Verkehrsbetriebe, Bereich Einkauf/... schreibt gerade KRITIS-IT Unterstützung für das Elektroakustische... aus. Dort habt ihr 01/2025 schon geliefert (https://ted.europa.eu/de/notice/6256-2025/pdf).;;;;;;keines, keine personenbezogene Adresse gefunden;Geschaeftsfuehrung;Stephan Leppler;CEO & Co-Founder;https://www.motiontag.com/company/about-us;;;;;;;keine persoenliche Adresse auf der Seite;;https://www.motiontag.com/ https://www.motiontag.com/company/contact https://www.motiontag.com/company/about-us https://www.motiontag.com/de/rechtliches/impressum
DILAX Intelcom GmbH;dilax-intelcom.de;belegt;passt;DILAX Intelcom GmbH;;Berlin;2;Starter;85;Stuttgarter Straßenbahnen AG schreibt gerade Erneuerung Fahr-Umlauf und Dienstplanungssystem aus. Dort habt ihr 08/2024 schon geliefert (https://ted.europa.eu/de/notice/507050-2024/pdf).;+493077309240;https://www.dilax.com/de/impressum;info@dilax.com;https://www.dilax.com/de/impressum;;keines, keine personenbezogene Adresse gefunden;Geschaeftsfuehrung;Katerina Pekarek;Geschäftsführung (Impressum);https://www.dilax.com/de/impressum;;;;;;;keine persoenliche Adresse auf der Seite;;https://www.dilax.com/de/ https://www.dilax.com/de/impressum https://www.dilax.com/de/kontakt https://www.dilax.com/de/unternehmen
DILAX Intelcom GmbH;dilax-intelcom.de;belegt;passt;DILAX Intelcom GmbH;;Berlin;2;Starter;85;Stuttgarter Straßenbahnen AG schreibt gerade Erneuerung Fahr-Umlauf und Dienstplanungssystem aus. Dort habt ihr 08/2024 schon geliefert (https://ted.europa.eu/de/notice/507050-2024/pdf).;+493077309240;https://www.dilax.com/de/impressum;info@dilax.com;https://www.dilax.com/de/impressum;;keines, keine personenbezogene Adresse gefunden;Geschaeftsfuehrung;Hélène Garin-Lorenz;Geschäftsführung (Impressum);https://www.dilax.com/de/impressum;;;;;;;keine persoenliche Adresse auf der Seite;;https://www.dilax.com/de/ https://www.dilax.com/de/impressum https://www.dilax.com/de/kontakt https://www.dilax.com/de/unternehmen
DILAX Intelcom GmbH;dilax-intelcom.de;belegt;passt;DILAX Intelcom GmbH;;Berlin;2;Starter;85;Stuttgarter Straßenbahnen AG schreibt gerade Erneuerung Fahr-Umlauf und Dienstplanungssystem aus. Dort habt ihr 08/2024 schon geliefert (https://ted.europa.eu/de/notice/507050-2024/pdf).;+493077309240;https://www.dilax.com/de/impressum;info@dilax.com;https://www.dilax.com/de/impressum;;keines, keine personenbezogene Adresse gefunden;Geschaeftsfuehrung;Paul Haufe;Geschäftsführung (Impressum);https://www.dilax.com/de/impressum;;;;;;;keine persoenliche Adresse auf der Seite;;https://www.dilax.com/de/ https://www.dilax.com/de/impressum https://www.dilax.com/de/kontakt https://www.dilax.com/de/unternehmen
Damovo Deutschland GmbH & Co. KG;damovo.de;belegt;passt;Damovo Deutschland GmbH & Co. KG;HRA 19760;Düsseldorf;4;Team;85;Land Hessen, vertreten durch die Hessische Zentrale... schreibt gerade Teamleitungen aus. Frist 29.10.2026. Dort habt ihr 08/2026 schon geliefert (https://ted.europa.eu/de/notice/551641-2026/pdf).;+49211875540;https://www.damovo.com/de/ueber-uns/;dialog.germany@damovo.com;https://www.damovo.com/de/impressum/;;keines, keine personenbezogene Adresse gefunden;;;;;;;;;;;kein Kontakt gefunden;;https://www.damovo.com/de/ https://www.damovo.com/de/impressum/ https://www.damovo.com/de/loesungen/contact-center/ https://www.damovo.com/de/loesungen/enterprise-networks/
Speicherwerke AG;speicherwerke.de;belegt;passt;Speicherwerke AG;HRB 202609;München;2;Starter;85;Stadt Regensburg schreibt gerade 62-2026-640-EA Verlängerung der Lizenzen für Cisco Webex aus. Frist 26.10.2026. Dort habt ihr 03/2025 schon geliefert (https://ted.europa.eu/de/notice/165988-2025/pdf).;+4989207042729;https://speicherwerke.de/impressum.html;kontakt@speicherwerke.de;https://speicherwerke.de/impressum.html;;keines, keine personenbezogene Adresse gefunden;Geschaeftsfuehrung;Oliver Zimmer;Vorstand (Impressum);https://speicherwerke.de/impressum.html;;;;;;;keine persoenliche Adresse auf der Seite;;https://speicherwerke.de https://speicherwerke.de/impressum.html https://speicherwerke.de/kontakt.html https://speicherwerke.de/unternehmen.html
Huber & Feneberg GmbH;huber-feneberg.de;belegt;passt;Huber & Feneberg GmbH;HRB 76857;München;2;Starter;85;Freistaat Bayern vertreten durch das Staatsinstitut... schreibt gerade Dienstleistungen im Bereich Design User-Interface (UI)... aus. Dort habt ihr 05/2024 schon geliefert (https://ted.europa.eu/de/notice/299172-2024/pdf).;+49894506110;https://www.huber-feneberg.com/impressum;vertrieb@huber-feneberg.de;https://www.huber-feneberg.com/impressum;;keines, keine personenbezogene Adresse gefunden;Geschaeftsfuehrung;Single Edit;Geschäftsführer (Impressum);https://www.huber-feneberg.com/impressum;;;;;;;keine persoenliche Adresse auf der Seite;;https://www.huber-feneberg.com/ https://www.huber-feneberg.com/impressum
235 Media GmbH;235media.de;belegt;nicht moeglich;;HRB 284;Köln;2;Starter;80;Ihr Vertrag mit Stadt Forst (Lausitz), Die Bürgermeisterin, Fachbereich... (M2_VE03_Medientechnik und Medienproduktion) endet am 31.12.2026. Die Neuausschreibung steht an.;+49221546480;https://www.235media.com/de/imprint;mail@235media.com;https://www.235media.com/de/imprint;;keines, keine personenbezogene Adresse gefunden;Geschaeftsfuehrung;Ulrich Leistner;Geschäftsführung (Impressum);https://www.235media.com/de/imprint;;;;;;;keine persoenliche Adresse auf der Seite;;https://www.235media.com/de https://www.235media.com/de/imprint https://www.235media.com/de/kontakt https://www.235media.com/de/team
235 Media GmbH;235media.de;belegt;nicht moeglich;;HRB 284;Köln;2;Starter;80;Ihr Vertrag mit Stadt Forst (Lausitz), Die Bürgermeisterin, Fachbereich... (M2_VE03_Medientechnik und Medienproduktion) endet am 31.12.2026. Die Neuausschreibung steht an.;+49221546480;https://www.235media.com/de/imprint;mail@235media.com;https://www.235media.com/de/imprint;;keines, keine personenbezogene Adresse gefunden;Geschaeftsfuehrung;Moritz Kleine-Büning;Geschäftsführung (Impressum);https://www.235media.com/de/imprint;;;;;;;keine persoenliche Adresse auf der Seite;;https://www.235media.com/de https://www.235media.com/de/imprint https://www.235media.com/de/kontakt https://www.235media.com/de/team
Smart in Media;smartinmedia.de;belegt;passt;"Impressum &#8211; Smart In Media AG";HRB 103808;Köln;2;Starter;85;Universitätsklinikum Münster schreibt gerade Commvault Lizenzen aus. Frist 30.10.2026. Dort habt ihr 10/2025 schon geliefert (https://ted.europa.eu/de/notice/717203-2025/pdf).;+4922199994300;https://www.smartinmedia.com/de/impressum/;contact@smartinmedia.com;https://www.smartinmedia.com/de/impressum/;;keines, keine personenbezogene Adresse gefunden;;;;;;;;;;;kein Kontakt gefunden;;https://www.smartinmedia.com/de/ https://www.smartinmedia.com/de/impressum/ https://www.smartinmedia.com/de/kontakt/
HKS Systeme GmbH;hkssysteme.com;belegt;Name weicht ab;HKS Systeme GmbH;HRB 571828;Paderborn;2;Starter;85;Stadtreinigung Hamburg AöR schreibt gerade VM Workspace ONE Advanced 3-year subscriptions aus. Frist 29.10.2026. Dort habt ihr 04/2024 schon geliefert (https://ted.europa.eu/de/notice/240255-2024/pdf).;;;;;;keines, keine personenbezogene Adresse gefunden;;;;;;;;;;;kein Kontakt gefunden;;https://www.hks-systeme.de/ https://www.hks-systeme.de/impressum/ https://www.hks-systeme.de/kontakt/ https://www.hks-systeme.de/kontakt/
DSLmobil GmbH;dslmobil.de;belegt;passt;DSLmobil GmbH;HRB 25548;Asbach-Bäumenheim;10;Scale;;;+499062043110;https://www.dslmobil.de/support/kontakt/;info@dslmobil.de;https://www.dslmobil.de/impressum/;;keines, keine personenbezogene Adresse gefunden;Geschaeftsfuehrung;Matthias Korber;Vertretungsberechtigt (Impressum);https://www.dslmobil.de/impressum/;;;;;;;keine persoenliche Adresse auf der Seite;;https://www.dslmobil.de/ https://www.dslmobil.de/impressum/ https://www.dslmobil.de/support/kontakt/ https://www.dslmobil.de/unternehmen/
pdv-systeme Sachsen GmbH;pdv-sachsen.net;belegt;passt;"Impressum &#8226; pdv-systeme Sachsen GmbH";HRB 41772;Dresden;9;Team;80;Ihr Vertrag mit Sächsisches Staatsministerium für Soziales, Gesundheit... (Ersatzbeschaffung von vier Servern und einer...) endet am 02.12.2026. Die Neuausschreibung steht an.;+49351288880;https://www.pdv-sachsen.net/impressum/;info@pdv-sachsen.net;https://www.pdv-sachsen.net/impressum/;;keines, keine personenbezogene Adresse gefunden;Vertriebsleitung;Tina Gruhl;als Prokurist;https://www.pdv-sachsen.net/unternehmen/;;;;;;;keine persoenliche Adresse auf der Seite;;https://www.pdv-sachsen.net/ https://www.pdv-sachsen.net/impressum/ https://www.pdv-sachsen.net/kontakt/ https://www.pdv-sachsen.net/kontakt/
pdv-systeme Sachsen GmbH;pdv-sachsen.net;belegt;passt;"Impressum &#8226; pdv-systeme Sachsen GmbH";HRB 41772;Dresden;9;Team;80;Ihr Vertrag mit Sächsisches Staatsministerium für Soziales, Gesundheit... (Ersatzbeschaffung von vier Servern und einer...) endet am 02.12.2026. Die Neuausschreibung steht an.;+49351288880;https://www.pdv-sachsen.net/impressum/;info@pdv-sachsen.net;https://www.pdv-sachsen.net/impressum/;;keines, keine personenbezogene Adresse gefunden;Vertriebsleitung;Gerald Gruhl;als Prokurist;https://www.pdv-sachsen.net/unternehmen/;;;;;;;keine persoenliche Adresse auf der Seite;;https://www.pdv-sachsen.net/ https://www.pdv-sachsen.net/impressum/ https://www.pdv-sachsen.net/kontakt/ https://www.pdv-sachsen.net/kontakt/
pdv-systeme Sachsen GmbH;pdv-sachsen.net;belegt;passt;"Impressum &#8226; pdv-systeme Sachsen GmbH";HRB 41772;Dresden;9;Team;80;Ihr Vertrag mit Sächsisches Staatsministerium für Soziales, Gesundheit... (Ersatzbeschaffung von vier Servern und einer...) endet am 02.12.2026. Die Neuausschreibung steht an.;+49351288880;https://www.pdv-sachsen.net/impressum/;info@pdv-sachsen.net;https://www.pdv-sachsen.net/impressum/;;keines, keine personenbezogene Adresse gefunden;Geschaeftsfuehrung;Lutz Dähne;Entscheidung: PDV bleibt inhabergeführt!;https://www.pdv-sachsen.net/unternehmen/;;;;;;;keine persoenliche Adresse auf der Seite;;https://www.pdv-sachsen.net/ https://www.pdv-sachsen.net/impressum/ https://www.pdv-sachsen.net/kontakt/ https://www.pdv-sachsen.net/kontakt/
heinekingmedia GmbH;heinekingmedia.de;belegt;passt;Impressum | heinekingmedia GmbH;HRB 215710;Hannover;6;Team;70;Ihr Vertrag mit Landkreis Dahme-Spreewald (interaktive Touch-Displays fest für die Schule am Neuhaus) endete am 20.08.2026. Die Neuausschreibung steht an.;+49511675190;https://heinekingmedia.de/impressum/;info@heinekingmedia.de;https://heinekingmedia.de/impressum/;vorname.nachname;abgeleitet aus der Form anderer Adressen auf der Domain;Geschaeftsfuehrung;Tobias Bargel;Vertreten durch (Impressum);https://heinekingmedia.de/impressum/;;;;;;;keine persoenliche Adresse auf der Seite;;https://heinekingmedia.de https://heinekingmedia.de/impressum/ https://heinekingmedia.de/kontakt/ https://heinekingmedia.de/dsb-im-einsatz-bei-unternehmen/
GlasfaserPlus GmbH;glasfaserplus.de;belegt;passt;GlasfaserPlus GmbH;HRB 111286;Köln;13;Scale;;;+498003302090;https://glasfaserplus.de/impressum/;service@glasfaserplus.de;https://glasfaserplus.de/impressum/;;keines, keine personenbezogene Adresse gefunden;Geschaeftsfuehrung;Volker Diekmann;Vertreten durch (Impressum);https://glasfaserplus.de/impressum/;;;;;;;keine persoenliche Adresse auf der Seite;;https://glasfaserplus.de https://glasfaserplus.de/impressum/ https://glasfaserplus.atlassian.net/servicedesk/customer/portal/7 https://glasfaserplus.atlassian.net/servicedesk/customer/portal/7
MR Datentechnik GmbH;mr-daten.de;belegt;nicht moeglich;;;Würzburg;5;Team;70;Ihr Vertrag mit Landeshauptstadt Magdeburg, Die Oberbürgermeisterin (Los 1 Auslieferung von Standard-Laptops und Laptops...) endete am 30.09.2026. Rahmenvertrag, die Neuausschreibung kommt.;;;;;;keines, keine personenbezogene Adresse gefunden;;;;;;;;;;;kein Kontakt gefunden;;https://mr-daten.de https://mr-daten.de/impressum/ https://mr-daten.de/kontakt/ https://mr-daten.de/kontakt/
AVI.DAT Software&Technology GmbH;avidat.de;belegt;passt;Software & Technology GmbH;HRB 17342;Leipzig;2;Starter;80;Ihr Vertrag mit Hessischer Rundfunk, Anstalt des Öffentlichen Rechts... (Softwarewartung und-weiterentwicklung Miraan) endet am 31.12.2026. Die Neuausschreibung steht an.;+4934135004420;https://avidat.com/impressum/;info@avidat.com;https://avidat.com/impressum/;;keines, keine personenbezogene Adresse gefunden;Geschaeftsfuehrung;Patrik Albus;Geschäftsführer (Impressum);https://avidat.com/impressum/;;;;;;;keine persoenliche Adresse auf der Seite;;https://avidat.com/ https://avidat.com/impressum/
Speedpoint GmbH;speedpoint.de;belegt;passt;Speedpoint GmbH;HRB 7805;Darmstadt;7;Team;;;+49615197680;https://speedpoint.de/impressum;tom.agatz@wi-book.com;https://speedpoint.de/impressum;;keines, keine personenbezogene Adresse gefunden;Geschaeftsfuehrung;Philipp Müller;Geschäftsführer (Impressum);https://speedpoint.de/impressum;;;;;;;keine persoenliche Adresse auf der Seite;;https://speedpoint.de https://speedpoint.de/impressum https://speedpoint.de/kontakt https://speedpoint.de/ueber-uns
Speedpoint GmbH;speedpoint.de;belegt;passt;Speedpoint GmbH;HRB 7805;Darmstadt;7;Team;;;+49615197680;https://speedpoint.de/impressum;tom.agatz@wi-book.com;https://speedpoint.de/impressum;;keines, keine personenbezogene Adresse gefunden;Geschaeftsfuehrung;Jens Heller;Geschäftsführer (Impressum);https://speedpoint.de/impressum;;;;;;;keine persoenliche Adresse auf der Seite;;https://speedpoint.de https://speedpoint.de/impressum https://speedpoint.de/kontakt https://speedpoint.de/ueber-uns
TIGERSOFT Systemhaus GmbH;tigersoft.de;belegt;passt;TIGERSOFT Systemhaus GmbH;HRB 202646;Wolfenbüttel;10;Team;;;+4953317108350;https://www.tigersoft.de/impressum.htm;;;;keines, keine personenbezogene Adresse gefunden;Geschaeftsfuehrung;Andreas Cukrowski;Geschäftsführer (Impressum);https://www.tigersoft.de/impressum.htm;;;;;;;keine persoenliche Adresse auf der Seite;;https://www.tigersoft.de/education/index.htm https://www.tigersoft.de/impressum.htm https://www.tigersoft.de/kontakt.htm https://www.tigersoft.de/unternehmen/ueber-uns.htm
TIGERSOFT Systemhaus GmbH;tigersoft.de;belegt;passt;TIGERSOFT Systemhaus GmbH;HRB 202646;Wolfenbüttel;10;Team;;;+4953317108350;https://www.tigersoft.de/impressum.htm;;;;keines, keine personenbezogene Adresse gefunden;Geschaeftsfuehrung;Holger Kämmerer;Geschäftsführer (Impressum);https://www.tigersoft.de/impressum.htm;;;;;;;keine persoenliche Adresse auf der Seite;;https://www.tigersoft.de/education/index.htm https://www.tigersoft.de/impressum.htm https://www.tigersoft.de/kontakt.htm https://www.tigersoft.de/unternehmen/ueber-uns.htm
Erstling GmbH;erstling.de;belegt;passt;Erstling GmbH;HRB 217183;Berlin;8;Scale;;;+49306179970;https://www.erstling.de/impressum;kontakt@erstling.de;https://www.erstling.de/impressum;;keines, keine personenbezogene Adresse gefunden;;;;;;;;;;;kein Kontakt gefunden;;https://www.erstling.de/ https://www.erstling.de/impressum https://www.erstling.de/so-erreichen-sie-uns/
unique projects GmbH & Co. KG;unique-projects.com;belegt;nicht moeglich;;HRA 10450;Duisburg;3;Team;80;Ihr Vertrag mit Stadt Herdecke (Beschaffung eines neuen Storage-Systems für die Stadt...) endet am 31.10.2026. Die Neuausschreibung steht an.;+492037090090;https://www.unique-projects.com/impressum/;info@unique-projects.com;https://www.unique-projects.com/impressum/;;keines, keine personenbezogene Adresse gefunden;Vertriebsleitung;Karl Milojkovic;Head Of Sales;https://www.unique-projects.com/company/;;;;;;;keine persoenliche Adresse auf der Seite;;https://www.unique-projects.com/ https://www.unique-projects.com/impressum/ https://www.unique-projects.com/kontakt/ https://www.unique-projects.com/Clients/
unique projects GmbH & Co. KG;unique-projects.com;belegt;nicht moeglich;;HRA 10450;Duisburg;3;Team;80;Ihr Vertrag mit Stadt Herdecke (Beschaffung eines neuen Storage-Systems für die Stadt...) endet am 31.10.2026. Die Neuausschreibung steht an.;+492037090090;https://www.unique-projects.com/impressum/;info@unique-projects.com;https://www.unique-projects.com/impressum/;;keines, keine personenbezogene Adresse gefunden;Geschaeftsfuehrung;Sven Pöhlsen;Vertreten durch (Impressum);https://www.unique-projects.com/impressum/;;;;;;;keine persoenliche Adresse auf der Seite;;https://www.unique-projects.com/ https://www.unique-projects.com/impressum/ https://www.unique-projects.com/kontakt/ https://www.unique-projects.com/Clients/
unique projects GmbH & Co. KG;unique-projects.com;belegt;nicht moeglich;;HRA 10450;Duisburg;3;Team;80;Ihr Vertrag mit Stadt Herdecke (Beschaffung eines neuen Storage-Systems für die Stadt...) endet am 31.10.2026. Die Neuausschreibung steht an.;+492037090090;https://www.unique-projects.com/impressum/;info@unique-projects.com;https://www.unique-projects.com/impressum/;;keines, keine personenbezogene Adresse gefunden;Geschaeftsfuehrung;Sven Rodewald;Vertreten durch (Impressum);https://www.unique-projects.com/impressum/;;;;;;;keine persoenliche Adresse auf der Seite;;https://www.unique-projects.com/ https://www.unique-projects.com/impressum/ https://www.unique-projects.com/kontakt/ https://www.unique-projects.com/Clients/
gemelo GmbH;gemelo.de;belegt;passt;Produkte der gemelo technologies GmbH;HRB 71732;Hamburg;5;Team;;;+49403553060;https://www.gemelo.de/impressum/;info@gemelo.de;https://www.gemelo.de/impressum/;;keines, keine personenbezogene Adresse gefunden;Geschaeftsfuehrung;Peer Lessing;Geschäftsführer (Impressum);https://www.gemelo.de/impressum/;;;;;;;keine persoenliche Adresse auf der Seite;;https://www.gemelo.de/ https://www.gemelo.de/impressum/ https://www.gemelo.de/team/ https://www.gemelo.de/it-service/
Derovis GmbH;derovis.de;belegt;passt;Derovis GmbH;;Berlin;5;Team;;;+4930515932100;https://www.derovis.de/impressum;contact@derovis.de;https://www.derovis.de/impressum;nachname;belegt, Adresse passt zu einer namentlich gefundenen Person;Vertriebsleitung;Marco Gorka;Head of Sales;https://www.derovis.de/derovis-unternehmen;;;;;;;keine persoenliche Adresse auf der Seite;;https://www.derovis.de/ https://www.derovis.de/impressum https://www.derovis.de/device-management-system https://www.derovis.de/derovis-unternehmen
Derovis GmbH;derovis.de;belegt;passt;Derovis GmbH;;Berlin;5;Team;;;+4930515932100;https://www.derovis.de/impressum;contact@derovis.de;https://www.derovis.de/impressum;nachname;belegt, Adresse passt zu einer namentlich gefundenen Person;Geschaeftsfuehrung;Hélène Garin-Lorenz;Geschäftsführer (Impressum);https://www.derovis.de/impressum;;;;;;;keine persoenliche Adresse auf der Seite;;https://www.derovis.de/ https://www.derovis.de/impressum https://www.derovis.de/device-management-system https://www.derovis.de/derovis-unternehmen
Derovis GmbH;derovis.de;belegt;passt;Derovis GmbH;;Berlin;5;Team;;;+4930515932100;https://www.derovis.de/impressum;contact@derovis.de;https://www.derovis.de/impressum;nachname;belegt, Adresse passt zu einer namentlich gefundenen Person;Geschaeftsfuehrung;Paul Haufe;Geschäftsführer (Impressum);https://www.derovis.de/impressum;;;;;;;keine persoenliche Adresse auf der Seite;;https://www.derovis.de/ https://www.derovis.de/impressum https://www.derovis.de/device-management-system https://www.derovis.de/derovis-unternehmen
MCS GmbH;mcs.de;belegt;Name weicht ab;Impressum – MCS GmbH;HRB 144607;Hamburg;6;Team;;;;;;;vorname.nachname;abgeleitet aus der Form anderer Adressen auf der Domain;;;;;;;;;;;kein Kontakt gefunden;;https://www.mcs.de/ https://www.mcs.de/kontakt/impressum/ https://www.mcs.de/kontakt/ https://www.mcs.de/kontakt/impressum/
BoSch Data GmbH;boschdata.de;belegt;passt;BoSch Data GmbH;HRB 4111;Wees;5;Starter;;;+4946316040;https://www.bosch-data.de/impressum/;info@bosch-data.de;https://www.bosch-data.de/impressum/;;keines, keine personenbezogene Adresse gefunden;Geschaeftsfuehrung;André Piruschka;Geschäftsführer (Impressum);https://www.bosch-data.de/impressum/;;;;;;;keine persoenliche Adresse auf der Seite;;https://www.bosch-data.de/ https://www.bosch-data.de/impressum/ https://www.bosch-data.de/kontakt/ https://www.bosch-data.de/ueber-uns/
uhb Software GmbH;uhb-software.de;belegt;nicht moeglich;;HRB 288;St.Wolfgang;5;Team;;;+4980859390;https://uhb-software.com/impressum/;kontakt@uhb-software.com;https://uhb-software.com/impressum/;;keines, keine personenbezogene Adresse gefunden;;;;;;;;;;;kein Kontakt gefunden;;https://uhb-software.com/ https://uhb-software.com/impressum/ https://uhb-software.com/kontakt/ https://uhb-software.com/ausbildung-it-system-management/
DESK7 GmbH;desk7.de;belegt;passt;DESK7 GmbH;HRB 167759;Hamburg;4;Team;;;+4940822161710;https://desk7.com/impressum;hello@desk7.com;https://desk7.com/impressum;;keines, keine personenbezogene Adresse gefunden;Vertriebsleitung;Sebastian Pahl;Head of Sales;https://desk7.com/ueber-uns;;;;;;;keine persoenliche Adresse auf der Seite;;https://desk7.com/ https://desk7.com/impressum https://desk7.com/kontakt https://desk7.com/ueber-uns
DESK7 GmbH;desk7.de;belegt;passt;DESK7 GmbH;HRB 167759;Hamburg;4;Team;;;+4940822161710;https://desk7.com/impressum;hello@desk7.com;https://desk7.com/impressum;;keines, keine personenbezogene Adresse gefunden;Geschaeftsfuehrung;Michael Hencke;Vertreten durch (Impressum);https://desk7.com/impressum;;;;;;;keine persoenliche Adresse auf der Seite;;https://desk7.com/ https://desk7.com/impressum https://desk7.com/kontakt https://desk7.com/ueber-uns
braincon GmbH;braincon.de;belegt;passt;Impressum - braincon GmbH;HRB 88834;Dieburg;5;Team;;;+496071180300;https://braincon.de/impressum/;info@braincon.de;https://braincon.de/impressum/;;keines, keine personenbezogene Adresse gefunden;;;;;;;;;;;kein Kontakt gefunden;;https://braincon.de https://braincon.de/impressum/ https://braincon.de/kontakt/ https://braincon.de/profil/
SCALCOM GmbH;scalcom.de;belegt;passt;SCALCOM GmbH;HRB 9295;Waltenhofen;4;Team;;;+4983159188010;https://scalcom.de/Service/Impressum/;vertrieb@scalcom.de;https://scalcom.de/Service/Impressum/;vorname.nachname;abgeleitet aus der Form anderer Adressen auf der Domain;Geschaeftsfuehrung;Christian Skala;Vertreten durch (Impressum);https://scalcom.de/Service/Impressum/;;;;;;;keine persoenliche Adresse auf der Seite;;https://scalcom.de https://scalcom.de/Service/Impressum/ https://scalcom.de/Shop/Ansprechpartner/ https://scalcom.de/Service/Kontaktformular/
SCALCOM GmbH;scalcom.de;belegt;passt;SCALCOM GmbH;HRB 9295;Waltenhofen;4;Team;;;+4983159188010;https://scalcom.de/Service/Impressum/;vertrieb@scalcom.de;https://scalcom.de/Service/Impressum/;vorname.nachname;abgeleitet aus der Form anderer Adressen auf der Domain;Geschaeftsfuehrung;Robert Ihler;Vertreten durch (Impressum);https://scalcom.de/Service/Impressum/;;;;;;;keine persoenliche Adresse auf der Seite;;https://scalcom.de https://scalcom.de/Service/Impressum/ https://scalcom.de/Shop/Ansprechpartner/ https://scalcom.de/Service/Kontaktformular/
GK Datentechnik e.K.;gk-datentechnik.de;belegt;nicht moeglich;;HRA 12157;94542;5;Team;;;+4985429009000;https://gk-datentechnik.de/impressum;;;;keines, keine personenbezogene Adresse gefunden;Geschaeftsfuehrung;Dominik Leipold;Inhaber (Impressum);https://gk-datentechnik.de/impressum;;;;;;;keine persoenliche Adresse auf der Seite;;https://gk-datentechnik.de https://gk-datentechnik.de/impressum https://gk-datentechnik.de/kontakt
Raid Media Sytems GmbH;raidmedia.com;belegt;Name weicht ab;RAID Media Systems GmbH;HRB 16895;Thalheim;3;Team;;;;;;;;keines, keine personenbezogene Adresse gefunden;;;;;;;;;;;kein Kontakt gefunden;;https://raidmedia.com https://raidmedia.com/impressum/ https://raidmedia.com/contact/ https://raidmedia.com/contact/
PDV-Systemhaus GmbH;pdv-systemhaus.de;belegt;Name weicht ab;Impressum - PDV-Systemhaus GmbH;HRB 509532;Erfurt;4;Team;;;;;;;vorname.nachname;abgeleitet aus der Form anderer Adressen auf der Domain;;;;;;;;;;;kein Kontakt gefunden;;https://www.pdv-systemhaus.de/ https://www.pdv-systemhaus.de/impressum/ https://www.pdv-systemhaus.de/ansprechpartner/ https://www.pdv-systemhaus.de/kontakt/
Strößner Büroservice GmbH;stroessner.de;belegt;passt;Strößner Büroservice GmbH;HRB 1452;Hof;5;Starter;;;+499281734270;https://www.stroessner.de/impressum;info@stroessner.de;https://www.stroessner.de/impressum;;keines, keine personenbezogene Adresse gefunden;Geschaeftsfuehrung;Roland Guthke;Vertreten durch (Impressum);https://www.stroessner.de/impressum;;;;;;;keine persoenliche Adresse auf der Seite;;https://www.stroessner.de/ https://www.stroessner.de/impressum https://www.stroessner.de/kontakt https://www.stroessner.de/downloads/TeamViewerQS.exe
Proact Deutschland GmbH;proact.de;belegt;passt;Proact Deutschland GmbH;HRB 18320;Nürnberg;3;Team;;;+49911309990;https://www.proact.de/impressum/;info@proact.de;https://www.proact.de/impressum/;;keines, keine personenbezogene Adresse gefunden;Geschaeftsfuehrung;Jacob Kronborg;Geschäftsführer (Impressum);https://www.proact.de/impressum/;;;;;;;keine persoenliche Adresse auf der Seite;;https://www.proact.de/ https://www.proact.de/impressum/ https://www.proact.de/kontakt/ https://www.proact.de/support-und-service-management/
Proact Deutschland GmbH;proact.de;belegt;passt;Proact Deutschland GmbH;HRB 18320;Nürnberg;3;Team;;;+49911309990;https://www.proact.de/impressum/;info@proact.de;https://www.proact.de/impressum/;;keines, keine personenbezogene Adresse gefunden;Geschaeftsfuehrung;Christopher Hudson;Geschäftsführer (Impressum);https://www.proact.de/impressum/;;;;;;;keine persoenliche Adresse auf der Seite;;https://www.proact.de/ https://www.proact.de/impressum/ https://www.proact.de/kontakt/ https://www.proact.de/support-und-service-management/
NTS Deutschland GmbH;nts.eu;belegt;nicht moeglich;;;Leipzig;4;Team;;;+49471097709;https://www.nts.eu/impressum/;office@nts.eu;https://www.nts.eu/impressum/;;keines, keine personenbezogene Adresse gefunden;Vertriebsleitung;Matthias Ploner;Sales Director Italy;https://www.nts.eu/ueber-uns/;;;;;;;keine persoenliche Adresse auf der Seite;;https://www.nts.eu/ https://www.nts.eu/impressum/ https://www.nts.eu/kontakt/ https://www.nts.eu/ueber-uns/
NTS Deutschland GmbH;nts.eu;belegt;nicht moeglich;;;Leipzig;4;Team;;;+49471097709;https://www.nts.eu/impressum/;office@nts.eu;https://www.nts.eu/impressum/;;keines, keine personenbezogene Adresse gefunden;Vertriebsleitung;Laura Egger;Head of Sales Excellence;https://www.nts.eu/ueber-uns/;;;;;;;keine persoenliche Adresse auf der Seite;;https://www.nts.eu/ https://www.nts.eu/impressum/ https://www.nts.eu/kontakt/ https://www.nts.eu/ueber-uns/
NTS Deutschland GmbH;nts.eu;belegt;nicht moeglich;;;Leipzig;4;Team;;;+49471097709;https://www.nts.eu/impressum/;office@nts.eu;https://www.nts.eu/impressum/;;keines, keine personenbezogene Adresse gefunden;Geschaeftsfuehrung;Alexander Albler;Vertreten durch (Impressum);https://www.nts.eu/impressum/;;;;;;;keine persoenliche Adresse auf der Seite;;https://www.nts.eu/ https://www.nts.eu/impressum/ https://www.nts.eu/kontakt/ https://www.nts.eu/ueber-uns/
Sinell ALL IT GmbH;sinell-all-it.de;belegt;passt;Sinell All-IT GmbH;HRB 45743;Monheim am Rhein;3;Team;;;+49217395960;https://www.sinell.de/rechtliches/impressum;info@sinell.de;https://www.sinell.de/rechtliches/impressum;;keines, keine personenbezogene Adresse gefunden;Geschaeftsfuehrung;Jörg Sinell;Gründer von Sinell All-IT;https://www.sinell.de/ueber-uns;;;;;;;keine persoenliche Adresse auf der Seite;;https://www.sinell.de/ https://www.sinell.de/rechtliches/impressum https://www.sinell.de/kontakt https://www.sinell.de/ueber-uns
Wenzel Elektronik GmbH;wenzel-elektronik.de;belegt;passt;WENZEL Elektronik GmbH;;Bern;2;Starter;85;DB InfraGO AG – Geschäftsbereich Fahrweg (Bukr 16) schreibt gerade Integriertes Bediensystem (iBS) aus. Dort habt ihr 07/2024 schon geliefert (https://ted.europa.eu/de/notice/447484-2024/pdf).;+494101696990;https://wenzel-elektronik.de/impressum/;mail@wenzel-elektronik.de;https://wenzel-elektronik.de/impressum/;v.nachname;abgeleitet aus der Form anderer Adressen auf der Domain;Geschaeftsfuehrung;Thomas Zwick;Geschäftsführer (Impressum);https://wenzel-elektronik.de/impressum/;;;;;;;keine persoenliche Adresse auf der Seite;;https://wenzel-elektronik.de https://wenzel-elektronik.de/impressum/ https://wenzel-elektronik.de/unternehmen/ https://wenzel-elektronik.de/unternehmen/partner/
QGroup GmbH;qgroup.de;belegt;passt;QGroup GmbH;HRB 15875;Wehrheim;3;Team;;;+496917536300;https://qgroup.de/de/impressum/;info@qgroup.de;https://qgroup.de/de/impressum/;;keines, keine personenbezogene Adresse gefunden;Geschaeftsfuehrung;Thomas Blumenthal;Vertretungsberechtigt (Impressum);https://qgroup.de/de/impressum/;;;;;;;keine persoenliche Adresse auf der Seite;;https://qgroup.de https://qgroup.de/de/impressum/ https://qgroup.de/de/about-us/contact/ https://qgroup.de/de/about-us/intro/
QGroup GmbH;qgroup.de;belegt;passt;QGroup GmbH;HRB 15875;Wehrheim;3;Team;;;+496917536300;https://qgroup.de/de/impressum/;info@qgroup.de;https://qgroup.de/de/impressum/;;keines, keine personenbezogene Adresse gefunden;Geschaeftsfuehrung;Daniel Persch;Geschäftsführerin (Impressum);https://qgroup.de/de/impressum/;;;;;;;keine persoenliche Adresse auf der Seite;;https://qgroup.de https://qgroup.de/de/impressum/ https://qgroup.de/de/about-us/contact/ https://qgroup.de/de/about-us/intro/
Telonic GmbH;telonic.de;belegt;passt;Telonic GmbH;HRB 6282;Friedberg;3;Team;;;+49220396480;https://www.telonic.de/impressum/;kontakt@telonic.de;https://www.telonic.de/impressum/;;keines, keine personenbezogene Adresse gefunden;Geschaeftsfuehrung;Andreas Schlechter;Vertreten durch (Impressum);https://www.telonic.de/impressum/;;;;;;;keine persoenliche Adresse auf der Seite;;https://www.telonic.de/ https://www.telonic.de/impressum/ https://www.telonic.de/kontakt/ https://www.telonic.de/unternehmen/
Telonic GmbH;telonic.de;belegt;passt;Telonic GmbH;HRB 6282;Friedberg;3;Team;;;+49220396480;https://www.telonic.de/impressum/;kontakt@telonic.de;https://www.telonic.de/impressum/;;keines, keine personenbezogene Adresse gefunden;Geschaeftsfuehrung;Tobias Schlechter;Geschäftsführer (Impressum);https://www.telonic.de/impressum/;;;;;;;keine persoenliche Adresse auf der Seite;;https://www.telonic.de/ https://www.telonic.de/impressum/ https://www.telonic.de/kontakt/ https://www.telonic.de/unternehmen/
MAWOH Systemhaus GmbH;mawoh.de;belegt;passt;MAWOH GmbH;HRB 58270;Karlsfeld;3;Starter;;;+49610399567688;https://mawoh.de/impressum;vertrieb@mawoh.de;https://mawoh.de/impressum;;keines, keine personenbezogene Adresse gefunden;Geschaeftsfuehrung;Martin Wohlert;Geschäftsführer (Impressum);https://mawoh.de/impressum;;;;;;;keine persoenliche Adresse auf der Seite;;https://mawoh.de https://mawoh.de/impressum https://mawoh.de/kontakt https://mawoh.de/unternehmen
The Bristol Group Deutschland GmbH;bristol.de;belegt;passt;Impressum - THE BRISTOL GROUP Deutschland GmbH;HRB 34479;Langen;4;Team;;;+4961032055300;https://www.bristol.de/about/impressum/;info@bristol.de;https://www.bristol.de/about/impressum/;;keines, keine personenbezogene Adresse gefunden;Geschaeftsfuehrung;Ruth Townsend;Geschäftsführung (Impressum);https://www.bristol.de/about/impressum/;;;;;;;keine persoenliche Adresse auf der Seite;;https://bristol.de https://www.bristol.de/about/impressum/ https://bristol.de/kontakt https://bristol.de/kontakt/
AixConcept GmbH;aixconcept.de;belegt;passt;Impressum - AixConcept GmbH;HRB 12001;Aachen;3;Starter;;;+492402389410;https://aixconcept.de/impressum/;;;;keines, keine personenbezogene Adresse gefunden;Geschaeftsfuehrung;Guido Moritz;Geschäftsführer (Impressum);https://aixconcept.de/impressum/;;;;;;;keine persoenliche Adresse auf der Seite;;https://aixconcept.de https://aixconcept.de/impressum/ https://aixconcept.de/kontakt/ https://aixconcept.de/zielgruppen/unternehmen/
AixConcept GmbH;aixconcept.de;belegt;passt;Impressum - AixConcept GmbH;HRB 12001;Aachen;3;Starter;;;+492402389410;https://aixconcept.de/impressum/;;;;keines, keine personenbezogene Adresse gefunden;Geschaeftsfuehrung;Scott MacKendrick;Geschäftsführer (Impressum);https://aixconcept.de/impressum/;;;;;;;keine persoenliche Adresse auf der Seite;;https://aixconcept.de https://aixconcept.de/impressum/ https://aixconcept.de/kontakt/ https://aixconcept.de/zielgruppen/unternehmen/
AixConcept GmbH;aixconcept.de;belegt;passt;Impressum - AixConcept GmbH;HRB 12001;Aachen;3;Starter;;;+492402389410;https://aixconcept.de/impressum/;;;;keines, keine personenbezogene Adresse gefunden;Geschaeftsfuehrung;Jeff Bender;Geschäftsführer (Impressum);https://aixconcept.de/impressum/;;;;;;;keine persoenliche Adresse auf der Seite;;https://aixconcept.de https://aixconcept.de/impressum/ https://aixconcept.de/kontakt/ https://aixconcept.de/zielgruppen/unternehmen/
Heldele GmbH;heldele.de;belegt;passt;HELDELE GmbH;HRB 530646;Salach;3;Team;;;+49716240020;https://www.heldele.de/impressum;salach@heldele.de;https://www.heldele.de/impressum;;keines, keine personenbezogene Adresse gefunden;Geschaeftsfuehrung;Jürgen Christ;Geschäftsführung (Impressum);https://www.heldele.de/impressum;;;;;;;keine persoenliche Adresse auf der Seite;;https://www.heldele.de/ https://www.heldele.de/impressum https://www.heldele.de/kontakt https://www.heldele.de/leistungen/gebaeudetechnik/instandhaltung/technisches-gebaeudemanagement
CSS-Connect GmbH;css-connect.de;belegt;passt;Impressum, AGB, Datenschutz und Nutzungsbedingungen | CSS-Connect GmbH;HRB 590424;Künzelsau;3;Starter;;;+491202608;https://www.css-connect.de/impressum.php;;;;keines, keine personenbezogene Adresse gefunden;Geschaeftsfuehrung;Timo Geßler;Vertreten durch (Impressum);https://www.css-connect.de/impressum.php;;;;;;;keine persoenliche Adresse auf der Seite;;https://www.css-connect.de/ https://www.css-connect.de/impressum.php https://www.css-connect.de/kontakt.php https://www.css-connect.de/loesungen/teamarbeit.php
ICA Traffic GmbH;ica-traffic.de;belegt;passt;ICA Traffic GmbH;HRB 14529;Dortmund;3;Starter;;;+49231222480;https://ica.de/impressum-traffic/;info@ica.de;https://ica.de/impressum-traffic/;;keines, keine personenbezogene Adresse gefunden;Geschaeftsfuehrung;Heinz Sander;Geschäftsführer (Impressum);https://ica.de/impressum-traffic/;;;;;;;keine persoenliche Adresse auf der Seite;;https://ica.de/ https://ica.de/impressum-traffic/
n-tree solutions Ticketsysteme GmbH;ticketsysteme.com;belegt;nicht moeglich;;;Bregenz;3;Starter;;;+4934202302329;https://n-tree.com/impressum/;office@n-tree.com;https://n-tree.com/impressum/;;keines, keine personenbezogene Adresse gefunden;;;;;;;;;;;kein Kontakt gefunden;;https://n-tree.com/ https://n-tree.com/impressum/ https://n-tree.com/kontakt/ https://n-tree.com/ueber-uns/
ARQUE Systems GmbH;arquesystems.eu;belegt;passt;ARQUE Systems GmbH;HRB 26170;Aachen;3;Starter;;;;;contact@arque.systems;https://arque.systems/imprint;;keines, keine personenbezogene Adresse gefunden;Geschaeftsfuehrung;M. Beckers;Geschäftsführung (Impressum);https://arque.systems/imprint;;;;;;;keine persoenliche Adresse auf der Seite;;https://arque.systems/ https://arque.systems/imprint
ARQUE Systems GmbH;arquesystems.eu;belegt;passt;ARQUE Systems GmbH;HRB 26170;Aachen;3;Starter;;;;;contact@arque.systems;https://arque.systems/imprint;;keines, keine personenbezogene Adresse gefunden;Geschaeftsfuehrung;W. Meissner;Geschäftsführung (Impressum);https://arque.systems/imprint;;;;;;;keine persoenliche Adresse auf der Seite;;https://arque.systems/ https://arque.systems/imprint
Aagon GmbH;aagon.de;belegt;passt;Impressum - aagon GmbH;HRB 15997;Soest;3;Team;;;+492921789200;https://www.aagon.com/impressum/;info@aagon.com;https://www.aagon.com/impressum/;;keines, keine personenbezogene Adresse gefunden;Geschaeftsfuehrung;Jürgen Vogler;Geschäftsführer (Impressum);https://www.aagon.com/impressum/;;;;;;;keine persoenliche Adresse auf der Seite;;https://www.aagon.com/ https://www.aagon.com/impressum/ https://www.aagon.com/kontaktaufnahme-aagon/ https://www.aagon.com/produkte/wsus-ersetzen-mit-dem-acmp-windows-update-management/
Aagon GmbH;aagon.de;belegt;passt;Impressum - aagon GmbH;HRB 15997;Soest;3;Team;;;+492921789200;https://www.aagon.com/impressum/;info@aagon.com;https://www.aagon.com/impressum/;;keines, keine personenbezogene Adresse gefunden;Geschaeftsfuehrung;Patrick Lux;Geschäftsführer (Impressum);https://www.aagon.com/impressum/;;;;;;;keine persoenliche Adresse auf der Seite;;https://www.aagon.com/ https://www.aagon.com/impressum/ https://www.aagon.com/kontaktaufnahme-aagon/ https://www.aagon.com/produkte/wsus-ersetzen-mit-dem-acmp-windows-update-management/
Logiway GmbH;logiway.de;belegt;passt;Logiway GmbH;HRB 85521;Berlin;3;Starter;;;+493074755750;https://www.logiway.de/Impressum/;info@logiway.de;https://www.logiway.de/Impressum/;vorname.nachname;abgeleitet aus der Form anderer Adressen auf der Domain;Vertriebsleitung;Torsten Hasenclever;Key Account Manager;https://www.logiway.de/Ansprechpartner/;;;;;;;keine persoenliche Adresse auf der Seite;;https://www.logiway.de/ https://www.logiway.de/Impressum/ https://www.logiway.de/page/cms/13371337133713371337000000000080 https://www.logiway.de/Ansprechpartner/
Logiway GmbH;logiway.de;belegt;passt;Logiway GmbH;HRB 85521;Berlin;3;Starter;;;+493074755750;https://www.logiway.de/Impressum/;info@logiway.de;https://www.logiway.de/Impressum/;vorname.nachname;abgeleitet aus der Form anderer Adressen auf der Domain;Geschaeftsfuehrung;Michael Tappeser;Geschäftsführer (Impressum);https://www.logiway.de/Impressum/;;;;;;;keine persoenliche Adresse auf der Seite;;https://www.logiway.de/ https://www.logiway.de/Impressum/ https://www.logiway.de/page/cms/13371337133713371337000000000080 https://www.logiway.de/Ansprechpartner/
Logiway GmbH;logiway.de;belegt;passt;Logiway GmbH;HRB 85521;Berlin;3;Starter;;;+493074755750;https://www.logiway.de/Impressum/;info@logiway.de;https://www.logiway.de/Impressum/;vorname.nachname;abgeleitet aus der Form anderer Adressen auf der Domain;Geschaeftsfuehrung;Thomas Walter;Geschäftsführer (Impressum);https://www.logiway.de/Impressum/;;;;;;;keine persoenliche Adresse auf der Seite;;https://www.logiway.de/ https://www.logiway.de/Impressum/ https://www.logiway.de/page/cms/13371337133713371337000000000080 https://www.logiway.de/Ansprechpartner/
TELCAT MULTICOM;telcat.de;belegt;passt;Impressum: TELCAT MULTICOM GmbH;HRB 6386;Thale;2;Starter;;;+4953412119188;https://www.telcat.de/impressum;info@telcat.de;https://www.telcat.de/impressum;vorname.nachname;abgeleitet aus der Form anderer Adressen auf der Domain;Geschaeftsfuehrung;Christian Rittmöller;Geschäftsführer (Impressum);https://www.telcat.de/impressum;;;;;;;keine persoenliche Adresse auf der Seite;;https://www.telcat.de/ https://www.telcat.de/impressum https://www.telcat.de/unternehmen/kontakt https://www.telcat.de/unternehmen/standorte
BASYS Brinova GmbH;basys-brinova.de;belegt;passt;BASYS Brinova GmbH;;Bremen;3;Team;;;+49421434200;https://basys-brinova.de/impressum/;info@basys-brinova.de;https://basys-brinova.de/impressum/;vorname.nachname;abgeleitet aus der Form anderer Adressen auf der Domain;Geschaeftsfuehrung;Alexander Wolf;Geschäftsführer (Impressum);https://basys-brinova.de/impressum/;;;;;;;keine persoenliche Adresse auf der Seite;;https://basys-brinova.de https://basys-brinova.de/impressum/ https://basys-brinova.de/ueber-uns/kontakt/ https://basys-brinova.de/schwachstellenmanagement/
BASYS Brinova GmbH;basys-brinova.de;belegt;passt;BASYS Brinova GmbH;;Bremen;3;Team;;;+49421434200;https://basys-brinova.de/impressum/;info@basys-brinova.de;https://basys-brinova.de/impressum/;vorname.nachname;abgeleitet aus der Form anderer Adressen auf der Domain;Geschaeftsfuehrung;Fabian Kröger;Geschäftsführer (Impressum);https://basys-brinova.de/impressum/;;;;;;;keine persoenliche Adresse auf der Seite;;https://basys-brinova.de https://basys-brinova.de/impressum/ https://basys-brinova.de/ueber-uns/kontakt/ https://basys-brinova.de/schwachstellenmanagement/
netmon24 GmbH & Co. KG;netmon24.de;belegt;nicht moeglich;;HRB 5686;Limburg;2;Starter;;;+496431598700;https://netmon24.eu/impressum/;vertrieb@netmon24.eu;https://netmon24.eu/impressum/;;keines, keine personenbezogene Adresse gefunden;;;;;;;;;;;kein Kontakt gefunden;;https://netmon24.de https://netmon24.eu/impressum/ https://netmon24.eu/ueber-uns/kontakt/ https://netmon24.eu/ueber-uns/kontakt/
synaforce GmbH;synaforce.de;belegt;nicht moeglich;;HRB 11788;Nürnberg;2;Starter;;;+498545969930;https://www.synaforce.com/impressum;info@synaforce.com;https://www.synaforce.com/impressum;;keines, keine personenbezogene Adresse gefunden;Geschaeftsfuehrung;Andreas Braidt;Geschäftsführer (Impressum);https://www.synaforce.com/impressum;;;;;;;keine persoenliche Adresse auf der Seite;;https://www.synaforce.com/ https://www.synaforce.com/impressum https://www.synaforce.com/kontakt
synaforce GmbH;synaforce.de;belegt;nicht moeglich;;HRB 11788;Nürnberg;2;Starter;;;+498545969930;https://www.synaforce.com/impressum;info@synaforce.com;https://www.synaforce.com/impressum;;keines, keine personenbezogene Adresse gefunden;Geschaeftsfuehrung;Tobias Lehner;Geschäftsführer (Impressum);https://www.synaforce.com/impressum;;;;;;;keine persoenliche Adresse auf der Seite;;https://www.synaforce.com/ https://www.synaforce.com/impressum https://www.synaforce.com/kontakt
Greimel IT-Systemhaus;greimel.de;belegt;passt;GREIMEL IT-Systemhaus GmbH;HRB 113408;Dorfen;2;Starter;;;+49808193180;https://greimel.net/impressum/;info@greimel.net;https://greimel.net/impressum/;;keines, keine personenbezogene Adresse gefunden;Vertriebsleitung;Christine Greimel;Prokuristin;https://greimel.net/ueber-uns/;;;;;;;keine persoenliche Adresse auf der Seite;;https://greimel.net/ https://greimel.net/impressum/ https://greimel.net/kontakt/ https://greimel.net/ueber-uns/
Greimel IT-Systemhaus;greimel.de;belegt;passt;GREIMEL IT-Systemhaus GmbH;HRB 113408;Dorfen;2;Starter;;;+49808193180;https://greimel.net/impressum/;info@greimel.net;https://greimel.net/impressum/;;keines, keine personenbezogene Adresse gefunden;Geschaeftsfuehrung;Martin J. Greimel;Vertreten durch (Impressum);https://greimel.net/impressum/;;;;;;;keine persoenliche Adresse auf der Seite;;https://greimel.net/ https://greimel.net/impressum/ https://greimel.net/kontakt/ https://greimel.net/ueber-uns/
Greimel IT-Systemhaus;greimel.de;belegt;passt;GREIMEL IT-Systemhaus GmbH;HRB 113408;Dorfen;2;Starter;;;+49808193180;https://greimel.net/impressum/;info@greimel.net;https://greimel.net/impressum/;;keines, keine personenbezogene Adresse gefunden;Geschaeftsfuehrung;Martin Greimel;Geschäftsführer;https://greimel.net/ueber-uns/;;;;;;;keine persoenliche Adresse auf der Seite;;https://greimel.net/ https://greimel.net/impressum/ https://greimel.net/kontakt/ https://greimel.net/ueber-uns/
Pro Video Handelsgesellschaft mbH Berlin;provideo.eu;belegt;nicht moeglich;;HRB 39599;Berlin;2;Starter;;;+49304356050;https://provideo.eu/unternehmen/rechtliches/;berlin@provideo.eu;https://provideo.eu/unternehmen/rechtliches/;;keines, keine personenbezogene Adresse gefunden;Geschaeftsfuehrung;Florian Meier;Vertreten durch (Impressum);https://provideo.eu/unternehmen/rechtliches/;;;;;;;keine persoenliche Adresse auf der Seite;;https://provideo.eu https://provideo.eu/unternehmen/rechtliches/ https://provideo.eu/ https://provideo.eu/
GeT IT GmbH;get-it.de;belegt;Name weicht ab;GeT IT GmbH;HRB 6667;Bayreuth;2;Starter;;;;;;;;keines, keine personenbezogene Adresse gefunden;;;;;;;;;;;kein Kontakt gefunden;;https://get-it.de https://get-it.de/impressum
IOK GmbH & Co. KG;iok.net;belegt;Name weicht ab;IOK GmbH & Co. KG;HRA 4140;Verl, Deutschland;3;Starter;;;;;;;v.nachname;abgeleitet aus der Form anderer Adressen auf der Domain;;;;;;;;;;;kein Kontakt gefunden;;https://www.iok.net/ https://www.iok.net/impressum https://www.iok.net/kontakt https://www.iok.net/kontakt
hotsplots GmbH;hotsplots.de;belegt;nicht moeglich;;HRB 93460;Berlin;2;Starter;;;+493029773480;https://hotsplots.com/impressum/;schlichtungsstelle-tk@bnetza.de;https://hotsplots.com/impressum/;;keines, keine personenbezogene Adresse gefunden;Geschaeftsfuehrung;Sascha Schaub;Geschäftsführung (Impressum);https://hotsplots.com/impressum/;;;;;;;keine persoenliche Adresse auf der Seite;;https://hotsplots.com/ https://hotsplots.com/impressum/ https://hotsplots.com/kontakt/ https://hotsplots.com/fr/formulaire-de-contact/
hotsplots GmbH;hotsplots.de;belegt;nicht moeglich;;HRB 93460;Berlin;2;Starter;;;+493029773480;https://hotsplots.com/impressum/;schlichtungsstelle-tk@bnetza.de;https://hotsplots.com/impressum/;;keines, keine personenbezogene Adresse gefunden;Geschaeftsfuehrung;Pierre Fau;Geschäftsführung (Impressum);https://hotsplots.com/impressum/;;;;;;;keine persoenliche Adresse auf der Seite;;https://hotsplots.com/ https://hotsplots.com/impressum/ https://hotsplots.com/kontakt/ https://hotsplots.com/fr/formulaire-de-contact/
Firma Serverhero GmbH;serverhero.de;belegt;passt;Serverhero GmbH;HRB 92017;Köln;2;Starter;;;+4922342196750;https://serverhero.de/Impressum;it-beratung@serverhero.de;https://serverhero.de/Impressum;;keines, keine personenbezogene Adresse gefunden;Geschaeftsfuehrung;Jakob Tandek;Vertreten durch (Impressum);https://serverhero.de/Impressum;;;;;;;keine persoenliche Adresse auf der Seite;;https://serverhero.de https://serverhero.de/Impressum https://serverhero.de/Unternehmen/Kontaktdaten https://serverhero.de/lancom-management-cloud
VMT Düssel Video-Medien-Technik GmbH;vmt-duessel.de;belegt;passt;VMT Düssel Video-Medien-Technik GmbH;HRB 13664;Essen;2;Starter;;;+49201613020;https://vmt-duessel.de/impressum-01.html;info@vmt-duessel.de;https://vmt-duessel.de/impressum-01.html;;keines, keine personenbezogene Adresse gefunden;Geschaeftsfuehrung;Arndt Düssel;Vertreten durch (Impressum);https://vmt-duessel.de/impressum-01.html;;;;;;;keine persoenliche Adresse auf der Seite;;https://vmt-duessel.de https://vmt-duessel.de/impressum-01.html https://vmt-duessel.de/kontakt.html https://vmt-duessel.de/vmt-team-01.html
LINET Services GmbH;linet.de;belegt;passt;"Impressum &#8211; LINET Services GmbH";;Hamburg;2;Starter;;;+495311805080;https://www.linet-services.de/impressum/;info@linet.de;https://www.linet-services.de/impressum/;;keines, keine personenbezogene Adresse gefunden;Geschaeftsfuehrung;Inform. Timo Springmann;Geschäftsführer (Impressum);https://www.linet-services.de/impressum/;;;;;;;keine persoenliche Adresse auf der Seite;;https://www.linet-services.de/ https://www.linet-services.de/impressum/ https://www.linet-services.de/kontakt/ https://www.linet-services.de/ueber-uns/
LINET Services GmbH;linet.de;belegt;passt;"Impressum &#8211; LINET Services GmbH";;Hamburg;2;Starter;;;+495311805080;https://www.linet-services.de/impressum/;info@linet.de;https://www.linet-services.de/impressum/;;keines, keine personenbezogene Adresse gefunden;Geschaeftsfuehrung;Mirko Savic;Geschäftsführer (Impressum);https://www.linet-services.de/impressum/;;;;;;;keine persoenliche Adresse auf der Seite;;https://www.linet-services.de/ https://www.linet-services.de/impressum/ https://www.linet-services.de/kontakt/ https://www.linet-services.de/ueber-uns/
LINET Services GmbH;linet.de;belegt;passt;"Impressum &#8211; LINET Services GmbH";;Hamburg;2;Starter;;;+495311805080;https://www.linet-services.de/impressum/;info@linet.de;https://www.linet-services.de/impressum/;;keines, keine personenbezogene Adresse gefunden;Geschaeftsfuehrung;Inform. Moritz Bunkus;Geschäftsführer (Impressum);https://www.linet-services.de/impressum/;;;;;;;keine persoenliche Adresse auf der Seite;;https://www.linet-services.de/ https://www.linet-services.de/impressum/ https://www.linet-services.de/kontakt/ https://www.linet-services.de/ueber-uns/
Olympus Deutschland GmbH;olympus.de;belegt;passt;Olympus Europa SE & Co. KG;HRA 116518;Hamburg;2;Starter;;;+4940237730;https://www.olympus.de/company/de/imprint/;;;;keines, keine personenbezogene Adresse gefunden;;;;;;;;;;;kein Kontakt gefunden;;https://www.olympus.de/ https://www.olympus.de/company/de/imprint/ https://www.olympus.de/medical/de/Kontakt-Support/ https://www.olympus.de/company/de/kontakt/
CNS GmbH;cns-gmbh.de;belegt;Name weicht ab;Impressum - CNS Computer Network Systemengineering GmbH;HRB 3024;Gelsenkirchen;2;Starter;;;;;;;;keines, keine personenbezogene Adresse gefunden;;;;;;;;;;;kein Kontakt gefunden;;https://cns-gmbh.de https://cns-gmbh.de/impressum/ https://cns-gmbh.de/kontakt/ https://cns-gmbh.de/teamviewer-download/
CES IT-Systemhaus GmbH;ces-it.de;belegt;Name weicht ab;Impressum - CES IT-Systemhaus GmbH;;Dresden;3;Starter;;;;;;;v.nachname;abgeleitet aus der Form anderer Adressen auf der Domain;;;;;;;;;;;kein Kontakt gefunden;;https://www.ces-it.de/ https://www.ces-it.de/impressum/ https://www.ces-it.de/kontakt/ https://www.ces-it.de/kontakt/
netkab Netztwerktechnik GmbH;netkab.de;belegt;nicht moeglich;;HRB 33148;Potsdam;2;Starter;;;+496894387620;https://www.netkab.de/impressum/;info@netkab.de;https://www.netkab.de/impressum/;;keines, keine personenbezogene Adresse gefunden;Geschaeftsfuehrung;Dirk Kessler;Geschäftsführer (Impressum);https://www.netkab.de/impressum/;;;;;;;keine persoenliche Adresse auf der Seite;;https://www.netkab.de/ https://www.netkab.de/impressum/ https://www.netkab.de/kontakt/ https://www.netkab.de/unternehmen/
aDvens GmbH;advens.de;belegt;passt;ADVENS GmbH;HRB 289384;Munich;2;Starter;;;;;;;;;Geschaeftsfuehrung;David Buhan;Geschäftsführer (Impressum);https://www.advens.com/de/impressum/;;;;;;;kein Muster belegbar;;https://www.advens.com/de/ https://www.advens.com/de/impressum/ https://www.advens.com/de/kontakt/ https://www.advens.com/de/karriere/leben-bei-advens/
aDvens GmbH;advens.de;belegt;passt;ADVENS GmbH;HRB 289384;Munich;2;Starter;;;;;;;;;Geschaeftsfuehrung;Emmanuel Haudebourg;Geschäftsführer (Impressum);https://www.advens.com/de/impressum/;;;;;;;kein Muster belegbar;;https://www.advens.com/de/ https://www.advens.com/de/impressum/ https://www.advens.com/de/kontakt/ https://www.advens.com/de/karriere/leben-bei-advens/
idicos GmbH;idicos.de;belegt;passt;Copyright 2026 © All rights Reserved. idicos GmbH;HRB 432714;Schriesheim;2;Starter;;;+4962034100200;https://idicos.de/impressum/;info@idicos.de;https://idicos.de/impressum/;nachname;;Geschaeftsfuehrung;Gilbert Lauer;Vertreten durch (Impressum);https://idicos.de/impressum/;;;;;;lauer@idicos.de;Muster belegt, Adresse nicht verifiziert;Muster nachname, belegt durch lauer@idicos.de;https://idicos.de https://idicos.de/impressum/ https://idicos.de/kontakt/
esko-systems GmbH;esko-systems.de;belegt;passt;Impressum | esko-systems GmbH & Co. KG;HRB 17443;Bonn;2;Starter;;;+498284996900;https://esko-systems.de/impressum/;info@esko-systems.de;https://esko-systems.de/impressum/;;;Geschaeftsfuehrung;Manuel Köbler;vertreten durch (Impressum);https://esko-systems.de/impressum/;;;;;;;kein Muster belegbar;;https://esko-systems.de https://esko-systems.de/impressum/ https://esko-systems.de/kontakt/ https://esko-systems.de/unternehmen/
esko-systems GmbH;esko-systems.de;belegt;passt;Impressum | esko-systems GmbH & Co. KG;HRB 17443;Bonn;2;Starter;;;+498284996900;https://esko-systems.de/impressum/;info@esko-systems.de;https://esko-systems.de/impressum/;;;Geschaeftsfuehrung;Manuel Köbler;Geschäftsführender Gesellschafter;https://esko-systems.de/unternehmen/;;;;;;;kein Muster belegbar;;https://esko-systems.de https://esko-systems.de/impressum/ https://esko-systems.de/kontakt/ https://esko-systems.de/unternehmen/
OEDIV SecuSys GmbH;oediv-secusys.com;belegt;passt;OEDIV SecuSys GmbH;HRB 14970;Rostock;2;Starter;;;+49381375730;https://secusys.de/impressum/;info@secusys.de;https://secusys.de/impressum/;;;Geschaeftsfuehrung;Jörg Philipp Zielke;Vertreten durch (Impressum);https://secusys.de/impressum/;;;;;;;kein Muster belegbar;;https://secusys.de/ https://secusys.de/impressum/ https://secusys.de/kontakt/ https://secusys.de/kontakt/
concentrade GmbH;concentrade.de;belegt;Name weicht ab;Fortinet FortiSASE;HRB 13527;Dortmund;2;Starter;;;;;;;;keines, keine personenbezogene Adresse gefunden;;;;;;;;;;;kein Kontakt gefunden;;https://www.concentrade.de/ https://www.concentrade.de/impressum/ https://www.concentrade.de/ https://www.concentrade.de/
RapidMax GmbH;rapidmax.de;belegt;passt;RapidMax GmbH;;Speichersdorf;2;Starter;;;+49927596090;https://rapidmax.de/impressum/?v=e5ecf956e6d6;sales@rapidmax.de;https://rapidmax.de/impressum/?v=e5ecf956e6d6;vnachname;belegt, Adresse passt zu einer namentlich gefundenen Person;Vertriebsleitung;Markus Sendlbeck;Sales Director;https://rapidmax.de/ueber-uns/ansprechpartner/?v=e5ecf956e6d6;;;+4992759609202;Durchwahl;https://rapidmax.de/ueber-uns/ansprechpartner/?v=e5ecf956e6d6;msendlbeck@rapidmax.de;wortwoertlich auf der Seite gefunden;https://rapidmax.de/ueber-uns/ansprechpartner/?v=e5ecf956e6d6;https://rapidmax.de https://rapidmax.de/impressum/?v=e5ecf956e6d6 https://rapidmax.de/ueber-uns/ansprechpartner/?v=e5ecf956e6d6 https://rapidmax.de/service/support-kontakt/?v=e5ecf956e6d6
RapidMax GmbH;rapidmax.de;belegt;passt;RapidMax GmbH;;Speichersdorf;2;Starter;;;+49927596090;https://rapidmax.de/impressum/?v=e5ecf956e6d6;sales@rapidmax.de;https://rapidmax.de/impressum/?v=e5ecf956e6d6;vnachname;belegt, Adresse passt zu einer namentlich gefundenen Person;Geschaeftsfuehrung;Christian Schlenk;Vertreten durch (Impressum);https://rapidmax.de/impressum/?v=e5ecf956e6d6;;;;;;cschlenk@rapidmax.de;wortwoertlich auf der Seite gefunden;https://rapidmax.de/ueber-uns/ansprechpartner/?v=e5ecf956e6d6;https://rapidmax.de https://rapidmax.de/impressum/?v=e5ecf956e6d6 https://rapidmax.de/ueber-uns/ansprechpartner/?v=e5ecf956e6d6 https://rapidmax.de/service/support-kontakt/?v=e5ecf956e6d6
