Rechtsname;Domain;Ort;Tier;Tier_Begruendung;Plan_Vorschlag;Zuschlaege_seit_2024;Verschiedene_Auftraggeber;Auftragsvolumen_EUR;Erster_Zuschlag;Letzter_Zuschlag;Aktiv_12_Monate;CPV_Schwerpunkt;Top_Auftraggeber;Signal_Score;Why_now;Quelle_Beleg;Quelle_weitere;C_Rechtsname;Domain_verworfen;Rechtsname_Website;C_Domain;C_Domain_Beleg;C_Zuschlaege;C_Volumen;C_Plan_Vorschlag;C_Ort
sysGen GmbH;sysgen.de;Bremen;1 Anlass;S4 Ausschreibung beim bekannten Auftraggeber;Scale;30;20;27393406;2024-04-30;2026-09-23;ja;302,488,324,480;Rheinland-Pfälzische Technische Universität Kaiserslautern-Landau | Technische Universität Ilmenau, Dezernat Finanzen, Zentrale Vergabeste | Universität des Saarlandes - Dezernat Zentrale Beschaffung und Dienste;98;Bundesrepublik Deutschland, vertreten durch... schreibt gerade GitLab Lizenzen und Paid Addons (restliche Bundesverwaltung) aus. Frist 15.10.2026. Dort habt ihr 09/2026 schon geliefert (https://ted.europa.eu/de/notice/638445-2026/pdf).;https://ted.europa.eu/de/notice/258684-2024/pdf;https://ted.europa.eu/de/notice/533621-2024/pdf https://ted.europa.eu/de/notice/655680-2024/pdf https://ted.europa.eu/de/notice/57186-2025/pdf;hoch, Freitext aus der Bekanntmachung, normalisiert;;sysGen Systeme und Informatikanwendungen Nikisch GmbH;belegt, Rechtsname im Impressum stimmt;"Impressum nennt ""sysGen Systeme und Informatikanwendungen Nikisch GmbH"". gleicher Namensanfang ""sysgen"", sonst nichts. Ort ""Bremen"" steht im Impressum";hoch, gesetzliche Bekanntmachungspflicht, TED;hoch, Wert in der Bekanntmachung;mittel, abgeleitet aus Zuschlagsfrequenz und Preisliste;mittel, Ort aus der Bekanntmachung. Das ist nicht immer der eingetragene Sitz, manchmal die Niederlassung oder der Projektort
Prowise GmbH;prowise.de;Köln;1 Anlass;S4 Ausschreibung beim bekannten Auftraggeber;Scale;24;17;35059351;2024-02-01;2026-09-04;ja;302,480,323,301;Handwerkskammer Braunschweig-Lüneburg-Stade | Handwerkskammer für Oberfranken | ProVitako Marketing- und Dienstleistungsgesellschaft der Kommunalen IT;98;civillent GmbH schreibt gerade Software Automai Synthetic Performance Monitoring aus. Frist 05.10.2026. Dort habt ihr 03/2026 schon geliefert (https://ted.europa.eu/de/notice/213586-2026/pdf).;https://ted.europa.eu/de/notice/67522-2024/pdf;https://ted.europa.eu/de/notice/88125-2024/pdf https://ted.europa.eu/de/notice/125173-2024/pdf https://ted.europa.eu/de/notice/232560-2024/pdf;hoch, Freitext aus der Bekanntmachung, normalisiert;;Prowise GmbH;belegt, Rechtsname im Impressum stimmt;"Impressum nennt ""Prowise GmbH"". Name identisch: prowise";hoch, gesetzliche Bekanntmachungspflicht, TED;hoch, Wert in der Bekanntmachung;mittel, abgeleitet aus Zuschlagsfrequenz und Preisliste;mittel, Ort aus der Bekanntmachung. Das ist nicht immer der eingetragene Sitz, manchmal die Niederlassung oder der Projektort
Concat AG;concat.de;Bensheim;1 Anlass;S4 Ausschreibung beim bekannten Auftraggeber;Scale;19;16;63152314;2024-01-09;2026-08-31;ja;302,488,480,722;Universität Stuttgart | Rhein-Erft-Kreis | Städtisches Klinikum Braunschweig gGmbH (GBA);98;Universität Duisburg-Essen schreibt gerade Rahmenvertrag Server, Storage, Software aus. Frist 16.10.2026. Dort habt ihr 01/2024 schon geboten (https://ted.europa.eu/de/notice/13592-2024/pdf).;https://ted.europa.eu/de/notice/13592-2024/pdf;https://ted.europa.eu/de/notice/27392-2024/pdf https://ted.europa.eu/de/notice/92798-2024/pdf https://ted.europa.eu/de/notice/93957-2024/pdf;hoch, Freitext aus der Bekanntmachung, normalisiert;;Die Concat AG;belegt, Rechtsname im Impressum stimmt;"Impressum nennt ""Die Concat AG"". Name identisch: concat";hoch, gesetzliche Bekanntmachungspflicht, TED;hoch, Wert in der Bekanntmachung;mittel, abgeleitet aus Zuschlagsfrequenz und Preisliste;mittel, Ort aus der Bekanntmachung. Das ist nicht immer der eingetragene Sitz, manchmal die Niederlassung oder der Projektort
Albacon Systemhaus GmbH;albacon.de;Bad Doberan;1 Anlass;S4 Ausschreibung beim bekannten Auftraggeber;Scale;17;14;4487290;2024-01-12;2026-09-29;ja;302,300,480,323;Handwerkskammer Braunschweig-Lüneburg-Stade | Kreis Steinfurt | Landkreis Augsburg - Vergabestelle;98;Landesinstitut für Schulqualität und Lehrerbildung Sachsen... schreibt gerade Position 1 aus. Frist 09.10.2026. Dort habt ihr 03/2025 schon geliefert (https://ted.europa.eu/de/notice/178455-2025/pdf).;https://ted.europa.eu/de/notice/22375-2024/pdf;https://ted.europa.eu/de/notice/79223-2024/pdf https://ted.europa.eu/de/notice/88125-2024/pdf https://ted.europa.eu/de/notice/166496-2024/pdf;hoch, Freitext aus der Bekanntmachung, normalisiert;;Albacon Systemhaus GmbH;belegt, Rechtsname im Impressum stimmt;"Impressum nennt ""Albacon Systemhaus GmbH"". Name identisch: albacon";hoch, gesetzliche Bekanntmachungspflicht, TED;hoch, Wert in der Bekanntmachung;mittel, abgeleitet aus Zuschlagsfrequenz und Preisliste;mittel, Ort aus der Bekanntmachung. Das ist nicht immer der eingetragene Sitz, manchmal die Niederlassung oder der Projektort
ThinkRED West GmbH;thinkred.de;Bochum;1 Anlass;S2 Vertragsende;Scale;17;12;676559509;2024-02-07;2026-06-03;ja;302,503,480,324;Bayerische Kommunale IT Einkaufsgenossenschaft eG (BayKIT eG) | ekom21 - Kommunales Gebietsrechenzentrum Hessen | GSI Helmholtzzentrum für Schwerionenforschung GmbH;98;Ihr Vertrag mit Stadt Recklinghausen (Rahmenvertrag über den Kauf von Apple IPads) endet am 31.12.2026. Rahmenvertrag, die Neuausschreibung kommt.;https://ted.europa.eu/de/notice/79983-2024/pdf;https://ted.europa.eu/de/notice/165756-2024/pdf https://ted.europa.eu/de/notice/212414-2024/pdf https://ted.europa.eu/de/notice/332389-2024/pdf;hoch, Freitext aus der Bekanntmachung, normalisiert;;thinkRED GmbH;belegt, Rechtsname im Impressum stimmt;"Impressum nennt ""thinkRED GmbH"". gleicher Namensanfang ""thinkred"", sonst nichts. Ort ""Bochum"" steht im Impressum";hoch, gesetzliche Bekanntmachungspflicht, TED;hoch, Wert in der Bekanntmachung;mittel, abgeleitet aus Zuschlagsfrequenz und Preisliste;mittel, Ort aus der Bekanntmachung. Das ist nicht immer der eingetragene Sitz, manchmal die Niederlassung oder der Projektort
Raid Media Systems GmbH;raidmedia.com;Thalheim;1 Anlass;S4 Ausschreibung beim bekannten Auftraggeber;Scale;11;9;3954721;2024-04-12;2026-10-01;ja;488,302,480,300;Universität des Saarlandes - Dezernat Zentrale Beschaffung und Dienste | LMU München, Referat VI.1 | Fraunhofer-Gesellschaft - Einkauf B12;98;Fraunhofer-Gesellschaft - Einkauf B12 schreibt gerade Serversystem für KI Interferenz Workloads - PR1237100-3190-I aus. Frist 16.10.2026. Dort habt ihr 04/2024 schon geliefert (https://ted.europa.eu/de/notice/217334-2024/pdf).;https://ted.europa.eu/de/notice/217334-2024/pdf;https://ted.europa.eu/de/notice/393473-2024/pdf https://ted.europa.eu/de/notice/700475-2024/pdf https://ted.europa.eu/de/notice/57186-2025/pdf;hoch, Freitext aus der Bekanntmachung, normalisiert;;RAID Media Systems GmbH;belegt, Rechtsname im Impressum stimmt;"Impressum nennt ""RAID Media Systems GmbH"". Name identisch: raidmediasystems";hoch, gesetzliche Bekanntmachungspflicht, TED;hoch, Wert in der Bekanntmachung;mittel, abgeleitet aus Zuschlagsfrequenz und Preisliste;mittel, Ort aus der Bekanntmachung. Das ist nicht immer der eingetragene Sitz, manchmal die Niederlassung oder der Projektort
medDV GmbH;meddv.de;Fernwald;1 Anlass;S4 Ausschreibung beim bekannten Auftraggeber;Scale;9;8;24097711;2024-03-29;2026-08-10;ja;752,302,481,488;Landeshauptstadt Dresden, GB Wirtschaft, Digitales, Personal und Siche | Region Hannover | Landkreis Nienburg/Weser;98;Landkreis Görlitz schreibt gerade Los 1 - Landkreis Nordsachsen - Tablets inkl. Zubehör aus. Frist 19.10.2026. Gemeinsame Beschaffung von 3 Stellen. Dort habt ihr 06/2026 schon geliefert (https://ted.europa.eu/de/notice/425557-2026/pdf).;https://ted.europa.eu/de/notice/189806-2024/pdf;https://ted.europa.eu/de/notice/563584-2024/pdf https://ted.europa.eu/de/notice/615093-2024/pdf https://ted.europa.eu/de/notice/739940-2024/pdf;hoch, Freitext aus der Bekanntmachung, normalisiert;;medDV GmbH;belegt, Rechtsname im Impressum stimmt;"Impressum nennt ""medDV GmbH"". Name identisch: meddv";hoch, gesetzliche Bekanntmachungspflicht, TED;hoch, Wert in der Bekanntmachung;mittel, abgeleitet aus Zuschlagsfrequenz und Preisliste;mittel, Ort aus der Bekanntmachung. Das ist nicht immer der eingetragene Sitz, manchmal die Niederlassung oder der Projektort
CyProtect AG;cyprotect.de;München;1 Anlass;S4 Ausschreibung beim bekannten Auftraggeber;Scale;9;8;388311;2024-04-30;2026-05-20;ja;480,487,722,720;"Freistaat Sachsen, vertreten durch den Staatsbetrieb Sächsische Inform | Dataport AöR | Max-Planck-Gesellschaft zur Förderung der Wissenschaften e.V.; Max Pla";98;Freistaat Sachsen, vertreten durch den Staatsbetrieb... schreibt gerade Verlängerung der Suse Linux Enterprise Server Subscription... aus. Frist 07.10.2026. Dort habt ihr 04/2026 schon geliefert (https://ted.europa.eu/de/notice/290931-2026/pdf).;https://ted.europa.eu/de/notice/257204-2024/pdf;https://ted.europa.eu/de/notice/53105-2025/pdf https://ted.europa.eu/de/notice/172635-2025/pdf https://ted.europa.eu/de/notice/793349-2025/pdf;hoch, Freitext aus der Bekanntmachung, normalisiert;;CyProtect AG;belegt, Rechtsname im Impressum stimmt;"Impressum nennt ""CyProtect AG"". Name identisch: cyprotect";hoch, gesetzliche Bekanntmachungspflicht, TED;hoch, Wert in der Bekanntmachung;mittel, abgeleitet aus Zuschlagsfrequenz und Preisliste;mittel, Ort aus der Bekanntmachung. Das ist nicht immer der eingetragene Sitz, manchmal die Niederlassung oder der Projektort
IQUL GmbH;iqul.de;Bergisch Gladbach;1 Anlass;S4 Ausschreibung beim bekannten Auftraggeber;Team;6;6;11666793;2024-01-17;2026-06-25;ja;720,480,722,302;Land Hessen, vertreten durch die Hessische Zentrale für Datenverarbeit | Landesamt für innere Verwaltung M-V, Abteilung Beschaffung/Dienstleist | IT-Dienstleistungszentrum;98;Land Hessen, vertreten durch die Hessische Zentrale... schreibt gerade Secure-Web-Gateway-Systeme aus. Frist 05.10.2026. Dort habt ihr 01/2024 schon geboten (https://ted.europa.eu/de/notice/32741-2024/pdf).;https://ted.europa.eu/de/notice/32741-2024/pdf;https://ted.europa.eu/de/notice/355067-2025/pdf https://ted.europa.eu/de/notice/479071-2025/pdf https://ted.europa.eu/de/notice/815292-2025/pdf;hoch, Freitext aus der Bekanntmachung, normalisiert;;IQUL GmbH;belegt, Rechtsname im Impressum stimmt;"Impressum nennt ""IQUL GmbH"". Name identisch, aber mit ""iqul"" zu kurz, um eindeutig zu sein. Ort ""Bergisch Gladbach"" steht im Impressum";hoch, gesetzliche Bekanntmachungspflicht, TED;hoch, Wert in der Bekanntmachung;mittel, abgeleitet aus Zuschlagsfrequenz und Preisliste;mittel, Ort aus der Bekanntmachung. Das ist nicht immer der eingetragene Sitz, manchmal die Niederlassung oder der Projektort
ISEC7 GmbH;isec7.de;Hamburg;1 Anlass;S4 Ausschreibung beim bekannten Auftraggeber;Team;5;5;621000;2024-12-04;2026-09-17;ja;480,302,322;LWL.IT Service Abteilung | EKK plus GmbH | Landesamt für Zentrale Polizeiliche Dienste Nordrhein-Westfalen;98;Landesamt für Zentrale Polizeiliche Dienste... schreibt gerade Abschluss von Rahmenvereinbarungen über die Lieferung... aus. Frist 15.10.2026. Dort habt ihr 04/2025 schon geliefert (https://ted.europa.eu/de/notice/247975-2025/pdf).;https://ted.europa.eu/de/notice/740637-2024/pdf;https://ted.europa.eu/de/notice/797616-2024/pdf https://ted.europa.eu/de/notice/247975-2025/pdf https://ted.europa.eu/de/notice/828239-2025/pdf;hoch, Freitext aus der Bekanntmachung, normalisiert;;ISEC7 GmbH;belegt, Rechtsname im Impressum stimmt;"Impressum nennt ""ISEC7 GmbH"". Name identisch: isec7";hoch, gesetzliche Bekanntmachungspflicht, TED;hoch, Wert in der Bekanntmachung;mittel, abgeleitet aus Zuschlagsfrequenz und Preisliste;mittel, Ort aus der Bekanntmachung. Das ist nicht immer der eingetragene Sitz, manchmal die Niederlassung oder der Projektort
Brodos AG;brodos.de;Baiersdorf;1 Anlass;S4 Ausschreibung beim bekannten Auftraggeber;Team;5;4;7907381;2024-06-20;2026-04-09;ja;302,322,480,720;BWI GmbH | Dataport AöR | Land Schleswig-Holstein - Ministerium für Inneres, Kommunales, Wohnen ;98;Dataport AöR schreibt gerade Rahmenvertrag Standardsoftware aus. Frist 20.10.2026. Dort habt ihr 06/2024 schon geliefert (https://ted.europa.eu/de/notice/365945-2024/pdf).;https://ted.europa.eu/de/notice/365945-2024/pdf;https://ted.europa.eu/de/notice/60925-2025/pdf https://ted.europa.eu/de/notice/183090-2026/pdf https://ted.europa.eu/de/notice/199713-2026/pdf;hoch, Freitext aus der Bekanntmachung, normalisiert;;Brodos AG;belegt, Rechtsname im Impressum stimmt;"Impressum nennt ""Brodos AG"". Name identisch: brodos";hoch, gesetzliche Bekanntmachungspflicht, TED;hoch, Wert in der Bekanntmachung;mittel, abgeleitet aus Zuschlagsfrequenz und Preisliste;mittel, Ort aus der Bekanntmachung. Das ist nicht immer der eingetragene Sitz, manchmal die Niederlassung oder der Projektort
IF-Tech AG;if-tech.de;München;1 Anlass;S4 Ausschreibung beim bekannten Auftraggeber;Team;4;4;2452119;2024-01-05;2026-04-28;ja;480,486,302,485;Stadt Regensburg | IT des Bezirks Oberbayern GmbH | Kassenärztliche Vereinigung Baden-Württemberg;98;Dataport AöR schreibt gerade Rahmenvertrag Standardsoftware aus. Frist 20.10.2026. Dort habt ihr 04/2026 schon geliefert (https://ted.europa.eu/de/notice/291447-2026/pdf).;https://ted.europa.eu/de/notice/7922-2024/pdf;https://ted.europa.eu/de/notice/381452-2024/pdf https://ted.europa.eu/de/notice/769902-2025/pdf https://ted.europa.eu/de/notice/291447-2026/pdf;hoch, Freitext aus der Bekanntmachung, normalisiert;;IF-Tech GmbH;belegt, Rechtsname im Impressum stimmt;"Impressum nennt ""IF-Tech GmbH"". Name identisch: iftech";hoch, gesetzliche Bekanntmachungspflicht, TED;hoch, Wert in der Bekanntmachung;mittel, abgeleitet aus Zuschlagsfrequenz und Preisliste;mittel, Ort aus der Bekanntmachung. Das ist nicht immer der eingetragene Sitz, manchmal die Niederlassung oder der Projektort
DEKOM GmbH;dekom.de;Hamburg;1 Anlass;S4 Ausschreibung beim bekannten Auftraggeber;Team;4;4;516000;2024-05-23;2026-06-26;ja;480,722,302,323;Landesamt für Steuern | Fraunhofer-Gesellschaft - Einkauf B12 | IT-Stelle der hessischen Justiz;98;Fraunhofer-Gesellschaft - Einkauf B12 schreibt gerade Serversystem für KI Interferenz Workloads - PR1237100-3190-I aus. Frist 16.10.2026. Dort habt ihr 11/2024 schon geliefert (https://ted.europa.eu/de/notice/719724-2024/pdf).;https://ted.europa.eu/de/notice/302844-2024/pdf;https://ted.europa.eu/de/notice/719724-2024/pdf https://ted.europa.eu/de/notice/170505-2026/pdf https://ted.europa.eu/de/notice/441182-2026/pdf;hoch, Freitext aus der Bekanntmachung, normalisiert;;DEKOM AG;belegt, Rechtsname im Impressum stimmt;"Impressum nennt ""DEKOM AG"". Name identisch: dekom";hoch, gesetzliche Bekanntmachungspflicht, TED;hoch, Wert in der Bekanntmachung;mittel, abgeleitet aus Zuschlagsfrequenz und Preisliste;mittel, Ort aus der Bekanntmachung. Das ist nicht immer der eingetragene Sitz, manchmal die Niederlassung oder der Projektort
alcera Kommunikationstechnik GmbH;alcera.de;Hannover;1 Anlass;S4 Ausschreibung beim bekannten Auftraggeber;Starter;2;2;1989943;2024-10-28;2026-02-03;ja;302,480;ÜSTRA Hannoversche Verkehrsbetriebe Aktiengesellschaft | Stadt Hildesheim;98;ÜSTRA Hannoversche Verkehrsbetriebe Aktiengesellschaft schreibt gerade ÜSTRA C-ITS OBU KOM aus. Frist 16.10.2026. Dort habt ihr 10/2024 schon geliefert (https://ted.europa.eu/de/notice/652602-2024/pdf).;https://ted.europa.eu/de/notice/652602-2024/pdf;https://ted.europa.eu/de/notice/76632-2026/pdf;hoch, Freitext aus der Bekanntmachung, normalisiert;;alcera Kommunikationstechnik GmbH;belegt, Rechtsname im Impressum stimmt;"Impressum nennt ""alcera Kommunikationstechnik GmbH"". Name identisch: alcerakommunikationstechnik";hoch, gesetzliche Bekanntmachungspflicht, TED;hoch, Wert in der Bekanntmachung;mittel, abgeleitet aus Zuschlagsfrequenz und Preisliste;mittel, Ort aus der Bekanntmachung. Das ist nicht immer der eingetragene Sitz, manchmal die Niederlassung oder der Projektort
SCALTEL GmbH & Co. KG;scaltel.de;Waltenhofen;1 Anlass;S4 Ausschreibung beim bekannten Auftraggeber;Team;7;7;508248;2024-07-19;2026-08-10;ja;722,720,324,480;Stadt Frankfurt am Main, Amt für Informations- und Kommunikationstechn | Helmut-Schmidt-Universität / Universität der Bundeswehr Hamburg | Klinikum St. Marien Anstalt des öffentlichen Rechts der Stadt Amberg;93;Postbeamtenkrankenkasse schreibt gerade KI Wissensmanagement aus. Frist 02.11.2026. Dort habt ihr 04/2026 schon geliefert (https://ted.europa.eu/de/notice/270948-2026/pdf).;https://ted.europa.eu/de/notice/435448-2024/pdf;https://ted.europa.eu/de/notice/620814-2024/pdf https://ted.europa.eu/de/notice/714691-2024/pdf https://ted.europa.eu/de/notice/702298-2025/pdf;hoch, Freitext aus der Bekanntmachung, normalisiert;;SCALTEL GmbH & Co. KG;belegt, Rechtsname im Impressum stimmt;"Impressum nennt ""SCALTEL GmbH & Co. KG"". Name identisch: scaltel";hoch, gesetzliche Bekanntmachungspflicht, TED;hoch, Wert in der Bekanntmachung;mittel, abgeleitet aus Zuschlagsfrequenz und Preisliste;mittel, Ort aus der Bekanntmachung. Das ist nicht immer der eingetragene Sitz, manchmal die Niederlassung oder der Projektort
ITMediaConsult AG;itmediaconsult.de;Züsch;1 Anlass;S4 Ausschreibung beim bekannten Auftraggeber;Scale;30;23;27656293;2024-03-04;2026-09-02;ja;302,300,322,488;Kreis Steinfurt | Land Baden-Württemberg vertreten durch das Logistikzentrum Baden-Württ | Stadt Gütersloh;90;IKK classic schreibt gerade Übersetzungssoftware (01/U/2026) aus. Frist 09.10.2026. Dort habt ihr 12/2025 schon geliefert (https://ted.europa.eu/de/notice/808527-2025/pdf).;https://ted.europa.eu/de/notice/132777-2024/pdf;https://ted.europa.eu/de/notice/250070-2024/pdf https://ted.europa.eu/de/notice/473800-2024/pdf https://ted.europa.eu/de/notice/527202-2024/pdf;hoch, Freitext aus der Bekanntmachung, normalisiert;;ITMediaConsult AG;belegt, Rechtsname im Impressum stimmt;"Impressum nennt ""ITMediaConsult AG"". Name identisch: itmediaconsult";hoch, gesetzliche Bekanntmachungspflicht, TED;hoch, Wert in der Bekanntmachung;mittel, abgeleitet aus Zuschlagsfrequenz und Preisliste;mittel, Ort aus der Bekanntmachung. Das ist nicht immer der eingetragene Sitz, manchmal die Niederlassung oder der Projektort
MEGWARE Computer Vertrieb und Service GmbH;megware.de;Chemnitz-Röhrsdorf;1 Anlass;S4 Ausschreibung beim bekannten Auftraggeber;Scale;24;19;56708860;2024-03-19;2026-09-21;ja;302,488,385,386;Helmut-Schmidt-Universität/Universität der Bundeswehr Hamburg (HSU) | Karlsruher Institut für Technologie | Universität Duisburg-Essen;90;Universität Duisburg-Essen schreibt gerade Rahmenvertrag Server, Storage, Software aus. Frist 16.10.2026. Dort habt ihr 09/2026 schon geliefert (https://ted.europa.eu/de/notice/600829-2026/pdf).;https://ted.europa.eu/de/notice/163186-2024/pdf;https://ted.europa.eu/de/notice/519969-2024/pdf https://ted.europa.eu/de/notice/522654-2024/pdf https://ted.europa.eu/de/notice/534654-2024/pdf;hoch, Freitext aus der Bekanntmachung, normalisiert;;Alle Angaben zu MEGWARE Computer Vertrieb und Service GmbH;belegt, Rechtsname im Impressum stimmt;"Impressum nennt ""Alle Angaben zu MEGWARE Computer Vertrieb und Service GmbH"". Kennwort kommt vor, aber nicht am Anfang: ['megware']. Ort ""Chemnitz-Röhrsdorf"" steht im Impressum";hoch, gesetzliche Bekanntmachungspflicht, TED;hoch, Wert in der Bekanntmachung;mittel, abgeleitet aus Zuschlagsfrequenz und Preisliste;mittel, Ort aus der Bekanntmachung. Das ist nicht immer der eingetragene Sitz, manchmal die Niederlassung oder der Projektort
DELTA Computer Products GmbH;deltacomputer.de;Reinbek;1 Anlass;S4 Ausschreibung beim bekannten Auftraggeber;Scale;19;12;4860381;2024-01-11;2026-08-24;ja;488,302,503,480;Universität der Bundeswehr München (UniBw M) | Fraunhofer-Gesellschaft - Einkauf B12 | Fraunhofer-Institut für Angewandte und Integrierte Sicherheit AISEC;90;Fraunhofer-Gesellschaft - Einkauf B12 schreibt gerade Serversystem für KI Interferenz Workloads - PR1237100-3190-I aus. Frist 16.10.2026. Dort habt ihr 09/2025 schon geliefert (https://ted.europa.eu/de/notice/619107-2025/pdf).;https://ted.europa.eu/de/notice/18065-2024/pdf;https://ted.europa.eu/de/notice/123033-2024/pdf https://ted.europa.eu/de/notice/488510-2024/pdf https://ted.europa.eu/de/notice/550946-2024/pdf;hoch, Freitext aus der Bekanntmachung, normalisiert;;DELTA Computer Products GmbH;belegt, Rechtsname im Impressum stimmt;"Impressum nennt ""DELTA Computer Products GmbH"". Name identisch: deltaproducts";hoch, gesetzliche Bekanntmachungspflicht, TED;hoch, Wert in der Bekanntmachung;mittel, abgeleitet aus Zuschlagsfrequenz und Preisliste;mittel, Ort aus der Bekanntmachung. Das ist nicht immer der eingetragene Sitz, manchmal die Niederlassung oder der Projektort
Zehnbauer-IT GmbH;zehnbauer-it.de;Mannheim;1 Anlass;S4 Ausschreibung beim bekannten Auftraggeber;Scale;14;13;2019499;2024-01-10;2026-09-15;ja;302,323,438,488;Kreis Steinfurt | Landkreis Neu-Ulm | Landkreis St. Wendel Dezernat 4 Vergabestelle;90;Handwerkskammer Niederbayern-Oberpfalz schreibt gerade Notebook mit Monitor aus. Frist 19.10.2026. Dort habt ihr 06/2025 schon geliefert (https://ted.europa.eu/de/notice/415714-2025/pdf).;https://ted.europa.eu/de/notice/15901-2024/pdf;https://ted.europa.eu/de/notice/408427-2024/pdf https://ted.europa.eu/de/notice/437090-2024/pdf https://ted.europa.eu/de/notice/462800-2024/pdf;hoch, Freitext aus der Bekanntmachung, normalisiert;;Zehnbauer IT GmbH;belegt, Rechtsname im Impressum stimmt;"Impressum nennt ""Zehnbauer IT GmbH"". Name identisch: zehnbauer";hoch, gesetzliche Bekanntmachungspflicht, TED;hoch, Wert in der Bekanntmachung;mittel, abgeleitet aus Zuschlagsfrequenz und Preisliste;mittel, Ort aus der Bekanntmachung. Das ist nicht immer der eingetragene Sitz, manchmal die Niederlassung oder der Projektort
SEITENBAU;seitenbau.de;Konstanz;1 Anlass;S4 Ausschreibung beim bekannten Auftraggeber;Scale;13;9;84843909;2024-01-26;2026-09-04;ja;720,722,516;Bundesrepublik Deutschland, vertreten durch das Bundesministerium des  | Deutscher Bundestag, Referat ZR 3 - Vergaben | Freie und Hansestadt Hamburg - Behörde für Kultur und Medien - Amt Sta;90;Bundesrepublik Deutschland, vertreten durch... schreibt gerade GitLab Lizenzen und Paid Addons (restliche Bundesverwaltung) aus. Frist 15.10.2026. Dort habt ihr 02/2026 schon geliefert (https://ted.europa.eu/de/notice/92853-2026/pdf).;https://ted.europa.eu/de/notice/54034-2024/pdf;https://ted.europa.eu/de/notice/77949-2024/pdf https://ted.europa.eu/de/notice/224538-2024/pdf https://ted.europa.eu/de/notice/314836-2024/pdf;hoch, Freitext aus der Bekanntmachung, normalisiert;;SEITENBAU GmbH;belegt, Rechtsname im Impressum stimmt;"Impressum nennt ""SEITENBAU GmbH"". Name identisch: seitenbau";hoch, gesetzliche Bekanntmachungspflicht, TED;hoch, Wert in der Bekanntmachung;mittel, abgeleitet aus Zuschlagsfrequenz und Preisliste;mittel, Ort aus der Bekanntmachung. Das ist nicht immer der eingetragene Sitz, manchmal die Niederlassung oder der Projektort
eurofunk Kappacher GmbH Deutschland;eurofunk.de;Ainring;1 Anlass;S4 Ausschreibung beim bekannten Auftraggeber;Scale;11;11;4063675;2024-10-02;2026-09-18;ja;488,516,722,302;Stadt Würzburg | Rheinisch-Bergischer Kreis | Landeshauptstadt München, Kreisverwaltungsreferat, Branddirektion - Ve;90;"Stadt Nürnberg - Zentrale Dienste schreibt gerade Dienstleistung ""M365 - Solution Architect /... aus. Frist 19.10.2026. Dort habt ihr 12/2025 schon geliefert (https://ted.europa.eu/de/notice/841861-2025/pdf).";https://ted.europa.eu/de/notice/591999-2024/pdf;https://ted.europa.eu/de/notice/630817-2024/pdf https://ted.europa.eu/de/notice/131898-2025/pdf https://ted.europa.eu/de/notice/144614-2025/pdf;hoch, Freitext aus der Bekanntmachung, normalisiert;;eurofunk KAPPACHER GmbH;belegt, Rechtsname im Impressum stimmt;"Impressum nennt ""eurofunk KAPPACHER GmbH"". Name identisch: eurofunkkappacher";hoch, gesetzliche Bekanntmachungspflicht, TED;hoch, Wert in der Bekanntmachung;mittel, abgeleitet aus Zuschlagsfrequenz und Preisliste;mittel, Ort aus der Bekanntmachung. Das ist nicht immer der eingetragene Sitz, manchmal die Niederlassung oder der Projektort
enthus GmbH;enthus.de;Böblingen;1 Anlass;S4 Ausschreibung beim bekannten Auftraggeber;Scale;11;8;40227463;2024-02-16;2026-10-01;ja;302,482,324,386;Landeswohlfahrtsverband Hessen - Zentrale Vergabestelle | DFS Deutsche Flugsicherung GmbH | Stadt Neustadt am Rübenberge;90;Handwerkskammer Niederbayern-Oberpfalz schreibt gerade Notebook mit Monitor aus. Frist 19.10.2026. Dort habt ihr 08/2026 schon geliefert (https://ted.europa.eu/de/notice/564411-2026/pdf).;https://ted.europa.eu/de/notice/100287-2024/pdf;https://ted.europa.eu/de/notice/202844-2024/pdf https://ted.europa.eu/de/notice/79367-2025/pdf https://ted.europa.eu/de/notice/428441-2025/pdf;hoch, Freitext aus der Bekanntmachung, normalisiert;;enthus GmbH;belegt, Rechtsname im Impressum stimmt;"Impressum nennt ""enthus GmbH"". Name identisch: enthus";hoch, gesetzliche Bekanntmachungspflicht, TED;hoch, Wert in der Bekanntmachung;mittel, abgeleitet aus Zuschlagsfrequenz und Preisliste;mittel, Ort aus der Bekanntmachung. Das ist nicht immer der eingetragene Sitz, manchmal die Niederlassung oder der Projektort
itiso GmbH;itiso.de;Hamburg;1 Anlass;S4 Ausschreibung beim bekannten Auftraggeber;Scale;11;8;4807596;2024-02-29;2026-09-30;ja;302,480,488,325;RWTH Aachen University | Universität zu Köln, Abteilung 64 - Einkauf | Technische Hochschule Lübeck;90;Landkreis Hildesheim schreibt gerade Notebooks und Zubehör aus. Frist 12.10.2026. Dort habt ihr 06/2024 schon geliefert (https://ted.europa.eu/de/notice/365793-2024/pdf).;https://ted.europa.eu/de/notice/124117-2024/pdf;https://ted.europa.eu/de/notice/175471-2024/pdf https://ted.europa.eu/de/notice/201677-2024/pdf https://ted.europa.eu/de/notice/365793-2024/pdf;hoch, Freitext aus der Bekanntmachung, normalisiert;;Herrn Ronald Martens, Geschäftsführer der itiso GmbH;belegt, Rechtsname im Impressum stimmt;"Impressum nennt ""Herrn Ronald Martens, Geschäftsführer der itiso GmbH"". Kennwort kommt vor, aber nicht am Anfang: ['itiso']. Ort ""Hamburg"" steht im Impressum";hoch, gesetzliche Bekanntmachungspflicht, TED;hoch, Wert in der Bekanntmachung;mittel, abgeleitet aus Zuschlagsfrequenz und Preisliste;mittel, Ort aus der Bekanntmachung. Das ist nicht immer der eingetragene Sitz, manchmal die Niederlassung oder der Projektort
SanData EDV-Systemhaus GmbH;sandata.de;Nürnberg;1 Anlass;S4 Ausschreibung beim bekannten Auftraggeber;Scale;11;8;7574451;2024-04-24;2026-09-03;ja;302,720,722,480;BG-Phoenics GmbH | Wismut GmbH | Klinikum Nürnberg;90;BG-Phoenics GmbH schreibt gerade Rahmenvertrag Kauf von Notebooks und Portreplikatoren aus. Frist 19.10.2026. Dort habt ihr 03/2026 schon geliefert (https://ted.europa.eu/de/notice/197588-2026/pdf).;https://ted.europa.eu/de/notice/242027-2024/pdf;https://ted.europa.eu/de/notice/266653-2024/pdf https://ted.europa.eu/de/notice/578082-2024/pdf https://ted.europa.eu/de/notice/710740-2024/pdf;hoch, Freitext aus der Bekanntmachung, normalisiert;;SanData EDV-Systemhaus GmbH;belegt, Rechtsname im Impressum stimmt;"Impressum nennt ""SanData EDV-Systemhaus GmbH"". Name identisch: sandata";hoch, gesetzliche Bekanntmachungspflicht, TED;hoch, Wert in der Bekanntmachung;mittel, abgeleitet aus Zuschlagsfrequenz und Preisliste;mittel, Ort aus der Bekanntmachung. Das ist nicht immer der eingetragene Sitz, manchmal die Niederlassung oder der Projektort
Kupper IT GmbH;kupper-it.de;Leipzig;1 Anlass;S4 Ausschreibung beim bekannten Auftraggeber;Scale;10;9;22802790;2024-03-07;2026-06-04;ja;302,482,480,324;Landkreis Mittweida Krankenhaus GmbH | Landkreis Mittweida Krankenhaus gGmbH | Staatsbetrieb Sächsische Informatik Dienste;90;Landkreis Görlitz schreibt gerade Los 1 - Landkreis Nordsachsen - Tablets inkl. Zubehör aus. Frist 19.10.2026. Gemeinsame Beschaffung von 3 Stellen. Dort habt ihr 09/2025 schon geliefert (https://ted.europa.eu/de/notice/589269-2025/pdf).;https://ted.europa.eu/de/notice/141716-2024/pdf;https://ted.europa.eu/de/notice/394444-2024/pdf https://ted.europa.eu/de/notice/643061-2024/pdf https://ted.europa.eu/de/notice/717244-2024/pdf;hoch, Freitext aus der Bekanntmachung, normalisiert;;KUPPER IT GmbH;belegt, Rechtsname im Impressum stimmt;"Impressum nennt ""KUPPER IT GmbH"". Name identisch: kupper";hoch, gesetzliche Bekanntmachungspflicht, TED;hoch, Wert in der Bekanntmachung;mittel, abgeleitet aus Zuschlagsfrequenz und Preisliste;mittel, Ort aus der Bekanntmachung. Das ist nicht immer der eingetragene Sitz, manchmal die Niederlassung oder der Projektort
IT-Haus GmbH;ithaus.de;Föhren;1 Anlass;S4 Ausschreibung beim bekannten Auftraggeber;Scale;9;9;11394217;2024-03-20;2026-09-08;ja;302,391,300,720;Stadt Nürnberg - Zentrale Dienste | Gemeinde Wandlitz | Bundesrepublik Deutschland, vertreten durch das Bundesministerium des ;90;"Stadt Nürnberg - Zentrale Dienste schreibt gerade Dienstleistung ""M365 - Solution Architect /... aus. Frist 19.10.2026. Dort habt ihr 03/2024 schon geliefert (https://ted.europa.eu/de/notice/168625-2024/pdf).";https://ted.europa.eu/de/notice/168625-2024/pdf;https://ted.europa.eu/de/notice/231391-2024/pdf https://ted.europa.eu/de/notice/606695-2024/pdf https://ted.europa.eu/de/notice/78708-2025/pdf;hoch, Freitext aus der Bekanntmachung, normalisiert;;IT-HAUS GmbH;belegt, Rechtsname im Impressum stimmt;"Impressum nennt ""IT-HAUS GmbH"". Name identisch, aber mit ""haus"" zu kurz, um eindeutig zu sein. Ort ""Föhren"" steht im Impressum";hoch, gesetzliche Bekanntmachungspflicht, TED;hoch, Wert in der Bekanntmachung;mittel, abgeleitet aus Zuschlagsfrequenz und Preisliste;mittel, Ort aus der Bekanntmachung. Das ist nicht immer der eingetragene Sitz, manchmal die Niederlassung oder der Projektort
thinkRED GmbH;thinkred.de;Mainz;1 Anlass;S4 Ausschreibung beim bekannten Auftraggeber;Scale;9;8;352370500;2025-10-20;2026-09-10;ja;302,720,323,488;ekom21 - KGRZ Hessen | Landesbetrieb Daten und Information Rheinland-Pfalz (LDI) | Stadt Landshut;90;ekom21 - Kommunales Gebietsrechenzentrum Hessen schreibt gerade Datenschutzmanagementsystem aus. Frist 06.10.2026. Dort habt ihr 12/2025 schon geliefert (https://ted.europa.eu/de/notice/835318-2025/pdf).;https://ted.europa.eu/de/notice/686461-2025/pdf;https://ted.europa.eu/de/notice/812780-2025/pdf https://ted.europa.eu/de/notice/827865-2025/pdf https://ted.europa.eu/de/notice/835318-2025/pdf;hoch, Freitext aus der Bekanntmachung, normalisiert;;thinkRED GmbH;belegt, Rechtsname im Impressum stimmt;"Impressum nennt ""thinkRED GmbH"". Name identisch: thinkred";hoch, gesetzliche Bekanntmachungspflicht, TED;hoch, Wert in der Bekanntmachung;mittel, abgeleitet aus Zuschlagsfrequenz und Preisliste;mittel, Ort aus der Bekanntmachung. Das ist nicht immer der eingetragene Sitz, manchmal die Niederlassung oder der Projektort
druckerfachmann.de GmbH;druckerfachmann.de;Berlin;1 Anlass;S4 Ausschreibung beim bekannten Auftraggeber;Team;8;6;10590000;2024-09-23;2026-06-19;ja;302,720,301,480;Landratsamt Bodenseekreis | Bundesrepublik Deutschland, vertreten durch das Bundesministerium des  | Land Niedersachsen vertreten durch IT.Niedersachsen FG 24 - Zentrale V;90;Bundesrepublik Deutschland, vertreten durch... schreibt gerade GitLab Lizenzen und Paid Addons (restliche Bundesverwaltung) aus. Frist 15.10.2026. Dort habt ihr 06/2026 schon geliefert (https://ted.europa.eu/de/notice/424495-2026/pdf).;https://ted.europa.eu/de/notice/570663-2024/pdf;https://ted.europa.eu/de/notice/769368-2024/pdf https://ted.europa.eu/de/notice/769368-2024/pdf https://ted.europa.eu/de/notice/46509-2025/pdf;hoch, Freitext aus der Bekanntmachung, normalisiert;;druckerfachmann.de GmbH & Co. KG;belegt, Rechtsname im Impressum stimmt;"Impressum nennt ""druckerfachmann.de GmbH & Co. KG"". Name identisch: druckerfachmannde";hoch, gesetzliche Bekanntmachungspflicht, TED;hoch, Wert in der Bekanntmachung;mittel, abgeleitet aus Zuschlagsfrequenz und Preisliste;mittel, Ort aus der Bekanntmachung. Das ist nicht immer der eingetragene Sitz, manchmal die Niederlassung oder der Projektort
INFODAS GmbH;infodas.de;Köln;1 Anlass;S4 Ausschreibung beim bekannten Auftraggeber;Team;8;5;215783300;2024-03-29;2026-09-16;ja;480,720,722,302;Berliner Wasserbetriebe | Bundesrepublik Deutschland, vertreten durch das Bundesministerium des  | BWI GmbH;90;Bundesrepublik Deutschland, vertreten durch... schreibt gerade GitLab Lizenzen und Paid Addons (restliche Bundesverwaltung) aus. Frist 15.10.2026. Dort habt ihr 09/2026 schon geliefert (https://ted.europa.eu/de/notice/638250-2026/pdf).;https://ted.europa.eu/de/notice/190322-2024/pdf;https://ted.europa.eu/de/notice/313711-2025/pdf https://ted.europa.eu/de/notice/530326-2025/pdf https://ted.europa.eu/de/notice/622581-2025/pdf;hoch, Freitext aus der Bekanntmachung, normalisiert;;INFODAS Gesellschaft für Systementwicklung und Informationsverarbeitung mbH;belegt, Rechtsname im Impressum stimmt;"Impressum nennt ""INFODAS Gesellschaft für Systementwicklung und Informationsverarbeitung mbH"". gleicher Namensanfang ""infodas"", sonst nichts. Ort ""Köln"" steht im Impressum";hoch, gesetzliche Bekanntmachungspflicht, TED;hoch, Wert in der Bekanntmachung;mittel, abgeleitet aus Zuschlagsfrequenz und Preisliste;mittel, Ort aus der Bekanntmachung. Das ist nicht immer der eingetragene Sitz, manchmal die Niederlassung oder der Projektort
mentIQ GmbH;mentiq.de;Dornach;1 Anlass;S4 Ausschreibung beim bekannten Auftraggeber;Team;7;5;150079769;2024-01-09;2026-06-19;ja;480,729,323,487;Helios Kliniken GmbH | Landeswohlfahrtsverband Hessen - Zentrale Vergabestelle | Klinikum Garmisch-Partenkirchen GmbH;90;ProVitako Marketing- und Dienstleistungsgesellschaft... schreibt gerade Basis-Virtualisierung aus. Frist 12.10.2026. Dort habt ihr 06/2026 schon geliefert (https://ted.europa.eu/de/notice/424157-2026/pdf).;https://ted.europa.eu/de/notice/13161-2024/pdf;https://ted.europa.eu/de/notice/285508-2024/pdf https://ted.europa.eu/de/notice/769009-2024/pdf https://ted.europa.eu/de/notice/117327-2025/pdf;hoch, Freitext aus der Bekanntmachung, normalisiert;;mentIQ GmbH;belegt, Rechtsname im Impressum stimmt;"Impressum nennt ""mentIQ GmbH"". Name identisch: mentiq";hoch, gesetzliche Bekanntmachungspflicht, TED;hoch, Wert in der Bekanntmachung;mittel, abgeleitet aus Zuschlagsfrequenz und Preisliste;mittel, Ort aus der Bekanntmachung. Das ist nicht immer der eingetragene Sitz, manchmal die Niederlassung oder der Projektort
Rittal GmbH & Co. KG;rittal.de;Herborn;1 Anlass;S4 Ausschreibung beim bekannten Auftraggeber;Team;6;4;1306186;2024-07-18;2026-08-03;ja;302,425,488,312;Technische Universität Ilmenau, Dezernat Finanzen, zentrale Vergabeste | Bundesanstalt für Finanzdienstleistungsaufsicht | Landratsamt Greiz;90;Technische Universität Ilmenau, Dezernat Finanzen, Zentrale... schreibt gerade HPC Hardware-Komponenten aus. Frist 22.10.2026. Dort habt ihr 12/2024 schon geliefert (https://ted.europa.eu/de/notice/767278-2024/pdf).;https://ted.europa.eu/de/notice/431398-2024/pdf;https://ted.europa.eu/de/notice/629257-2024/pdf https://ted.europa.eu/de/notice/667626-2024/pdf https://ted.europa.eu/de/notice/767278-2024/pdf;hoch, Freitext aus der Bekanntmachung, normalisiert;;RITTAL GmbH & Co. KG;belegt, Rechtsname im Impressum stimmt;"Impressum nennt ""RITTAL GmbH & Co. KG"". Name identisch: rittal";hoch, gesetzliche Bekanntmachungspflicht, TED;hoch, Wert in der Bekanntmachung;mittel, abgeleitet aus Zuschlagsfrequenz und Preisliste;mittel, Ort aus der Bekanntmachung. Das ist nicht immer der eingetragene Sitz, manchmal die Niederlassung oder der Projektort
avodaq AG;avodaq.com;München;1 Anlass;S4 Ausschreibung beim bekannten Auftraggeber;Team;5;5;1950648;2024-04-17;2026-05-29;ja;720,482,302,480;Hamburger Wasserwerke GmbH | Landkreis Rotenburg (Wümme) | Postbeamtenkrankenkasse;90;Dataport AöR schreibt gerade Rahmenvertrag Standardsoftware aus. Frist 20.10.2026. Dort habt ihr 05/2026 schon geliefert (https://ted.europa.eu/de/notice/367582-2026/pdf).;https://ted.europa.eu/de/notice/227888-2024/pdf;https://ted.europa.eu/de/notice/180551-2025/pdf https://ted.europa.eu/de/notice/571339-2025/pdf https://ted.europa.eu/de/notice/162667-2026/pdf;hoch, Freitext aus der Bekanntmachung, normalisiert;;avodaq AG;belegt, Rechtsname im Impressum stimmt;"Impressum nennt ""avodaq AG"". Name identisch: avodaq";hoch, gesetzliche Bekanntmachungspflicht, TED;hoch, Wert in der Bekanntmachung;mittel, abgeleitet aus Zuschlagsfrequenz und Preisliste;mittel, Ort aus der Bekanntmachung. Das ist nicht immer der eingetragene Sitz, manchmal die Niederlassung oder der Projektort
Conscia Deutschland GmbH;conscia.de;Ettlingen;1 Anlass;S4 Ausschreibung beim bekannten Auftraggeber;Team;5;5;1;2024-07-01;2026-08-06;ja;302,722,324,300;Abrechnungszentrum Emmendingen | RKH Kliniken Ludwigsburg-Bietigheim gGmbH | Saarland-Heilstätten GmbH;90;Saarland-Heilstätten GmbH schreibt gerade VMware Subscriptions aus. Frist 07.10.2026. Dort habt ihr 02/2025 schon geliefert (https://ted.europa.eu/de/notice/84049-2025/pdf).;https://ted.europa.eu/de/notice/387719-2024/pdf;https://ted.europa.eu/de/notice/464409-2024/pdf https://ted.europa.eu/de/notice/84049-2025/pdf https://ted.europa.eu/de/notice/181078-2025/pdf;hoch, Freitext aus der Bekanntmachung, normalisiert;;Conscia Deutschland GmbH;belegt, Rechtsname im Impressum stimmt;"Impressum nennt ""Conscia Deutschland GmbH"". Name identisch: conscia";hoch, gesetzliche Bekanntmachungspflicht, TED;hoch, Wert in der Bekanntmachung;mittel, abgeleitet aus Zuschlagsfrequenz und Preisliste;mittel, Ort aus der Bekanntmachung. Das ist nicht immer der eingetragene Sitz, manchmal die Niederlassung oder der Projektort
HiScout GmbH;hiscout.com;Berlin;1 Anlass;S4 Ausschreibung beim bekannten Auftraggeber;Team;5;5;11100000;2024-08-21;2026-08-14;ja;480,487,720,722;Zentrale Vergabestelle im Bayerischen Landesamt für Steuern | DRV Bund Einkaufsmanagement | IT-Dienstleistungszentrum Berlin (AöR);90;Zentrale Vergabestelle im Bayerischen Landesamt für Steuern schreibt gerade KI-Server 2026 aus. Frist 16.10.2026. Dort habt ihr 08/2024 schon geliefert (https://ted.europa.eu/de/notice/500119-2024/pdf).;https://ted.europa.eu/de/notice/500119-2024/pdf;https://ted.europa.eu/de/notice/273455-2025/pdf https://ted.europa.eu/de/notice/445026-2025/pdf https://ted.europa.eu/de/notice/426271-2026/pdf;hoch, Freitext aus der Bekanntmachung, normalisiert;;HiScout GmbH;belegt, Rechtsname im Impressum stimmt;"Impressum nennt ""HiScout GmbH"". Name identisch: hiscout";hoch, gesetzliche Bekanntmachungspflicht, TED;hoch, Wert in der Bekanntmachung;mittel, abgeleitet aus Zuschlagsfrequenz und Preisliste;mittel, Ort aus der Bekanntmachung. Das ist nicht immer der eingetragene Sitz, manchmal die Niederlassung oder der Projektort
rola Security Solutions GmbH;rola.de;Oberhausen;1 Anlass;S4 Ausschreibung beim bekannten Auftraggeber;Team;5;5;75895251;2024-12-20;2025-10-16;ja;722,720,487,481;Polizeiinspektion Zentrale Dienste Sachsen-Anhalt | Bayerisches Landeskriminalamt | Bundesrepublik Deutschland, vertreten durch das Bundesministerium des ;90;Bundesrepublik Deutschland, vertreten durch... schreibt gerade Nachhaltige Notebooks (produktneutral) der Kategorie... aus. Frist 20.10.2026. Dort habt ihr 01/2025 schon geliefert (https://ted.europa.eu/de/notice/29628-2025/pdf).;https://ted.europa.eu/de/notice/784063-2024/pdf;https://ted.europa.eu/de/notice/801206-2024/pdf https://ted.europa.eu/de/notice/29628-2025/pdf https://ted.europa.eu/de/notice/527177-2025/pdf;hoch, Freitext aus der Bekanntmachung, normalisiert;;rola Security Solutions GmbH;belegt, Rechtsname im Impressum stimmt;"Impressum nennt ""rola Security Solutions GmbH"". Name identisch: rolasecurity";hoch, gesetzliche Bekanntmachungspflicht, TED;hoch, Wert in der Bekanntmachung;mittel, abgeleitet aus Zuschlagsfrequenz und Preisliste;mittel, Ort aus der Bekanntmachung. Das ist nicht immer der eingetragene Sitz, manchmal die Niederlassung oder der Projektort
netzwert GmbH;netzwert.it;Leipzig;1 Anlass;S4 Ausschreibung beim bekannten Auftraggeber;Team;4;4;523727;2024-01-02;2025-12-26;ja;302,720,514,324;Landkreis Berchtesgadener Land | Burgenlandkreis | Landratsamt Greiz;90;Burgenlandkreis schreibt gerade Bildungscampus Naumburg, Schönburger Straße, 06618... aus. Frist 06.10.2026. Dort habt ihr 04/2024 schon geliefert (https://ted.europa.eu/de/notice/195985-2024/pdf).;https://ted.europa.eu/de/notice/2175-2024/pdf;https://ted.europa.eu/de/notice/195985-2024/pdf https://ted.europa.eu/de/notice/324448-2024/pdf https://ted.europa.eu/de/notice/864438-2025/pdf;hoch, Freitext aus der Bekanntmachung, normalisiert;netzwert.net;netzwert GmbH;belegt, Rechtsname im Impressum stimmt;"Impressum nennt ""netzwert GmbH"". Name identisch: netzwert";hoch, gesetzliche Bekanntmachungspflicht, TED;hoch, Wert in der Bekanntmachung;mittel, abgeleitet aus Zuschlagsfrequenz und Preisliste;mittel, Ort aus der Bekanntmachung. Das ist nicht immer der eingetragene Sitz, manchmal die Niederlassung oder der Projektort
Serverhero GmbH;serverhero.de;Köln;1 Anlass;S4 Ausschreibung beim bekannten Auftraggeber;Team;4;4;574112;2024-02-01;2025-12-16;ja;302,488,480,323;Handwerkskammer Braunschweig-Lüneburg-Stade | Landestalsperrenverwaltung des Freistaates Sachsen, Betrieb Elbaue/Mul | Kreisausschuss des Hochtaunuskreises;90;Handwerkskammer Braunschweig-Lüneburg-Stade schreibt gerade VgV, TZH Lüneburg, Digitalisierung BAFA, Block 1, LV 7 aus. Frist 06.10.2026. Dort habt ihr 02/2024 schon geliefert (https://ted.europa.eu/de/notice/67522-2024/pdf).;https://ted.europa.eu/de/notice/67522-2024/pdf;https://ted.europa.eu/de/notice/1836-2025/pdf https://ted.europa.eu/de/notice/821159-2025/pdf https://ted.europa.eu/de/notice/833221-2025/pdf;hoch, Freitext aus der Bekanntmachung, normalisiert;;Serverhero GmbH;belegt, Rechtsname im Impressum stimmt;"Impressum nennt ""Serverhero GmbH"". Name identisch: serverhero";hoch, gesetzliche Bekanntmachungspflicht, TED;hoch, Wert in der Bekanntmachung;mittel, abgeleitet aus Zuschlagsfrequenz und Preisliste;mittel, Ort aus der Bekanntmachung. Das ist nicht immer der eingetragene Sitz, manchmal die Niederlassung oder der Projektort
Phywe Systeme GmbH & Co. KG;phywe.de;Göttingen;1 Anlass;S4 Ausschreibung beim bekannten Auftraggeber;Team;4;4;8858414;2024-02-28;2025-03-19;nein;300,480,302,391;Stadt Greven | Landeshauptstadt Magdeburg, Die Oberbürgermeisterin | Evangelische Schulstiftung in der EKBO;90;Landesinstitut für Schulqualität und Lehrerbildung Sachsen... schreibt gerade Position 1 aus. Frist 09.10.2026. Dort habt ihr 03/2025 schon geliefert (https://ted.europa.eu/de/notice/178455-2025/pdf).;https://ted.europa.eu/de/notice/122479-2024/pdf;https://ted.europa.eu/de/notice/779531-2024/pdf https://ted.europa.eu/de/notice/56162-2025/pdf https://ted.europa.eu/de/notice/178455-2025/pdf;hoch, Freitext aus der Bekanntmachung, normalisiert;;PHYWE Systeme GmbH & Co. KG;belegt, Rechtsname im Impressum stimmt;"Impressum nennt ""PHYWE Systeme GmbH & Co. KG"". Name identisch: phywe";hoch, gesetzliche Bekanntmachungspflicht, TED;hoch, Wert in der Bekanntmachung;mittel, abgeleitet aus Zuschlagsfrequenz und Preisliste;mittel, Ort aus der Bekanntmachung. Das ist nicht immer der eingetragene Sitz, manchmal die Niederlassung oder der Projektort
KISTERS AG;kisters.de;Aachen;1 Anlass;S4 Ausschreibung beim bekannten Auftraggeber;Team;4;4;3270145;2024-04-09;2025-11-07;ja;722,302,301,720;Bayerisches Landesamt für Umwelt | Max-Planck-Institut für Intelligente Systeme | Hessisches Ministerium für Landwirtschaft und Umwelt, Weinbau, Forsten;90;Land Hessen, vertreten durch die Hessische Zentrale... schreibt gerade Secure-Web-Gateway-Systeme aus. Frist 05.10.2026. Dort habt ihr 11/2025 schon geliefert (https://ted.europa.eu/de/notice/741289-2025/pdf).;https://ted.europa.eu/de/notice/209180-2024/pdf;https://ted.europa.eu/de/notice/249631-2025/pdf https://ted.europa.eu/de/notice/537065-2025/pdf https://ted.europa.eu/de/notice/741289-2025/pdf;hoch, Freitext aus der Bekanntmachung, normalisiert;;KISTERS AG;belegt, Rechtsname im Impressum stimmt;"Impressum nennt ""KISTERS AG"". Name identisch: kisters";hoch, gesetzliche Bekanntmachungspflicht, TED;hoch, Wert in der Bekanntmachung;mittel, abgeleitet aus Zuschlagsfrequenz und Preisliste;mittel, Ort aus der Bekanntmachung. Das ist nicht immer der eingetragene Sitz, manchmal die Niederlassung oder der Projektort
Ostertag DeTeWe GmbH;ostertagdetewe.de;Berlin;1 Anlass;S4 Ausschreibung beim bekannten Auftraggeber;Team;4;4;;2024-04-10;2026-06-25;ja;302,482,324,480;Handwerkskammer Berlin | Landeshauptstadt Düsseldorf, Der Oberbürgermeister, Amt für Recht, Ver | Bezirkskliniken Schwaben (KU);90;Team Vergabe Lieferungen/Dienstleistungen schreibt gerade Fortführung zentraler Lernort für digitale Bildung... aus. Frist 06.10.2026. Dort habt ihr 06/2026 schon geliefert (https://ted.europa.eu/de/notice/433564-2026/pdf).;https://ted.europa.eu/de/notice/211313-2024/pdf;https://ted.europa.eu/de/notice/817505-2025/pdf https://ted.europa.eu/de/notice/232095-2026/pdf https://ted.europa.eu/de/notice/433564-2026/pdf;hoch, Freitext aus der Bekanntmachung, normalisiert;;Ostertag DeTeWe GmbH;belegt, Rechtsname im Impressum stimmt;"Impressum nennt ""Ostertag DeTeWe GmbH"". Name identisch: ostertagdetewe";hoch, gesetzliche Bekanntmachungspflicht, TED;fehlt, Bekanntmachung nennt keinen Wert;mittel, abgeleitet aus Zuschlagsfrequenz und Preisliste;mittel, Ort aus der Bekanntmachung. Das ist nicht immer der eingetragene Sitz, manchmal die Niederlassung oder der Projektort
NAVUM GmbH;navum.de;Wörthsee;1 Anlass;S4 Ausschreibung beim bekannten Auftraggeber;Team;4;4;5372698;2024-05-02;2025-05-07;nein;481,302,487;Deutsches Zentrum für Luft- und Raumfahrt e.V. (DLR) | Deutsches Zentrum für Luft- und Raumfahrt e.V. | BITMARCK Beratung GmbH;90;Deutsches Zentrum für Luft- und Raumfahrt e.V. (DLR) schreibt gerade Rahmenvereinbarung Proxmox aus. Frist 19.10.2026. Gemeinsame Beschaffung von 13 Stellen. Dort habt ihr 05/2024 schon geliefert (https://ted.europa.eu/de/notice/261659-2024/pdf).;https://ted.europa.eu/de/notice/261659-2024/pdf;https://ted.europa.eu/de/notice/334093-2024/pdf https://ted.europa.eu/de/notice/593269-2024/pdf https://ted.europa.eu/de/notice/291923-2025/pdf;hoch, Freitext aus der Bekanntmachung, normalisiert;;NAVUM GmbH;belegt, Rechtsname im Impressum stimmt;"Impressum nennt ""NAVUM GmbH"". Name identisch: navum";hoch, gesetzliche Bekanntmachungspflicht, TED;hoch, Wert in der Bekanntmachung;mittel, abgeleitet aus Zuschlagsfrequenz und Preisliste;mittel, Ort aus der Bekanntmachung. Das ist nicht immer der eingetragene Sitz, manchmal die Niederlassung oder der Projektort
MediaInterface GmbH;mediainterface.de;Dresden;1 Anlass;S4 Ausschreibung beim bekannten Auftraggeber;Team;4;4;1;2024-07-09;2026-01-16;ja;483,720,323;Kreiskliniken Reutlingen GmbH | Sächsisches Krankenhaus Arnsdorf | Klinikum Fürth;90;Bundesagentur für Arbeit (BA), vertreten durch... schreibt gerade IT_TeTraoBe_2026 aus. Frist 05.10.2026. Dort habt ihr 01/2026 schon geliefert (https://ted.europa.eu/de/notice/33965-2026/pdf).;https://ted.europa.eu/de/notice/408922-2024/pdf;https://ted.europa.eu/de/notice/558111-2024/pdf https://ted.europa.eu/de/notice/754643-2024/pdf https://ted.europa.eu/de/notice/33965-2026/pdf;hoch, Freitext aus der Bekanntmachung, normalisiert;;MediaInterface GmbH;belegt, Rechtsname im Impressum stimmt;"Impressum nennt ""MediaInterface GmbH"". Name identisch: mediainterface";hoch, gesetzliche Bekanntmachungspflicht, TED;hoch, Wert in der Bekanntmachung;mittel, abgeleitet aus Zuschlagsfrequenz und Preisliste;mittel, Ort aus der Bekanntmachung. Das ist nicht immer der eingetragene Sitz, manchmal die Niederlassung oder der Projektort
itWatch GmbH;itwatch.de;München;1 Anlass;S4 Ausschreibung beim bekannten Auftraggeber;Team;4;4;1566631;2024-11-08;2026-01-13;ja;722,487,302,503;Freistaat Thüringen vertreten durch das Thüringer Landesamt für Finanz | Medizinischer Dienst Baden-Württemberg | Bundesinstitut für Risikobewertung (BfR);90;Freistaat Thüringen vertreten durch das Thüringer Landesamt... schreibt gerade TLF-IT-26-011 aus. Frist 13.10.2026. Dort habt ihr 11/2024 schon geliefert (https://ted.europa.eu/de/notice/681430-2024/pdf).;https://ted.europa.eu/de/notice/681430-2024/pdf;https://ted.europa.eu/de/notice/794631-2024/pdf https://ted.europa.eu/de/notice/380359-2025/pdf https://ted.europa.eu/de/notice/21107-2026/pdf;hoch, Freitext aus der Bekanntmachung, normalisiert;;Ramon Mörl, Geschäftsführer der itWatch GmbH;belegt, Rechtsname im Impressum stimmt;"Impressum nennt ""Ramon Mörl, Geschäftsführer der itWatch GmbH"". Kennwort kommt vor, aber nicht am Anfang: ['itwatch']. Ort ""München"" steht im Impressum";hoch, gesetzliche Bekanntmachungspflicht, TED;hoch, Wert in der Bekanntmachung;mittel, abgeleitet aus Zuschlagsfrequenz und Preisliste;mittel, Ort aus der Bekanntmachung. Das ist nicht immer der eingetragene Sitz, manchmal die Niederlassung oder der Projektort
Medialine EuroTrade AG;medialine.de;Bad Sobernheim;1 Anlass;S4 Ausschreibung beim bekannten Auftraggeber;Team;4;4;;2025-04-16;2026-09-22;ja;324,488,720,722;Deutsche Rentenversicherung Hessen | Märkischer Kreis - Der Landrat | Fraunhofer-Gesellschaft - Einkauf B12;90;Fraunhofer-Gesellschaft - Einkauf B12 schreibt gerade Serversystem für KI Interferenz Workloads - PR1237100-3190-I aus. Frist 16.10.2026. Dort habt ihr 08/2026 schon geliefert (https://ted.europa.eu/de/notice/586785-2026/pdf).;https://ted.europa.eu/de/notice/248874-2025/pdf;https://ted.europa.eu/de/notice/415316-2025/pdf https://ted.europa.eu/de/notice/586785-2026/pdf https://ted.europa.eu/de/notice/653432-2026/pdf;hoch, Freitext aus der Bekanntmachung, normalisiert;;Medialine EuroTrade AG;belegt, Rechtsname im Impressum stimmt;"Impressum nennt ""Medialine EuroTrade AG"". Name identisch: medialineeurotrade";hoch, gesetzliche Bekanntmachungspflicht, TED;fehlt, Bekanntmachung nennt keinen Wert;mittel, abgeleitet aus Zuschlagsfrequenz und Preisliste;mittel, Ort aus der Bekanntmachung. Das ist nicht immer der eingetragene Sitz, manchmal die Niederlassung oder der Projektort
NetDescribe GmbH;netdescribe.de;München;1 Anlass;S4 Ausschreibung beim bekannten Auftraggeber;Team;4;3;2684609;2024-01-05;2026-08-24;ja;480,487,482;Zentrale Vergabestelle im Bayerischen Landesamt für Steuern | Julius-Maximilians-Universität Würzburg als staatliche Einrichtung in  | Nord Ost West Informationstechnik GmbH;90;Zentrale Vergabestelle im Bayerischen Landesamt für Steuern schreibt gerade KI-Server 2026 aus. Frist 16.10.2026. Dort habt ihr 10/2024 schon geliefert (https://ted.europa.eu/de/notice/664440-2024/pdf).;https://ted.europa.eu/de/notice/8122-2024/pdf;https://ted.europa.eu/de/notice/664440-2024/pdf https://ted.europa.eu/de/notice/592054-2025/pdf https://ted.europa.eu/de/notice/582585-2026/pdf;hoch, Freitext aus der Bekanntmachung, normalisiert;;NetDescribe GmbH;belegt, Rechtsname im Impressum stimmt;"Impressum nennt ""NetDescribe GmbH"". Name identisch: netdescribe";hoch, gesetzliche Bekanntmachungspflicht, TED;hoch, Wert in der Bekanntmachung;mittel, abgeleitet aus Zuschlagsfrequenz und Preisliste;mittel, Ort aus der Bekanntmachung. Das ist nicht immer der eingetragene Sitz, manchmal die Niederlassung oder der Projektort
Greenbone AG;greenbone.de;Osnabrück;1 Anlass;S4 Ausschreibung beim bekannten Auftraggeber;Team;4;3;6011250;2025-04-04;2026-09-24;ja;722,480,485,487;Bundesrepublik Deutschland, vertreten durch das Bundesministerium des  | Technische Hochschule Wildau | BWI GmbH;90;Bundesrepublik Deutschland, vertreten durch... schreibt gerade GitLab Lizenzen und Paid Addons (restliche Bundesverwaltung) aus. Frist 15.10.2026. Dort habt ihr 11/2025 schon geliefert (https://ted.europa.eu/de/notice/773172-2025/pdf).;https://ted.europa.eu/de/notice/217681-2025/pdf;https://ted.europa.eu/de/notice/773172-2025/pdf https://ted.europa.eu/de/notice/19604-2026/pdf https://ted.europa.eu/de/notice/658352-2026/pdf;hoch, Freitext aus der Bekanntmachung, normalisiert;;This site is provided by Greenbone AG;belegt, Rechtsname im Impressum stimmt;"Impressum nennt ""This site is provided by Greenbone AG"". Kennwort kommt vor, aber nicht am Anfang: ['greenbone']. Ort ""Osnabrück"" steht im Impressum";hoch, gesetzliche Bekanntmachungspflicht, TED;hoch, Wert in der Bekanntmachung;mittel, abgeleitet aus Zuschlagsfrequenz und Preisliste;mittel, Ort aus der Bekanntmachung. Das ist nicht immer der eingetragene Sitz, manchmal die Niederlassung oder der Projektort
Medientechnik Thomas GmbH;medientechnik-thomas.de;Siegen;1 Anlass;S4 Ausschreibung beim bekannten Auftraggeber;Team;3;3;1;2024-01-16;2025-10-07;ja;516,310,302,480;chip GmbH Cooperationsgesellschaft Hochschulen und Industrielle Praxis | Technische Universität Dortmund | Universität Siegen;90;Technische Universität Dortmund schreibt gerade Lizenzwartung IBM Cognos Business Intelligence... aus. Frist 21.10.2026. Dort habt ihr 07/2025 schon geliefert (https://ted.europa.eu/de/notice/488904-2025/pdf).;https://ted.europa.eu/de/notice/30387-2024/pdf;https://ted.europa.eu/de/notice/488904-2025/pdf https://ted.europa.eu/de/notice/656026-2025/pdf;hoch, Freitext aus der Bekanntmachung, normalisiert;;Medientechnik Thomas GmbH;belegt, Rechtsname im Impressum stimmt;"Impressum nennt ""Medientechnik Thomas GmbH"". Name identisch: medientechnikthomas";hoch, gesetzliche Bekanntmachungspflicht, TED;hoch, Wert in der Bekanntmachung;mittel, abgeleitet aus Zuschlagsfrequenz und Preisliste;mittel, Ort aus der Bekanntmachung. Das ist nicht immer der eingetragene Sitz, manchmal die Niederlassung oder der Projektort
Mettenmeier GmbH;mettenmeier.de;Paderborn;1 Anlass;S4 Ausschreibung beim bekannten Auftraggeber;Team;3;3;1640801;2024-02-22;2025-04-24;nein;302,720;SWM Services GmbH | Niedersächsische Landesforsten, Nds. Forstplanungsamt | Zentrale Vergabestelle im Bayerischen Landesamt für Steuern;90;Zentrale Vergabestelle im Bayerischen Landesamt für Steuern schreibt gerade KI-Server 2026 aus. Frist 16.10.2026. Dort habt ihr 04/2025 schon geliefert (https://ted.europa.eu/de/notice/266095-2025/pdf).;https://ted.europa.eu/de/notice/110766-2024/pdf;https://ted.europa.eu/de/notice/219440-2025/pdf https://ted.europa.eu/de/notice/266095-2025/pdf;hoch, Freitext aus der Bekanntmachung, normalisiert;;Mettenmeier GmbH;belegt, Rechtsname im Impressum stimmt;"Impressum nennt ""Mettenmeier GmbH"". Name identisch: mettenmeier";hoch, gesetzliche Bekanntmachungspflicht, TED;hoch, Wert in der Bekanntmachung;mittel, abgeleitet aus Zuschlagsfrequenz und Preisliste;mittel, Ort aus der Bekanntmachung. Das ist nicht immer der eingetragene Sitz, manchmal die Niederlassung oder der Projektort
dacoso GmbH;dacoso.com;Langen;1 Anlass;S4 Ausschreibung beim bekannten Auftraggeber;Team;3;3;13876156;2024-04-29;2026-09-01;ja;720,302,516,503;Berliner Wasserbetriebe | Universität Stuttgart | Deutsche Bundesbank, Zentralbereich Beschaffungen;90;Berliner Wasserbetriebe schreibt gerade Confluence Lizenzen Abo aus. Frist 21.10.2026. Dort habt ihr 04/2024 schon geliefert (https://ted.europa.eu/de/notice/254231-2024/pdf).;https://ted.europa.eu/de/notice/254231-2024/pdf;https://ted.europa.eu/de/notice/31812-2026/pdf https://ted.europa.eu/de/notice/602633-2026/pdf;hoch, Freitext aus der Bekanntmachung, normalisiert;;dacoso GmbH;belegt, Rechtsname im Impressum stimmt;"Impressum nennt ""dacoso GmbH"". Name identisch: dacoso";hoch, gesetzliche Bekanntmachungspflicht, TED;hoch, Wert in der Bekanntmachung;mittel, abgeleitet aus Zuschlagsfrequenz und Preisliste;mittel, Ort aus der Bekanntmachung. Das ist nicht immer der eingetragene Sitz, manchmal die Niederlassung oder der Projektort
ProSoft Krippner GmbH;prosoft-krippner.com;Leipzig;1 Anlass;S4 Ausschreibung beim bekannten Auftraggeber;Team;3;3;;2024-07-10;2025-06-13;nein;302,480,488;Landkreis Nordsachsen | Europäisches Bildungswerk für Beruf und Gesellschaft gGmbH | Landkreis Waldeck-Frankenberg;90;Landkreis Nordsachsen schreibt gerade Los 1 - Landkreis Nordsachsen - Tablets inkl. Zubehör aus. Frist 19.10.2026. Gemeinsame Beschaffung von 3 Stellen. Dort habt ihr 07/2024 schon geliefert (https://ted.europa.eu/de/notice/411267-2024/pdf).;https://ted.europa.eu/de/notice/411267-2024/pdf;https://ted.europa.eu/de/notice/582446-2024/pdf https://ted.europa.eu/de/notice/382384-2025/pdf;hoch, Freitext aus der Bekanntmachung, normalisiert;;ProSoft Krippner GmbH;belegt, Rechtsname im Impressum stimmt;"Impressum nennt ""ProSoft Krippner GmbH"". Name identisch: prosoftkrippner";hoch, gesetzliche Bekanntmachungspflicht, TED;fehlt, Bekanntmachung nennt keinen Wert;mittel, abgeleitet aus Zuschlagsfrequenz und Preisliste;mittel, Ort aus der Bekanntmachung. Das ist nicht immer der eingetragene Sitz, manchmal die Niederlassung oder der Projektort
docConsult GmbH;docconsult.de;Bonn;1 Anlass;S4 Ausschreibung beim bekannten Auftraggeber;Team;3;3;3920000;2024-08-14;2025-08-01;nein;722,480,487;Rechenzentrum der Finanzverwaltung des Landes NRW | BWI GmbH | Bundesrepublik Deutschland, vertreten durch das Bundesministerium des ;90;Bundesrepublik Deutschland, vertreten durch... schreibt gerade GitLab Lizenzen und Paid Addons (restliche Bundesverwaltung) aus. Frist 15.10.2026. Dort habt ihr 08/2025 schon geliefert (https://ted.europa.eu/de/notice/505620-2025/pdf).;https://ted.europa.eu/de/notice/490649-2024/pdf;https://ted.europa.eu/de/notice/427984-2025/pdf https://ted.europa.eu/de/notice/505620-2025/pdf;hoch, Freitext aus der Bekanntmachung, normalisiert;;docConsult GmbH;belegt, Rechtsname im Impressum stimmt;"Impressum nennt ""docConsult GmbH"". Name identisch: docconsult";hoch, gesetzliche Bekanntmachungspflicht, TED;hoch, Wert in der Bekanntmachung;mittel, abgeleitet aus Zuschlagsfrequenz und Preisliste;mittel, Ort aus der Bekanntmachung. Das ist nicht immer der eingetragene Sitz, manchmal die Niederlassung oder der Projektort
Thieme DokuForm GmbH;thieme-dokuform.de;Lübeck;1 Anlass;S4 Ausschreibung beim bekannten Auftraggeber;Team;3;3;78380;2024-10-21;2026-07-30;ja;722,302,480,481;Kreis Soest, Zentrale Vergabestelle | Landkreis Nordsachsen | Kreis Viersen - Abteilung 38/2;90;Landkreis Nordsachsen schreibt gerade Los 1 - Landkreis Nordsachsen - Tablets inkl. Zubehör aus. Frist 19.10.2026. Gemeinsame Beschaffung von 3 Stellen. Dort habt ihr 02/2026 schon geliefert (https://ted.europa.eu/de/notice/82831-2026/pdf).;https://ted.europa.eu/de/notice/635054-2024/pdf;https://ted.europa.eu/de/notice/82831-2026/pdf https://ted.europa.eu/de/notice/528325-2026/pdf;hoch, Freitext aus der Bekanntmachung, normalisiert;;Thieme DokuFORM GmbH;belegt, Rechtsname im Impressum stimmt;"Impressum nennt ""Thieme DokuFORM GmbH"". Name identisch: thiemedokuform";hoch, gesetzliche Bekanntmachungspflicht, TED;hoch, Wert in der Bekanntmachung;mittel, abgeleitet aus Zuschlagsfrequenz und Preisliste;mittel, Ort aus der Bekanntmachung. Das ist nicht immer der eingetragene Sitz, manchmal die Niederlassung oder der Projektort
Univention GmbH;univention.de;Bremen;1 Anlass;S4 Ausschreibung beim bekannten Auftraggeber;Team;3;3;220000;2024-12-19;2025-08-01;nein;487,720,480;"Land Mecklenburg-Vorpommern, vertreten durch das Ministerium für Bildu | Stadt Chemnitz, Hauptamt Abt. Zentrale Dienste /Submission | Max-Planck-Gesellschaft zur Förderung der Wissenschaften e. V.; Max Pl";90;Land Mecklenburg-Vorpommern, vertreten durch... schreibt gerade EVB-IT Rahmenvereinbarung: Noten... aus. Frist 20.10.2026. Dort habt ihr 12/2024 schon geliefert (https://ted.europa.eu/de/notice/778515-2024/pdf).;https://ted.europa.eu/de/notice/778515-2024/pdf;https://ted.europa.eu/de/notice/398732-2025/pdf https://ted.europa.eu/de/notice/503992-2025/pdf;hoch, Freitext aus der Bekanntmachung, normalisiert;;Univention GmbH;belegt, Rechtsname im Impressum stimmt;"Impressum nennt ""Univention GmbH"". Name identisch: univention";hoch, gesetzliche Bekanntmachungspflicht, TED;hoch, Wert in der Bekanntmachung;mittel, abgeleitet aus Zuschlagsfrequenz und Preisliste;mittel, Ort aus der Bekanntmachung. Das ist nicht immer der eingetragene Sitz, manchmal die Niederlassung oder der Projektort
public edge GmbH;publicedge.de;Berlin;1 Anlass;S4 Ausschreibung beim bekannten Auftraggeber;Team;3;3;112500000;2026-07-02;2026-08-06;ja;302,488,720;Dataport AöR | ProVitako Marketing- und Dienstleistungsgesellschaft der Kommunalen IT | Vertragseinrichtungen der Prospitalia GmbH, Ulm;90;Dataport AöR schreibt gerade Rahmenvertrag Standardsoftware aus. Frist 20.10.2026. Dort habt ihr 07/2026 schon geliefert (https://ted.europa.eu/de/notice/454263-2026/pdf).;https://ted.europa.eu/de/notice/454263-2026/pdf;https://ted.europa.eu/de/notice/486025-2026/pdf https://ted.europa.eu/de/notice/545900-2026/pdf;hoch, Freitext aus der Bekanntmachung, normalisiert;;public edge GmbH;belegt, Rechtsname im Impressum stimmt;"Impressum nennt ""public edge GmbH"". Name identisch: publicedge";hoch, gesetzliche Bekanntmachungspflicht, TED;hoch, Wert in der Bekanntmachung;mittel, abgeleitet aus Zuschlagsfrequenz und Preisliste;mittel, Ort aus der Bekanntmachung. Das ist nicht immer der eingetragene Sitz, manchmal die Niederlassung oder der Projektort
roda computer GmbH;roda-computer.de;Lichtenau;1 Anlass;S4 Ausschreibung beim bekannten Auftraggeber;Starter;3;2;;2024-04-25;2026-07-24;ja;302,480;Bundesamt für Ausrüstung, Informationstechnik und Nutzung der Bundeswe | BAAINBw;90;Bundesamt für Ausrüstung, Informationstechnik und Nutzung... schreibt gerade Beschaffung von Microsoft Lizenzen aus. Frist 21.10.2026. Dort habt ihr 07/2026 schon geliefert (https://ted.europa.eu/de/notice/512759-2026/pdf).;https://ted.europa.eu/de/notice/247249-2024/pdf;https://ted.europa.eu/de/notice/30524-2026/pdf https://ted.europa.eu/de/notice/512759-2026/pdf;hoch, Freitext aus der Bekanntmachung, normalisiert;;roda computer GmbH;belegt, Rechtsname im Impressum stimmt;"Impressum nennt ""roda computer GmbH"". Name identisch, aber mit ""roda"" zu kurz, um eindeutig zu sein. Ort ""Lichtenau"" steht im Impressum";hoch, gesetzliche Bekanntmachungspflicht, TED;fehlt, Bekanntmachung nennt keinen Wert;mittel, abgeleitet aus Zuschlagsfrequenz und Preisliste;mittel, Ort aus der Bekanntmachung. Das ist nicht immer der eingetragene Sitz, manchmal die Niederlassung oder der Projektort
Logicalis GmbH;logicalis.de;Neu-Isenburg;1 Anlass;S4 Ausschreibung beim bekannten Auftraggeber;Starter;3;2;4800000;2024-07-03;2025-08-04;nein;302,480;Universität zu Köln, Abteilung 64 - Einkauf | Oberfinanzdirektion Baden-Württtemberg - LZfD;90;Universität zu Köln, Abteilung 64 - Einkauf schreibt gerade Universität zu Köln - Wartung-/Instandhaltungsservice... aus. Frist 15.10.2026. Dort habt ihr 12/2024 schon geliefert (https://ted.europa.eu/de/notice/743502-2024/pdf).;https://ted.europa.eu/de/notice/393872-2024/pdf;https://ted.europa.eu/de/notice/743502-2024/pdf https://ted.europa.eu/de/notice/507110-2025/pdf;hoch, Freitext aus der Bekanntmachung, normalisiert;;Logicalis GmbH;belegt, Rechtsname im Impressum stimmt;"Impressum nennt ""Logicalis GmbH"". Name identisch: logicalis";hoch, gesetzliche Bekanntmachungspflicht, TED;hoch, Wert in der Bekanntmachung;mittel, abgeleitet aus Zuschlagsfrequenz und Preisliste;mittel, Ort aus der Bekanntmachung. Das ist nicht immer der eingetragene Sitz, manchmal die Niederlassung oder der Projektort
spree systems GmbH;spreesystems.de;Lutherstadt Wittenberg;1 Anlass;S4 Ausschreibung beim bekannten Auftraggeber;Starter;3;2;5491518;2024-08-29;2025-09-30;nein;302,488,324,322;Berliner Wasserbetriebe | Landkreis Wittenberg;90;Berliner Wasserbetriebe schreibt gerade Confluence Lizenzen Abo aus. Frist 21.10.2026. Dort habt ihr 09/2025 schon geliefert (https://ted.europa.eu/de/notice/637976-2025/pdf).;https://ted.europa.eu/de/notice/517129-2024/pdf;https://ted.europa.eu/de/notice/800056-2024/pdf https://ted.europa.eu/de/notice/637976-2025/pdf;hoch, Freitext aus der Bekanntmachung, normalisiert;;spree systems GmbH;belegt, Rechtsname im Impressum stimmt;"Impressum nennt ""spree systems GmbH"". Name identisch: spreesystems";hoch, gesetzliche Bekanntmachungspflicht, TED;hoch, Wert in der Bekanntmachung;mittel, abgeleitet aus Zuschlagsfrequenz und Preisliste;mittel, Ort aus der Bekanntmachung. Das ist nicht immer der eingetragene Sitz, manchmal die Niederlassung oder der Projektort
BSA Systemhaus GmbH;bsa-systemhaus.de;Memmingen;1 Anlass;S4 Ausschreibung beim bekannten Auftraggeber;Starter;2;2;;2024-12-05;2026-05-20;ja;301,302,488;Stadt Memmingen | Zentrale Vergabestelle im Bayerischen Landesamt für Steuern;90;Zentrale Vergabestelle im Bayerischen Landesamt für Steuern schreibt gerade KI-Server 2026 aus. Frist 16.10.2026. Dort habt ihr 05/2026 schon geliefert (https://ted.europa.eu/de/notice/345316-2026/pdf).;https://ted.europa.eu/de/notice/742369-2024/pdf;https://ted.europa.eu/de/notice/345316-2026/pdf;hoch, Freitext aus der Bekanntmachung, normalisiert;;BSA Systemhaus GmbH;belegt, Rechtsname im Impressum stimmt;"Impressum nennt ""BSA Systemhaus GmbH"". Name identisch, aber mit ""bsa"" zu kurz, um eindeutig zu sein. Ort ""Memmingen"" steht im Impressum";hoch, gesetzliche Bekanntmachungspflicht, TED;fehlt, Bekanntmachung nennt keinen Wert;mittel, abgeleitet aus Zuschlagsfrequenz und Preisliste;mittel, Ort aus der Bekanntmachung. Das ist nicht immer der eingetragene Sitz, manchmal die Niederlassung oder der Projektort
WeiKo-Officeline OHG;weiko-officeline.de;Königstein im Taunus;1 Anlass;S4 Ausschreibung beim bekannten Auftraggeber;Starter;2;2;1107464;2025-01-21;2025-09-24;nein;302,488,331,391;Land Hessen, vertreten durch die Hessische Zentrale für Datenverarbeit | Kreisausschuss des Hochtaunuskreises;90;Land Hessen, vertreten durch die Hessische Zentrale... schreibt gerade Secure-Web-Gateway-Systeme aus. Frist 05.10.2026. Dort habt ihr 01/2025 schon geliefert (https://ted.europa.eu/de/notice/39948-2025/pdf).;https://ted.europa.eu/de/notice/39948-2025/pdf;https://ted.europa.eu/de/notice/623868-2025/pdf;hoch, Freitext aus der Bekanntmachung, normalisiert;;WeiKo-Officeline OHG;belegt, Rechtsname im Impressum stimmt;"Impressum nennt ""WeiKo-Officeline OHG"". Name identisch: weikoofficeline";hoch, gesetzliche Bekanntmachungspflicht, TED;hoch, Wert in der Bekanntmachung;mittel, abgeleitet aus Zuschlagsfrequenz und Preisliste;mittel, Ort aus der Bekanntmachung. Das ist nicht immer der eingetragene Sitz, manchmal die Niederlassung oder der Projektort
printvision AG;printvision.de;Freising;1 Anlass;S4 Ausschreibung beim bekannten Auftraggeber;Starter;2;2;1;2025-02-04;2026-06-18;ja;503,487,302,722;Universität der Bundeswehr München | Freistaat Bayern, vertreten durch das Bayer. StM f. Ernährung, Landwir;90;Freistaat Bayern, vertreten durch das Bayer. StM f.... schreibt gerade Dienstleistungen Anwendungsentwicklung aus. Frist 20.10.2026. Dort habt ihr 06/2026 schon geliefert (https://ted.europa.eu/de/notice/419990-2026/pdf).;https://ted.europa.eu/de/notice/76051-2025/pdf;https://ted.europa.eu/de/notice/419990-2026/pdf;hoch, Freitext aus der Bekanntmachung, normalisiert;;printvision AG;belegt, Rechtsname im Impressum stimmt;"Impressum nennt ""printvision AG"". Name identisch: printvision";hoch, gesetzliche Bekanntmachungspflicht, TED;hoch, Wert in der Bekanntmachung;mittel, abgeleitet aus Zuschlagsfrequenz und Preisliste;mittel, Ort aus der Bekanntmachung. Das ist nicht immer der eingetragene Sitz, manchmal die Niederlassung oder der Projektort
Infraforce GmbH;infraforce.de;Marburg;1 Anlass;S4 Ausschreibung beim bekannten Auftraggeber;Starter;2;2;301569;2025-03-10;2026-07-31;ja;480,487,482;Stadt Velbert - Der Bürgermeister - Fachbereich 6.1 Schulverwaltung | Handwerkskammer Niederbayern-Oberpfalz;90;Handwerkskammer Niederbayern-Oberpfalz schreibt gerade Notebook mit Monitor aus. Frist 19.10.2026. Dort habt ihr 07/2026 schon geliefert (https://ted.europa.eu/de/notice/531671-2026/pdf).;https://ted.europa.eu/de/notice/154807-2025/pdf;https://ted.europa.eu/de/notice/531671-2026/pdf;hoch, Freitext aus der Bekanntmachung, normalisiert;;Infraforce GmbH;belegt, Rechtsname im Impressum stimmt;"Impressum nennt ""Infraforce GmbH"". Name identisch: infraforce";hoch, gesetzliche Bekanntmachungspflicht, TED;hoch, Wert in der Bekanntmachung;mittel, abgeleitet aus Zuschlagsfrequenz und Preisliste;mittel, Ort aus der Bekanntmachung. Das ist nicht immer der eingetragene Sitz, manchmal die Niederlassung oder der Projektort
PC Products Hille e.K.;pc-products.de;Böblingen;1 Anlass;S4 Ausschreibung beim bekannten Auftraggeber;Starter;2;2;36172;2025-08-26;2025-10-10;ja;488,302;Technische Universität Ilmenau, Dezernat Finanzen, Zentrale Vergabeste | Hochschule Merseburg Körperschaft des Öffentlichen Rechts;90;Technische Universität Ilmenau, Dezernat Finanzen, Zentrale... schreibt gerade HPC Hardware-Komponenten aus. Frist 22.10.2026. Dort habt ihr 08/2025 schon geliefert (https://ted.europa.eu/de/notice/556002-2025/pdf).;https://ted.europa.eu/de/notice/556002-2025/pdf;https://ted.europa.eu/de/notice/665725-2025/pdf;hoch, Freitext aus der Bekanntmachung, normalisiert;;PC Products Hille e.K.;belegt, Rechtsname im Impressum stimmt;"Impressum nennt ""PC Products Hille e.K."". Name identisch: pcproductshille";hoch, gesetzliche Bekanntmachungspflicht, TED;hoch, Wert in der Bekanntmachung;mittel, abgeleitet aus Zuschlagsfrequenz und Preisliste;mittel, Ort aus der Bekanntmachung. Das ist nicht immer der eingetragene Sitz, manchmal die Niederlassung oder der Projektort
Trovent Security GmbH;trovent.de;Bochum;1 Anlass;S4 Ausschreibung beim bekannten Auftraggeber;Starter;2;2;265344;2025-11-07;2026-02-13;ja;722,487;Landkreis Dahme-Spreewald | Landkreis Görlitz;90;Landkreis Görlitz schreibt gerade Los 1 - Landkreis Nordsachsen - Tablets inkl. Zubehör aus. Frist 19.10.2026. Gemeinsame Beschaffung von 3 Stellen. Dort habt ihr 02/2026 schon geliefert (https://ted.europa.eu/de/notice/104915-2026/pdf).;https://ted.europa.eu/de/notice/738138-2025/pdf;https://ted.europa.eu/de/notice/104915-2026/pdf;hoch, Freitext aus der Bekanntmachung, normalisiert;;Das Impressum der Trovent Security GmbH;belegt, Rechtsname im Impressum stimmt;"Impressum nennt ""Das Impressum der Trovent Security GmbH"". Name identisch: troventsecurity";hoch, gesetzliche Bekanntmachungspflicht, TED;hoch, Wert in der Bekanntmachung;mittel, abgeleitet aus Zuschlagsfrequenz und Preisliste;mittel, Ort aus der Bekanntmachung. Das ist nicht immer der eingetragene Sitz, manchmal die Niederlassung oder der Projektort
Hansa Computer GmbH;hansacomputer.de;Leipzig;1 Anlass;S4 Ausschreibung beim bekannten Auftraggeber;Starter;2;1;;2024-07-10;2024-11-11;nein;302,480;Landkreis Nordsachsen;90;Landkreis Nordsachsen schreibt gerade Los 1 - Landkreis Nordsachsen - Tablets inkl. Zubehör aus. Frist 19.10.2026. Gemeinsame Beschaffung von 3 Stellen. Dort habt ihr 11/2024 schon geliefert (https://ted.europa.eu/de/notice/684128-2024/pdf).;https://ted.europa.eu/de/notice/411267-2024/pdf;https://ted.europa.eu/de/notice/684128-2024/pdf;hoch, Freitext aus der Bekanntmachung, normalisiert;;HANSA COMPUTER GmbH;belegt, Rechtsname im Impressum stimmt;"Impressum nennt ""HANSA COMPUTER GmbH"". Name identisch: hansa";hoch, gesetzliche Bekanntmachungspflicht, TED;fehlt, Bekanntmachung nennt keinen Wert;mittel, abgeleitet aus Zuschlagsfrequenz und Preisliste;mittel, Ort aus der Bekanntmachung. Das ist nicht immer der eingetragene Sitz, manchmal die Niederlassung oder der Projektort
Secusmart;secusmart.de;Düsseldorf;1 Anlass;S4 Ausschreibung beim bekannten Auftraggeber;Starter;2;1;6058800;2025-05-22;2026-08-03;ja;485,487,322,320;Bundesrepublik Deutschland, vertreten durch das Bundesministerium des ;90;Bundesrepublik Deutschland, vertreten durch... schreibt gerade GitLab Lizenzen und Paid Addons (restliche Bundesverwaltung) aus. Frist 15.10.2026. Dort habt ihr 08/2026 schon geliefert (https://ted.europa.eu/de/notice/536581-2026/pdf).;https://ted.europa.eu/de/notice/331831-2025/pdf;https://ted.europa.eu/de/notice/536581-2026/pdf;hoch, Freitext aus der Bekanntmachung, normalisiert;;Secusmart GmbH;belegt, Rechtsname im Impressum stimmt;"Impressum nennt ""Secusmart GmbH"". Name identisch: secusmart";hoch, gesetzliche Bekanntmachungspflicht, TED;hoch, Wert in der Bekanntmachung;mittel, abgeleitet aus Zuschlagsfrequenz und Preisliste;mittel, Ort aus der Bekanntmachung. Das ist nicht immer der eingetragene Sitz, manchmal die Niederlassung oder der Projektort
WBS IT-Service GmbH;wbs-it.de;Leipzig;1 Anlass;S4 Ausschreibung beim bekannten Auftraggeber;Scale;22;17;8557381;2024-02-12;2026-09-23;ja;480,300,302,488;Brandenburgischer IT-Dienstleister | Landkreis Eichsfeld - Zentrale Vergabestelle | DEG Vergabestelle;85;Brandenburgischer IT-Dienstleister schreibt gerade Bereitstellung einer HPE GreenLake Storage-Umgebung... aus. Frist 02.11.2026. Dort habt ihr 09/2024 schon geliefert (https://ted.europa.eu/de/notice/542372-2024/pdf).;https://ted.europa.eu/de/notice/88125-2024/pdf;https://ted.europa.eu/de/notice/199170-2024/pdf https://ted.europa.eu/de/notice/294817-2024/pdf https://ted.europa.eu/de/notice/376376-2024/pdf;hoch, Freitext aus der Bekanntmachung, normalisiert;;WBS IT-Service GmbH;belegt, Rechtsname im Impressum stimmt;"Impressum nennt ""WBS IT-Service GmbH"". Name identisch, aber mit ""wbs"" zu kurz, um eindeutig zu sein. Ort ""Leipzig"" steht im Impressum";hoch, gesetzliche Bekanntmachungspflicht, TED;hoch, Wert in der Bekanntmachung;mittel, abgeleitet aus Zuschlagsfrequenz und Preisliste;mittel, Ort aus der Bekanntmachung. Das ist nicht immer der eingetragene Sitz, manchmal die Niederlassung oder der Projektort
Public Cloud Group GmbH;publiccloudgroup.de;Warsaw;1 Anlass;S4 Ausschreibung beim bekannten Auftraggeber;Scale;16;3;253000000;2025-02-20;2026-05-28;ja;720,722,487;GÉANT Vereniging | EnBW Energie Baden-Württemberg AG | Hamburger Hochbahn AG;85;EnBW Energie Baden-Württemberg AG schreibt gerade Test Automation Solution for ETRM Applications aus. Dort habt ihr 02/2025 schon geliefert (https://ted.europa.eu/de/notice/113804-2025/pdf).;https://ted.europa.eu/de/notice/113804-2025/pdf;https://ted.europa.eu/de/notice/507047-2025/pdf https://ted.europa.eu/de/notice/507523-2025/pdf https://ted.europa.eu/de/notice/507602-2025/pdf;hoch, Freitext aus der Bekanntmachung, normalisiert;;Public Cloud Group Holding GmbH;belegt, Rechtsname im Impressum stimmt;"Impressum nennt ""Public Cloud Group Holding GmbH"". Name identisch: publiccloud";hoch, gesetzliche Bekanntmachungspflicht, TED;hoch, Wert in der Bekanntmachung;mittel, abgeleitet aus Zuschlagsfrequenz und Preisliste;mittel, Ort aus der Bekanntmachung. Das ist nicht immer der eingetragene Sitz, manchmal die Niederlassung oder der Projektort
Group24 AG;group24.de;Gescher;1 Anlass;S4 Ausschreibung beim bekannten Auftraggeber;Scale;9;8;7733134;2024-03-07;2026-08-21;ja;302,720,722,726;HADAG Seetouristik und Fährdienst AG | Ministerium für Schule und Bildung NRW | Stadt Gütersloh;85;Sana Kliniken Oberfranken Coburg GmbH schreibt gerade UCaaS-Lösung aus. Gemeinsame Beschaffung von 43 Stellen. Dort habt ihr 08/2025 schon geliefert (https://ted.europa.eu/de/notice/516403-2025/pdf). Hinweis: das war eine gemeinsame Beschaffung von 4 Stellen, die Beziehung ist also moeglicherweise indirekt.;https://ted.europa.eu/de/notice/140585-2024/pdf;https://ted.europa.eu/de/notice/473800-2024/pdf https://ted.europa.eu/de/notice/516403-2025/pdf https://ted.europa.eu/de/notice/815443-2025/pdf;hoch, Freitext aus der Bekanntmachung, normalisiert;;group24 AG;belegt, Rechtsname im Impressum stimmt;"Impressum nennt ""group24 AG"". Name identisch: group24";hoch, gesetzliche Bekanntmachungspflicht, TED;hoch, Wert in der Bekanntmachung;mittel, abgeleitet aus Zuschlagsfrequenz und Preisliste;mittel, Ort aus der Bekanntmachung. Das ist nicht immer der eingetragene Sitz, manchmal die Niederlassung oder der Projektort
Microstaxx GmbH;microstaxx.de;München;1 Anlass;S4 Ausschreibung beim bekannten Auftraggeber;Team;9;7;15272595;2024-06-27;2026-10-02;ja;488,302,324,482;"Max-Planck-Gesellschaft z.F.d.W. Generalverwaltung; | LMU München, Referat VI.1 | InnKlinikum gKU Altötting und Mühldorf";85;Max-Planck-Gesellschaft z.F.d.W. Generalverwaltung schreibt gerade DBS - Dynamisches Beschaffungssystem... aus. Dort habt ihr 01/2026 schon geliefert (https://ted.europa.eu/de/notice/70368-2026/pdf).;https://ted.europa.eu/de/notice/380634-2024/pdf;https://ted.europa.eu/de/notice/686881-2024/pdf https://ted.europa.eu/de/notice/33948-2025/pdf https://ted.europa.eu/de/notice/91246-2025/pdf;hoch, Freitext aus der Bekanntmachung, normalisiert;;Microstaxx GmbH;belegt, Rechtsname im Impressum stimmt;"Impressum nennt ""Microstaxx GmbH"". Name identisch: microstaxx";hoch, gesetzliche Bekanntmachungspflicht, TED;hoch, Wert in der Bekanntmachung;mittel, abgeleitet aus Zuschlagsfrequenz und Preisliste;mittel, Ort aus der Bekanntmachung. Das ist nicht immer der eingetragene Sitz, manchmal die Niederlassung oder der Projektort
Technidata IT-Service GmbH;technidata-it.de;Markdorf;1 Anlass;S4 Ausschreibung beim bekannten Auftraggeber;Team;8;7;3756859;2024-06-20;2026-04-29;ja;302,722,720,480;Kerntechnische Entsorgung Karlsruhe GmbH | Stadt Mannheim - FB 12 - Fachbereich Informationstechnologie | KEA Klimaschutz- und Energieagentur Baden-Württemberg GmbH;85;JEN Jülicher Entsorgungsgesellschaft für Nuklearanlagen mbH schreibt gerade Incident Response Dienstleistungen EWN-Gruppe aus. Frist 02.11.2026. Dort habt ihr 03/2026 schon geliefert (https://ted.europa.eu/de/notice/202977-2026/pdf).;https://ted.europa.eu/de/notice/364715-2024/pdf;https://ted.europa.eu/de/notice/446628-2024/pdf https://ted.europa.eu/de/notice/97460-2025/pdf https://ted.europa.eu/de/notice/781287-2025/pdf;hoch, Freitext aus der Bekanntmachung, normalisiert;;TechniData IT AG;belegt, Rechtsname im Impressum stimmt;"Impressum nennt ""TechniData IT AG"". Name identisch: technidata";hoch, gesetzliche Bekanntmachungspflicht, TED;hoch, Wert in der Bekanntmachung;mittel, abgeleitet aus Zuschlagsfrequenz und Preisliste;mittel, Ort aus der Bekanntmachung. Das ist nicht immer der eingetragene Sitz, manchmal die Niederlassung oder der Projektort
Mentz GmbH;mentz.net;München;1 Anlass;S4 Ausschreibung beim bekannten Auftraggeber;Team;6;6;2465706;2024-01-25;2026-09-14;ja;722,488,324,486;Stadtwerke Verkehrsgesellschaft Frankfurt am Main mbH | Münchner Verkehrs- und Tarifverbund GmbH (MVV) | Berliner Verkehrsbetriebe, Bereich Einkauf/ Materialwirtschaft;85;Berliner Verkehrsbetriebe, Bereich Einkauf/... schreibt gerade KRITIS-IT Unterstützung für das Elektroakustische... aus. Dort habt ihr 07/2024 schon geliefert (https://ted.europa.eu/de/notice/415858-2024/pdf).;https://ted.europa.eu/de/notice/50729-2024/pdf;https://ted.europa.eu/de/notice/274720-2024/pdf https://ted.europa.eu/de/notice/415858-2024/pdf https://ted.europa.eu/de/notice/627652-2025/pdf;hoch, Freitext aus der Bekanntmachung, normalisiert;;MENTZ GmbH;belegt, Rechtsname im Impressum stimmt;"Impressum nennt ""MENTZ GmbH"". Name identisch: mentz";hoch, gesetzliche Bekanntmachungspflicht, TED;hoch, Wert in der Bekanntmachung;mittel, abgeleitet aus Zuschlagsfrequenz und Preisliste;mittel, Ort aus der Bekanntmachung. Das ist nicht immer der eingetragene Sitz, manchmal die Niederlassung oder der Projektort
avency GmbH;avency.de;Ostbevern;1 Anlass;S4 Ausschreibung beim bekannten Auftraggeber;Team;6;6;7500001;2024-06-27;2026-08-12;ja;302,480,720,487;"Max-Planck-Gesellschaft z.F.d.W. Generalverwaltung; | CISPA - Helmholtz-Zentrum für Informationssicherheit gGmbH | Stadt Bochum, Referat Zentrale Vergabestelle";85;Max-Planck-Gesellschaft z.F.d.W. Generalverwaltung schreibt gerade DBS - Dynamisches Beschaffungssystem... aus. Dort habt ihr 06/2024 schon geliefert (https://ted.europa.eu/de/notice/380634-2024/pdf).;https://ted.europa.eu/de/notice/380634-2024/pdf;https://ted.europa.eu/de/notice/839551-2025/pdf https://ted.europa.eu/de/notice/35296-2026/pdf https://ted.europa.eu/de/notice/136725-2026/pdf;hoch, Freitext aus der Bekanntmachung, normalisiert;;avency GmbH;belegt, Rechtsname im Impressum stimmt;"Impressum nennt ""avency GmbH"". Name identisch: avency";hoch, gesetzliche Bekanntmachungspflicht, TED;hoch, Wert in der Bekanntmachung;mittel, abgeleitet aus Zuschlagsfrequenz und Preisliste;mittel, Ort aus der Bekanntmachung. Das ist nicht immer der eingetragene Sitz, manchmal die Niederlassung oder der Projektort
Human Art Computersysteme GmbH;human-art.de;Berlin;1 Anlass;S4 Ausschreibung beim bekannten Auftraggeber;Team;6;3;786966;2024-01-16;2026-08-21;ja;302,391,386,488;Evangelische Schulstiftung in der EKBO | Handwerkskammer Berlin | Berliner Verkehrsbetriebe, Bereich Einkauf/ Materialwirtschaft;85;Berliner Verkehrsbetriebe, Bereich Einkauf/... schreibt gerade KRITIS-IT Unterstützung für das Elektroakustische... aus. Dort habt ihr 08/2026 schon geliefert (https://ted.europa.eu/de/notice/580082-2026/pdf).;https://ted.europa.eu/de/notice/29696-2024/pdf;https://ted.europa.eu/de/notice/211313-2024/pdf https://ted.europa.eu/de/notice/249310-2024/pdf https://ted.europa.eu/de/notice/251631-2024/pdf;hoch, Freitext aus der Bekanntmachung, normalisiert;;Human Art Computersysteme GmbH;belegt, Rechtsname im Impressum stimmt;"Impressum nennt ""Human Art Computersysteme GmbH"". Name identisch: humanart";hoch, gesetzliche Bekanntmachungspflicht, TED;hoch, Wert in der Bekanntmachung;mittel, abgeleitet aus Zuschlagsfrequenz und Preisliste;mittel, Ort aus der Bekanntmachung. Das ist nicht immer der eingetragene Sitz, manchmal die Niederlassung oder der Projektort
Ratiodata SE;ratiodata.de;Münster;1 Anlass;S4 Ausschreibung beim bekannten Auftraggeber;Team;5;5;15560411;2024-01-03;2026-01-08;ja;722,720,799,487;Deutsche Bundesbank, Zentralbereich Beschaffungen | AOK Mein Leben GbR | kubus IT GbR;85;Deutsche Bundesbank, Zentralbereich Beschaffungen schreibt gerade Bereitstellung eines Weitverkehrsnetzes (WAN) aus. Dort habt ihr 01/2024 schon geboten (https://ted.europa.eu/de/notice/3832-2024/pdf).;https://ted.europa.eu/de/notice/3832-2024/pdf;https://ted.europa.eu/de/notice/84107-2024/pdf https://ted.europa.eu/de/notice/503014-2024/pdf https://ted.europa.eu/de/notice/711304-2025/pdf;hoch, Freitext aus der Bekanntmachung, normalisiert;;Ratiodata - Systemhauspartner der Atruvia AG;belegt, Rechtsname im Impressum stimmt;"Impressum nennt ""Ratiodata - Systemhauspartner der Atruvia AG"". gleicher Namensanfang ""ratiodata"", sonst nichts. Ort ""Münster"" steht im Impressum";hoch, gesetzliche Bekanntmachungspflicht, TED;hoch, Wert in der Bekanntmachung;mittel, abgeleitet aus Zuschlagsfrequenz und Preisliste;mittel, Ort aus der Bekanntmachung. Das ist nicht immer der eingetragene Sitz, manchmal die Niederlassung oder der Projektort
SOHNIX AG;sohnix.de;Lambrechtshagen;1 Anlass;S4 Ausschreibung beim bekannten Auftraggeber;Team;4;4;3409500;2024-01-23;2025-02-21;nein;302,480,300;Klinikum Dahme Spreewald GmbH (Lübben) | Stadtwerke Lübeck Digital GmbH | Kommunit IT-Zweckverband Schleswig-Holstein;85;kommunit IT-Zweckverband Schleswig-Holstein schreibt gerade Managed SOC und Digital Forensics and Incident Response... aus. Dort habt ihr 12/2024 schon geliefert (https://ted.europa.eu/de/notice/781479-2024/pdf).;https://ted.europa.eu/de/notice/45988-2024/pdf;https://ted.europa.eu/de/notice/504798-2024/pdf https://ted.europa.eu/de/notice/781479-2024/pdf https://ted.europa.eu/de/notice/117321-2025/pdf;hoch, Freitext aus der Bekanntmachung, normalisiert;;SOHNIX GmbH;belegt, Rechtsname im Impressum stimmt;"Impressum nennt ""SOHNIX GmbH"". Name identisch: sohnix";hoch, gesetzliche Bekanntmachungspflicht, TED;hoch, Wert in der Bekanntmachung;mittel, abgeleitet aus Zuschlagsfrequenz und Preisliste;mittel, Ort aus der Bekanntmachung. Das ist nicht immer der eingetragene Sitz, manchmal die Niederlassung oder der Projektort
r-tec IT Security GmbH;r-tec.net;Wuppertal;1 Anlass;S4 Ausschreibung beim bekannten Auftraggeber;Team;4;4;476613;2024-02-02;2025-02-04;nein;722,487,480,720;Südwestfalen-IT (Zweckverband) | Stadt Arnsberg | Bundesstadt Bonn - Referat Vergabedienste;85;"Bundesstadt Bonn - Referat Vergabedienste schreibt gerade Bundesstadt Bonn, Arbeitspaket ""Migrationsunterstützung... aus. Dort habt ihr 01/2025 schon geliefert (https://ted.europa.eu/de/notice/2036-2025/pdf).";https://ted.europa.eu/de/notice/71770-2024/pdf;https://ted.europa.eu/de/notice/615678-2024/pdf https://ted.europa.eu/de/notice/2036-2025/pdf https://ted.europa.eu/de/notice/74145-2025/pdf;hoch, Freitext aus der Bekanntmachung, normalisiert;tecit.net;r-tec IT Security GmbH;belegt, Rechtsname im Impressum stimmt;"Impressum nennt ""r-tec IT Security GmbH"". Name identisch: tecsecurity";hoch, gesetzliche Bekanntmachungspflicht, TED;hoch, Wert in der Bekanntmachung;mittel, abgeleitet aus Zuschlagsfrequenz und Preisliste;mittel, Ort aus der Bekanntmachung. Das ist nicht immer der eingetragene Sitz, manchmal die Niederlassung oder der Projektort
Damovo Deutschland GmbH & Co. KG;damovo.de;Düsseldorf;1 Anlass;S4 Ausschreibung beim bekannten Auftraggeber;Team;4;4;33300000;2024-06-28;2026-08-10;ja;720,302;Carl-Thiem-Klinikum Cottbus gGmbH | Landeshauptstadt Düsseldorf, Der Oberbürgermeister, Amt für Recht, Ver | Stadtreinigung Hamburg AöR;85;Land Hessen, vertreten durch die Hessische Zentrale... schreibt gerade Teamleitungen aus. Frist 29.10.2026. Dort habt ihr 08/2026 schon geliefert (https://ted.europa.eu/de/notice/551641-2026/pdf).;https://ted.europa.eu/de/notice/384120-2024/pdf;https://ted.europa.eu/de/notice/573012-2024/pdf https://ted.europa.eu/de/notice/50250-2025/pdf https://ted.europa.eu/de/notice/551641-2026/pdf;hoch, Freitext aus der Bekanntmachung, normalisiert;;Damovo Deutschland GmbH & Co. KG;belegt, Rechtsname im Impressum stimmt;"Impressum nennt ""Damovo Deutschland GmbH & Co. KG"". Name identisch: damovo";hoch, gesetzliche Bekanntmachungspflicht, TED;hoch, Wert in der Bekanntmachung;mittel, abgeleitet aus Zuschlagsfrequenz und Preisliste;mittel, Ort aus der Bekanntmachung. Das ist nicht immer der eingetragene Sitz, manchmal die Niederlassung oder der Projektort
DFC-SYSTEMS GmbH;dfcsystems.de;München;1 Anlass;S4 Ausschreibung beim bekannten Auftraggeber;Team;4;4;;2024-09-17;2026-02-11;ja;483,481,323,722;Rudolf Presl GmbH & Co. Klinik Bavaria Rehabilitations KG | Sächsisches Krankenhaus Arnsdorf | BWI GmbH;85;BWI GmbH schreibt gerade 1607-DE-Breitbandanbindung DMZ Bördeland aus. Dort habt ihr 04/2025 schon geliefert (https://ted.europa.eu/de/notice/260575-2025/pdf).;https://ted.europa.eu/de/notice/557025-2024/pdf;https://ted.europa.eu/de/notice/558111-2024/pdf https://ted.europa.eu/de/notice/260575-2025/pdf https://ted.europa.eu/de/notice/98641-2026/pdf;hoch, Freitext aus der Bekanntmachung, normalisiert;;DFC-SYSTEMS GmbH;belegt, Rechtsname im Impressum stimmt;"Impressum nennt ""DFC-SYSTEMS GmbH"". Name identisch: dfcsystems";hoch, gesetzliche Bekanntmachungspflicht, TED;fehlt, Bekanntmachung nennt keinen Wert;mittel, abgeleitet aus Zuschlagsfrequenz und Preisliste;mittel, Ort aus der Bekanntmachung. Das ist nicht immer der eingetragene Sitz, manchmal die Niederlassung oder der Projektort
Softline AG;softline.de;Leipzig;1 Anlass;S4 Ausschreibung beim bekannten Auftraggeber;Team;4;3;;2024-07-11;2026-09-08;ja;720,480,302;Informationstechnikzentrum Bund (ITZBund) | Polizeiverwaltungsamt Logistikzentrum | Thüringer Staatslotterie AöR;85;Informationstechnikzentrum Bund (ITZBund) schreibt gerade Rahmenvertrag für Dienstleistungen und Plattformservices... aus. Frist 06.11.2026. Dort habt ihr 06/2026 schon geliefert (https://ted.europa.eu/de/notice/400479-2026/pdf).;https://ted.europa.eu/de/notice/416687-2024/pdf;https://ted.europa.eu/de/notice/455768-2024/pdf https://ted.europa.eu/de/notice/400479-2026/pdf https://ted.europa.eu/de/notice/617923-2026/pdf;hoch, Freitext aus der Bekanntmachung, normalisiert;;Softline GmbH;belegt, Rechtsname im Impressum stimmt;"Impressum nennt ""Softline GmbH"". Name identisch: softline";hoch, gesetzliche Bekanntmachungspflicht, TED;fehlt, Bekanntmachung nennt keinen Wert;mittel, abgeleitet aus Zuschlagsfrequenz und Preisliste;mittel, Ort aus der Bekanntmachung. Das ist nicht immer der eingetragene Sitz, manchmal die Niederlassung oder der Projektort
suresecure GmbH;suresecure.de;Düsseldorf;1 Anlass;S4 Ausschreibung beim bekannten Auftraggeber;Team;3;3;7907096;2024-04-30;2024-12-18;nein;480,487,726;BundesInnungskrankenkasse Gesundheit, kurz: BIG direkt gesund (Körpers | SWM Services GmbH | Stadtwerke München GmbH;85;Stadtwerke München GmbH schreibt gerade SV-KWA-260819-002, Weiterentwicklung Unternehmenswebsite aus. Dort habt ihr 12/2024 schon geliefert (https://ted.europa.eu/de/notice/774246-2024/pdf).;https://ted.europa.eu/de/notice/256314-2024/pdf;https://ted.europa.eu/de/notice/365423-2024/pdf https://ted.europa.eu/de/notice/774246-2024/pdf;hoch, Freitext aus der Bekanntmachung, normalisiert;;suresecure GmbH;belegt, Rechtsname im Impressum stimmt;"Impressum nennt ""suresecure GmbH"". Name identisch: suresecure";hoch, gesetzliche Bekanntmachungspflicht, TED;hoch, Wert in der Bekanntmachung;mittel, abgeleitet aus Zuschlagsfrequenz und Preisliste;mittel, Ort aus der Bekanntmachung. Das ist nicht immer der eingetragene Sitz, manchmal die Niederlassung oder der Projektort
VIVASECUR GmbH;vivasecur.de;Frankfurt/Oder;1 Anlass;S4 Ausschreibung beim bekannten Auftraggeber;Team;3;3;3120859;2024-05-24;2026-07-14;ja;722,302,503;Landkreis Celle | Stadt Heilbronn | IKT-Ost AöR;85;Landkreis Gifhorn schreibt gerade Beschaffung von Windows 11 Austauschgeräten für die BBS II... aus. Frist 29.10.2026. Dort habt ihr 05/2024 schon geliefert (https://ted.europa.eu/de/notice/307610-2024/pdf). Hinweis: das war eine gemeinsame Beschaffung von 4 Stellen, die Beziehung ist also moeglicherweise indirekt.;https://ted.europa.eu/de/notice/307610-2024/pdf;https://ted.europa.eu/de/notice/467689-2024/pdf https://ted.europa.eu/de/notice/485373-2026/pdf;hoch, Freitext aus der Bekanntmachung, normalisiert;;VIVASECUR GmbH;belegt, Rechtsname im Impressum stimmt;"Impressum nennt ""VIVASECUR GmbH"". Name identisch: vivasecur";hoch, gesetzliche Bekanntmachungspflicht, TED;hoch, Wert in der Bekanntmachung;mittel, abgeleitet aus Zuschlagsfrequenz und Preisliste;mittel, Ort aus der Bekanntmachung. Das ist nicht immer der eingetragene Sitz, manchmal die Niederlassung oder der Projektort
krauth technology GmbH;krauth-technology.de;Eberbach;1 Anlass;S4 Ausschreibung beim bekannten Auftraggeber;Team;3;3;9629164;2025-04-14;2025-12-08;ja;429,301,302,480;das Stadtwerk Regensburg.Mobilität GmbH | Erfurter Verkehrsbetriebe AG | Rheinbahn AG;85;Rheinbahn AG schreibt gerade Pilotprojekt „Fahrgemeinschaften als Add-On... aus. Frist 03.11.2026. Dort habt ihr 12/2025 schon geliefert (https://ted.europa.eu/de/notice/813082-2025/pdf).;https://ted.europa.eu/de/notice/242573-2025/pdf;https://ted.europa.eu/de/notice/598044-2025/pdf https://ted.europa.eu/de/notice/813082-2025/pdf;hoch, Freitext aus der Bekanntmachung, normalisiert;;krauth technology GmbH;belegt, Rechtsname im Impressum stimmt;"Impressum nennt ""krauth technology GmbH"". Name identisch: krauthtechnology";hoch, gesetzliche Bekanntmachungspflicht, TED;hoch, Wert in der Bekanntmachung;mittel, abgeleitet aus Zuschlagsfrequenz und Preisliste;mittel, Ort aus der Bekanntmachung. Das ist nicht immer der eingetragene Sitz, manchmal die Niederlassung oder der Projektort
Albakom GmbH;albakom.de;Rostock;1 Anlass;S4 Ausschreibung beim bekannten Auftraggeber;Starter;2;2;565518;2024-02-07;2024-06-19;nein;488,325,302;Stadtverwaltung Görlitz | Universität Greifswald;85;Stadtverwaltung Görlitz schreibt gerade Beschaffung von Microsoft Lizenzen aus. Frist 27.10.2026. Dort habt ihr 02/2024 schon geliefert (https://ted.europa.eu/de/notice/81210-2024/pdf).;https://ted.europa.eu/de/notice/81210-2024/pdf;https://ted.europa.eu/de/notice/361832-2024/pdf;hoch, Freitext aus der Bekanntmachung, normalisiert;;ALBAKOM GmbH;belegt, Rechtsname im Impressum stimmt;"Impressum nennt ""ALBAKOM GmbH"". Name identisch: albakom";hoch, gesetzliche Bekanntmachungspflicht, TED;hoch, Wert in der Bekanntmachung;mittel, abgeleitet aus Zuschlagsfrequenz und Preisliste;mittel, Ort aus der Bekanntmachung. Das ist nicht immer der eingetragene Sitz, manchmal die Niederlassung oder der Projektort
Wenzel Elektronik GmbH;wenzel-elektronik.de;Bern;1 Anlass;S4 Ausschreibung beim bekannten Auftraggeber;Starter;2;2;6133372;2024-03-05;2024-07-25;nein;325,488,722;Berliner Verkehrsbetriebe, Bereich Einkauf/ Materialwirtschaft | DB InfraGO AG – Geschäftsbereich Fahrweg (Bukr 16);85;DB InfraGO AG – Geschäftsbereich Fahrweg (Bukr 16) schreibt gerade Integriertes Bediensystem (iBS) aus. Dort habt ihr 07/2024 schon geliefert (https://ted.europa.eu/de/notice/447484-2024/pdf).;https://ted.europa.eu/de/notice/134991-2024/pdf;https://ted.europa.eu/de/notice/447484-2024/pdf;hoch, Freitext aus der Bekanntmachung, normalisiert;;WENZEL Elektronik GmbH;belegt, Rechtsname im Impressum stimmt;"Impressum nennt ""WENZEL Elektronik GmbH"". Name identisch: wenzelelektronik";hoch, gesetzliche Bekanntmachungspflicht, TED;hoch, Wert in der Bekanntmachung;mittel, abgeleitet aus Zuschlagsfrequenz und Preisliste;mittel, Ort aus der Bekanntmachung. Das ist nicht immer der eingetragene Sitz, manchmal die Niederlassung oder der Projektort
HKS Systeme GmbH;hkssysteme.com;Paderborn;1 Anlass;S4 Ausschreibung beim bekannten Auftraggeber;Starter;2;2;765694;2024-04-23;2026-09-23;ja;722,481,301,429;Stadtreinigung Hamburg AöR | Wilhelma Zoologisch-Botanischer Garten Stuttgart;85;Stadtreinigung Hamburg AöR schreibt gerade VM Workspace ONE Advanced 3-year subscriptions aus. Frist 29.10.2026. Dort habt ihr 04/2024 schon geliefert (https://ted.europa.eu/de/notice/240255-2024/pdf).;https://ted.europa.eu/de/notice/240255-2024/pdf;https://ted.europa.eu/de/notice/655407-2026/pdf;hoch, Freitext aus der Bekanntmachung, normalisiert;;HKS Systeme GmbH;belegt, Rechtsname im Impressum stimmt;"Impressum nennt ""HKS Systeme GmbH"". Name identisch, aber mit ""hks"" zu kurz, um eindeutig zu sein. Ort ""Paderborn"" steht im Impressum";hoch, gesetzliche Bekanntmachungspflicht, TED;hoch, Wert in der Bekanntmachung;mittel, abgeleitet aus Zuschlagsfrequenz und Preisliste;mittel, Ort aus der Bekanntmachung. Das ist nicht immer der eingetragene Sitz, manchmal die Niederlassung oder der Projektort
Huber & Feneberg GmbH;huber-feneberg.de;München;1 Anlass;S4 Ausschreibung beim bekannten Auftraggeber;Starter;2;2;239312;2024-05-22;2024-09-26;nein;722,302,510,721;Freistaat Bayern vertreten durch das Staatsinstitut für Schulqualität  | Flughafen München GmbH;85;Freistaat Bayern vertreten durch das Staatsinstitut... schreibt gerade Dienstleistungen im Bereich Design User-Interface (UI)... aus. Dort habt ihr 05/2024 schon geliefert (https://ted.europa.eu/de/notice/299172-2024/pdf).;https://ted.europa.eu/de/notice/299172-2024/pdf;https://ted.europa.eu/de/notice/578187-2024/pdf;hoch, Freitext aus der Bekanntmachung, normalisiert;;Huber & Feneberg GmbH;belegt, Rechtsname im Impressum stimmt;"Impressum nennt ""Huber & Feneberg GmbH"". Name identisch: huberfeneberg";hoch, gesetzliche Bekanntmachungspflicht, TED;hoch, Wert in der Bekanntmachung;mittel, abgeleitet aus Zuschlagsfrequenz und Preisliste;mittel, Ort aus der Bekanntmachung. Das ist nicht immer der eingetragene Sitz, manchmal die Niederlassung oder der Projektort
DILAX Intelcom GmbH;dilax-intelcom.de;Berlin;1 Anlass;S4 Ausschreibung beim bekannten Auftraggeber;Starter;2;2;-1;2024-08-23;2026-09-10;ja;722,301,351,516;Stuttgarter Straßenbahnen AG | Donau-Iller-Nahverkehrsverbund-GmbH;85;Stuttgarter Straßenbahnen AG schreibt gerade Erneuerung Fahr-Umlauf und Dienstplanungssystem aus. Dort habt ihr 08/2024 schon geliefert (https://ted.europa.eu/de/notice/507050-2024/pdf).;https://ted.europa.eu/de/notice/507050-2024/pdf;https://ted.europa.eu/de/notice/624261-2026/pdf;hoch, Freitext aus der Bekanntmachung, normalisiert;;DILAX Intelcom GmbH;belegt, Rechtsname im Impressum stimmt;"Impressum nennt ""DILAX Intelcom GmbH"". Name identisch: dilaxintelcom";hoch, gesetzliche Bekanntmachungspflicht, TED;hoch, Wert in der Bekanntmachung;mittel, abgeleitet aus Zuschlagsfrequenz und Preisliste;mittel, Ort aus der Bekanntmachung. Das ist nicht immer der eingetragene Sitz, manchmal die Niederlassung oder der Projektort
MotionTag GmbH;motiontag.com;Potsdam;1 Anlass;S4 Ausschreibung beim bekannten Auftraggeber;Starter;2;2;740000;2025-01-07;2026-08-14;ja;722,720,486,325;Berliner Verkehrsbetriebe, Bereich Einkauf/ Materialwirtschaft | Verkehrsverbund Rhein-Sieg GmbH;85;Berliner Verkehrsbetriebe, Bereich Einkauf/... schreibt gerade KRITIS-IT Unterstützung für das Elektroakustische... aus. Dort habt ihr 01/2025 schon geliefert (https://ted.europa.eu/de/notice/6256-2025/pdf).;https://ted.europa.eu/de/notice/6256-2025/pdf;https://ted.europa.eu/de/notice/564912-2026/pdf;hoch, Freitext aus der Bekanntmachung, normalisiert;;motiontag GmbH;belegt, Rechtsname im Impressum stimmt;"Impressum nennt ""motiontag GmbH"". Name identisch: motiontag";hoch, gesetzliche Bekanntmachungspflicht, TED;hoch, Wert in der Bekanntmachung;mittel, abgeleitet aus Zuschlagsfrequenz und Preisliste;mittel, Ort aus der Bekanntmachung. Das ist nicht immer der eingetragene Sitz, manchmal die Niederlassung oder der Projektort
Smart in Media;smartinmedia.de;Köln;1 Anlass;S4 Ausschreibung beim bekannten Auftraggeber;Starter;2;2;2;2025-07-28;2025-10-30;ja;483,487,380,481;RKH Kliniken Ludwigsburg-Bietigheim gGmbH | Universitätsklinikum Münster;85;Universitätsklinikum Münster schreibt gerade Commvault Lizenzen aus. Frist 30.10.2026. Dort habt ihr 10/2025 schon geliefert (https://ted.europa.eu/de/notice/717203-2025/pdf).;https://ted.europa.eu/de/notice/491780-2025/pdf;https://ted.europa.eu/de/notice/717203-2025/pdf;hoch, Freitext aus der Bekanntmachung, normalisiert;;Smart In Media AG;belegt, Rechtsname im Impressum stimmt;"Impressum nennt ""Smart In Media AG"". Name identisch: inmedia";hoch, gesetzliche Bekanntmachungspflicht, TED;hoch, Wert in der Bekanntmachung;mittel, abgeleitet aus Zuschlagsfrequenz und Preisliste;mittel, Ort aus der Bekanntmachung. Das ist nicht immer der eingetragene Sitz, manchmal die Niederlassung oder der Projektort
Speicherwerke AG;speicherwerke.de;München;1 Anlass;S4 Ausschreibung beim bekannten Auftraggeber;Starter;2;1;4148573;2024-07-09;2025-03-14;nein;302,486;Stadt Regensburg;85;Stadt Regensburg schreibt gerade 62-2026-640-EA Verlängerung der Lizenzen für Cisco Webex aus. Frist 26.10.2026. Dort habt ihr 03/2025 schon geliefert (https://ted.europa.eu/de/notice/165988-2025/pdf).;https://ted.europa.eu/de/notice/408280-2024/pdf;https://ted.europa.eu/de/notice/165988-2025/pdf;hoch, Freitext aus der Bekanntmachung, normalisiert;;Speicherwerke AG;belegt, Rechtsname im Impressum stimmt;"Impressum nennt ""Speicherwerke AG"". Name identisch: speicherwerke";hoch, gesetzliche Bekanntmachungspflicht, TED;hoch, Wert in der Bekanntmachung;mittel, abgeleitet aus Zuschlagsfrequenz und Preisliste;mittel, Ort aus der Bekanntmachung. Das ist nicht immer der eingetragene Sitz, manchmal die Niederlassung oder der Projektort
pdv-systeme Sachsen GmbH;pdv-sachsen.net;Dresden;1 Anlass;S2 Vertragsende;Team;9;5;3979038;2024-04-03;2026-07-21;ja;480,488,302;neu-itec GmbH | Rudolf Presl GmbH & Co. Klinik Bavaria Rehabilitations KG | Technische Universität Dresden (ausführende Stelle: Medizinische Fakul;80;Ihr Vertrag mit Sächsisches Staatsministerium für Soziales, Gesundheit... (Ersatzbeschaffung von vier Servern und einer...) endet am 02.12.2026. Die Neuausschreibung steht an.;https://ted.europa.eu/de/notice/196729-2024/pdf;https://ted.europa.eu/de/notice/736768-2024/pdf https://ted.europa.eu/de/notice/281771-2025/pdf https://ted.europa.eu/de/notice/758585-2025/pdf;hoch, Freitext aus der Bekanntmachung, normalisiert;;pdv-systeme Sachsen GmbH;belegt, Rechtsname im Impressum stimmt;"Impressum nennt ""pdv-systeme Sachsen GmbH"". Name identisch: pdvsachsen";hoch, gesetzliche Bekanntmachungspflicht, TED;hoch, Wert in der Bekanntmachung;mittel, abgeleitet aus Zuschlagsfrequenz und Preisliste;mittel, Ort aus der Bekanntmachung. Das ist nicht immer der eingetragene Sitz, manchmal die Niederlassung oder der Projektort
unique projects GmbH & Co. KG;unique-projects.com;Duisburg;1 Anlass;S2 Vertragsende;Team;3;3;4986223;2026-03-03;2026-05-26;ja;488,480,302,725;Ruhr-Universität Bochum | Stadt Herdecke | FH Münster University of Applied Sciences;80;Ihr Vertrag mit Stadt Herdecke (Beschaffung eines neuen Storage-Systems für die Stadt...) endet am 31.10.2026. Die Neuausschreibung steht an.;https://ted.europa.eu/de/notice/147251-2026/pdf;https://ted.europa.eu/de/notice/275046-2026/pdf https://ted.europa.eu/de/notice/357631-2026/pdf;hoch, Freitext aus der Bekanntmachung, normalisiert;;unique projects GmbH & Co. KG;belegt, Rechtsname im Impressum stimmt;"Impressum nennt ""unique projects GmbH & Co. KG"". Name identisch: uniqueprojects";hoch, gesetzliche Bekanntmachungspflicht, TED;hoch, Wert in der Bekanntmachung;mittel, abgeleitet aus Zuschlagsfrequenz und Preisliste;mittel, Ort aus der Bekanntmachung. Das ist nicht immer der eingetragene Sitz, manchmal die Niederlassung oder der Projektort
235 Media GmbH;235media.de;Köln;1 Anlass;S2 Vertragsende;Starter;2;2;403355;2025-06-03;2026-07-08;ja;516,921,323,722;Hansestadt Herford | Stadt Forst (Lausitz), Die Bürgermeisterin, Fachbereich Bauverwaltung;80;Ihr Vertrag mit Stadt Forst (Lausitz), Die Bürgermeisterin, Fachbereich... (M2_VE03_Medientechnik und Medienproduktion) endet am 31.12.2026. Die Neuausschreibung steht an.;https://ted.europa.eu/de/notice/357900-2025/pdf;https://ted.europa.eu/de/notice/470460-2026/pdf;hoch, Freitext aus der Bekanntmachung, normalisiert;;Jede Verwertung bedarf der schriftlichen Zustimmung von 235 MEDIA GmbH;belegt, Rechtsname im Impressum stimmt;"Impressum nennt ""Jede Verwertung bedarf der schriftlichen Zustimmung von 235 MEDIA GmbH"". ein Name ist der andere plus Zusatz, 2 Woerter gemeinsam: ['235', 'media']";hoch, gesetzliche Bekanntmachungspflicht, TED;hoch, Wert in der Bekanntmachung;mittel, abgeleitet aus Zuschlagsfrequenz und Preisliste;mittel, Ort aus der Bekanntmachung. Das ist nicht immer der eingetragene Sitz, manchmal die Niederlassung oder der Projektort
AVI.DAT Software&Technology GmbH;avidat.de;Leipzig;1 Anlass;S2 Vertragsende;Starter;2;2;;2026-06-25;2026-09-14;ja;722,302,300;Hessischer Rundfunk, Anstalt des Öffentlichen Rechts sowie die weitere | Hochschule Merseburg;80;Ihr Vertrag mit Hessischer Rundfunk, Anstalt des Öffentlichen Rechts... (Softwarewartung und-weiterentwicklung Miraan) endet am 31.12.2026. Die Neuausschreibung steht an.;https://ted.europa.eu/de/notice/434918-2026/pdf;https://ted.europa.eu/de/notice/631181-2026/pdf;hoch, Freitext aus der Bekanntmachung, normalisiert;;Software & Technology GmbH;belegt, Rechtsname im Impressum stimmt;"Impressum nennt ""Software & Technology GmbH"". ein Name ist der andere plus Zusatz, 2 Woerter gemeinsam: ['software', 'technology']";hoch, gesetzliche Bekanntmachungspflicht, TED;fehlt, Bekanntmachung nennt keinen Wert;mittel, abgeleitet aus Zuschlagsfrequenz und Preisliste;mittel, Ort aus der Bekanntmachung. Das ist nicht immer der eingetragene Sitz, manchmal die Niederlassung oder der Projektort
heinekingmedia GmbH;heinekingmedia.de;Hannover;1 Anlass;S2 Vertragsende;Team;6;6;195333089;2024-03-26;2026-09-02;ja;302,323,720,300;Landratsamt Freyung-Grafenau | Stadt Peine | Wetteraukreis;70;Ihr Vertrag mit Landkreis Dahme-Spreewald (interaktive Touch-Displays fest für die Schule am Neuhaus) endete am 20.08.2026. Die Neuausschreibung steht an.;https://ted.europa.eu/de/notice/180677-2024/pdf;https://ted.europa.eu/de/notice/447748-2024/pdf https://ted.europa.eu/de/notice/193698-2025/pdf https://ted.europa.eu/de/notice/5786-2026/pdf;hoch, Freitext aus der Bekanntmachung, normalisiert;;heinekingmedia GmbH;belegt, Rechtsname im Impressum stimmt;"Impressum nennt ""heinekingmedia GmbH"". Name identisch: heinekingmedia";hoch, gesetzliche Bekanntmachungspflicht, TED;hoch, Wert in der Bekanntmachung;mittel, abgeleitet aus Zuschlagsfrequenz und Preisliste;mittel, Ort aus der Bekanntmachung. Das ist nicht immer der eingetragene Sitz, manchmal die Niederlassung oder der Projektort
GlasfaserPlus GmbH;glasfaserplus.de;Köln;2 Luecke;bietet regelmaessig, aktuell kein Ereignis;Scale;13;13;23641825;2025-03-19;2026-09-07;ja;642,325,724,324;Gemeinde Markt Taschendorf | Gemeinde Kirchensittenbach | Einheitsgemeinde Stadt Teuchern;;;https://ted.europa.eu/de/notice/175806-2025/pdf;https://ted.europa.eu/de/notice/287490-2025/pdf https://ted.europa.eu/de/notice/309421-2025/pdf https://ted.europa.eu/de/notice/340835-2025/pdf;hoch, Freitext aus der Bekanntmachung, normalisiert;;GlasfaserPlus GmbH;belegt, Rechtsname im Impressum stimmt;"Impressum nennt ""GlasfaserPlus GmbH"". Name identisch: glasfaserplus";hoch, gesetzliche Bekanntmachungspflicht, TED;hoch, Wert in der Bekanntmachung;mittel, abgeleitet aus Zuschlagsfrequenz und Preisliste;mittel, Ort aus der Bekanntmachung. Das ist nicht immer der eingetragene Sitz, manchmal die Niederlassung oder der Projektort
DSLmobil GmbH;dslmobil.de;Asbach-Bäumenheim;2 Luecke;bietet regelmaessig, aktuell kein Ereignis;Scale;10;10;13609678;2024-11-14;2026-09-11;ja;642,325,724,324;Verwaltungsgemeinschaft Pöttmes | Gemeinde Marxheim | Gemeinde Kammeltal;;;https://ted.europa.eu/de/notice/692823-2024/pdf;https://ted.europa.eu/de/notice/376921-2025/pdf https://ted.europa.eu/de/notice/412111-2025/pdf https://ted.europa.eu/de/notice/454988-2025/pdf;hoch, Freitext aus der Bekanntmachung, normalisiert;;DSLmobil GmbH;belegt, Rechtsname im Impressum stimmt;"Impressum nennt ""DSLmobil GmbH"". Name identisch: dslmobil";hoch, gesetzliche Bekanntmachungspflicht, TED;hoch, Wert in der Bekanntmachung;mittel, abgeleitet aus Zuschlagsfrequenz und Preisliste;mittel, Ort aus der Bekanntmachung. Das ist nicht immer der eingetragene Sitz, manchmal die Niederlassung oder der Projektort
TIGERSOFT Systemhaus GmbH;tigersoft.de;Wolfenbüttel;2 Luecke;bietet regelmaessig, aktuell kein Ereignis;Team;10;6;1894593;2024-03-20;2026-07-30;ja;302,488,323,392;Stadt Thale | Stadt Peine | Stadt Wolfenbüttel;;;https://ted.europa.eu/de/notice/166777-2024/pdf;https://ted.europa.eu/de/notice/206945-2024/pdf https://ted.europa.eu/de/notice/390612-2024/pdf https://ted.europa.eu/de/notice/447748-2024/pdf;hoch, Freitext aus der Bekanntmachung, normalisiert;;TIGERSOFT Systemhaus GmbH;belegt, Rechtsname im Impressum stimmt;"Impressum nennt ""TIGERSOFT Systemhaus GmbH"". Name identisch: tigersoft";hoch, gesetzliche Bekanntmachungspflicht, TED;hoch, Wert in der Bekanntmachung;mittel, abgeleitet aus Zuschlagsfrequenz und Preisliste;mittel, Ort aus der Bekanntmachung. Das ist nicht immer der eingetragene Sitz, manchmal die Niederlassung oder der Projektort
Erstling GmbH;erstling.de;Berlin;2 Luecke;bietet regelmaessig, aktuell kein Ereignis;Scale;8;8;196205799;2024-02-14;2026-01-07;ja;302,480,323,720;Bezirksamt Reinickendorf von Berlin | Stadt Peine | Stadt Halle (Saale), Fachbereich Recht, Team Vergabe Lieferungen/Diens;;;https://ted.europa.eu/de/notice/94334-2024/pdf;https://ted.europa.eu/de/notice/447748-2024/pdf https://ted.europa.eu/de/notice/522555-2024/pdf https://ted.europa.eu/de/notice/132075-2025/pdf;hoch, Freitext aus der Bekanntmachung, normalisiert;;Erstling GmbH;belegt, Rechtsname im Impressum stimmt;"Impressum nennt ""Erstling GmbH"". Name identisch: erstling";hoch, gesetzliche Bekanntmachungspflicht, TED;hoch, Wert in der Bekanntmachung;mittel, abgeleitet aus Zuschlagsfrequenz und Preisliste;mittel, Ort aus der Bekanntmachung. Das ist nicht immer der eingetragene Sitz, manchmal die Niederlassung oder der Projektort
Speedpoint GmbH;speedpoint.de;Darmstadt;2 Luecke;bietet regelmaessig, aktuell kein Ereignis;Team;7;6;202073808;2024-03-12;2026-01-07;ja;302,323,720,301;Stadt Fürth | Landkreis Neustadt a.d.Waldnaab | Landeshauptstadt Wiesbaden - Der Magistrat;;;https://ted.europa.eu/de/notice/150111-2024/pdf;https://ted.europa.eu/de/notice/286407-2024/pdf https://ted.europa.eu/de/notice/403244-2024/pdf https://ted.europa.eu/de/notice/412220-2024/pdf;hoch, Freitext aus der Bekanntmachung, normalisiert;;Speedpoint GmbH;belegt, Rechtsname im Impressum stimmt;"Impressum nennt ""Speedpoint GmbH"". Name identisch: speedpoint";hoch, gesetzliche Bekanntmachungspflicht, TED;hoch, Wert in der Bekanntmachung;mittel, abgeleitet aus Zuschlagsfrequenz und Preisliste;mittel, Ort aus der Bekanntmachung. Das ist nicht immer der eingetragene Sitz, manchmal die Niederlassung oder der Projektort
MCS GmbH;mcs.de;Hamburg;2 Luecke;bietet regelmaessig, aktuell kein Ereignis;Team;6;5;1451774;2024-01-30;2026-08-18;ja;302,723,488,720;Hamburger Wasserwerke GmbH | Deutsches Elektronen-Synchrotron DESY Zeuthen | Technische Universität Dortmund;;;https://ted.europa.eu/de/notice/60324-2024/pdf;https://ted.europa.eu/de/notice/418347-2024/pdf https://ted.europa.eu/de/notice/747849-2024/pdf https://ted.europa.eu/de/notice/598519-2025/pdf;hoch, Freitext aus der Bekanntmachung, normalisiert;;MCS GmbH;belegt, Rechtsname im Impressum stimmt;"Impressum nennt ""MCS GmbH"". Name identisch, aber mit ""mcs"" zu kurz, um eindeutig zu sein. Ort nicht pruefbar";hoch, gesetzliche Bekanntmachungspflicht, TED;hoch, Wert in der Bekanntmachung;mittel, abgeleitet aus Zuschlagsfrequenz und Preisliste;mittel, Ort aus der Bekanntmachung. Das ist nicht immer der eingetragene Sitz, manchmal die Niederlassung oder der Projektort
uhb Software GmbH;uhb-software.de;St.Wolfgang;2 Luecke;bietet regelmaessig, aktuell kein Ereignis;Team;5;5;908201;2024-07-16;2026-03-18;ja;484,488,480,487;Universitätsklinikum Düsseldorf | Gesundheitseinrichtungen des Bezirks Oberfranken AdöR | Henneberg-Kliniken-Betriebsgesellschaft mbH;;;https://ted.europa.eu/de/notice/424640-2024/pdf;https://ted.europa.eu/de/notice/770857-2024/pdf https://ted.europa.eu/de/notice/169399-2025/pdf https://ted.europa.eu/de/notice/325529-2025/pdf;hoch, Freitext aus der Bekanntmachung, normalisiert;;uhb Software GmbH;belegt, Rechtsname im Impressum stimmt;"Impressum nennt ""uhb Software GmbH"". Name identisch: uhbsoftware";hoch, gesetzliche Bekanntmachungspflicht, TED;hoch, Wert in der Bekanntmachung;mittel, abgeleitet aus Zuschlagsfrequenz und Preisliste;mittel, Ort aus der Bekanntmachung. Das ist nicht immer der eingetragene Sitz, manchmal die Niederlassung oder der Projektort
gemelo GmbH;gemelo.de;Hamburg;2 Luecke;bietet regelmaessig, aktuell kein Ereignis;Team;5;5;531138;2024-11-08;2025-10-13;ja;302,323,485,386;Stadt Solingen | DESY | Bundesamt für Bauwesen und Raumordnung, in Vertretung der Stiftung Pre;;;https://ted.europa.eu/de/notice/681998-2024/pdf;https://ted.europa.eu/de/notice/379843-2025/pdf https://ted.europa.eu/de/notice/620926-2025/pdf https://ted.europa.eu/de/notice/636635-2025/pdf;hoch, Freitext aus der Bekanntmachung, normalisiert;;gemelo GmbH;belegt, Rechtsname im Impressum stimmt;"Impressum nennt ""gemelo GmbH"". Name identisch: gemelo";hoch, gesetzliche Bekanntmachungspflicht, TED;hoch, Wert in der Bekanntmachung;mittel, abgeleitet aus Zuschlagsfrequenz und Preisliste;mittel, Ort aus der Bekanntmachung. Das ist nicht immer der eingetragene Sitz, manchmal die Niederlassung oder der Projektort
braincon GmbH;braincon.de;Dieburg;2 Luecke;bietet regelmaessig, aktuell kein Ereignis;Team;5;5;242393;2024-12-30;2026-06-30;ja;480,487,482,485;Klinikum Bielefeld gGmbH | Vinzenz von Paul Kliniken gGmbH - Marienhospital Stuttgart | Landeskrankenhaus (AöR);;;https://ted.europa.eu/de/notice/798581-2024/pdf;https://ted.europa.eu/de/notice/831609-2025/pdf https://ted.europa.eu/de/notice/6810-2026/pdf https://ted.europa.eu/de/notice/412491-2026/pdf;hoch, Freitext aus der Bekanntmachung, normalisiert;;braincon GmbH;belegt, Rechtsname im Impressum stimmt;"Impressum nennt ""braincon GmbH"". Name identisch: braincon";hoch, gesetzliche Bekanntmachungspflicht, TED;hoch, Wert in der Bekanntmachung;mittel, abgeleitet aus Zuschlagsfrequenz und Preisliste;mittel, Ort aus der Bekanntmachung. Das ist nicht immer der eingetragene Sitz, manchmal die Niederlassung oder der Projektort
Derovis GmbH;derovis.de;Berlin;2 Luecke;bietet regelmaessig, aktuell kein Ereignis;Team;5;5;945984;2025-07-04;2026-09-10;ja;351,301,722,516;Landratsamt Tuttlingen | Zweckverband Verkehrsverbund Süd-Niedersachsen (ZVSN) | Rhein-Sieg-Verkehrsgesellschaft mbH;;;https://ted.europa.eu/de/notice/434708-2025/pdf;https://ted.europa.eu/de/notice/690618-2025/pdf https://ted.europa.eu/de/notice/180191-2026/pdf https://ted.europa.eu/de/notice/623248-2026/pdf;hoch, Freitext aus der Bekanntmachung, normalisiert;;Derovis GmbH;belegt, Rechtsname im Impressum stimmt;"Impressum nennt ""Derovis GmbH"". Name identisch: derovis";hoch, gesetzliche Bekanntmachungspflicht, TED;hoch, Wert in der Bekanntmachung;mittel, abgeleitet aus Zuschlagsfrequenz und Preisliste;mittel, Ort aus der Bekanntmachung. Das ist nicht immer der eingetragene Sitz, manchmal die Niederlassung oder der Projektort
GK Datentechnik e.K.;gk-datentechnik.de;94542;2 Luecke;bietet regelmaessig, aktuell kein Ereignis;Team;5;3;21;2024-02-15;2026-03-12;ja;302,324,488;Landratsamt Freyung-Grafenau | Landkreis Straubing-Bogen | medbo - KU;;;https://ted.europa.eu/de/notice/96139-2024/pdf;https://ted.europa.eu/de/notice/148617-2024/pdf https://ted.europa.eu/de/notice/264411-2024/pdf https://ted.europa.eu/de/notice/499677-2024/pdf;hoch, Freitext aus der Bekanntmachung, normalisiert;;GK Datentechnik e.K.;belegt, Rechtsname im Impressum stimmt;"Impressum nennt ""GK Datentechnik e.K."". Name identisch, aber mit ""gk"" zu kurz, um eindeutig zu sein. Ort nicht pruefbar";hoch, gesetzliche Bekanntmachungspflicht, TED;hoch, Wert in der Bekanntmachung;mittel, abgeleitet aus Zuschlagsfrequenz und Preisliste;mittel, Ort aus der Bekanntmachung. Das ist nicht immer der eingetragene Sitz, manchmal die Niederlassung oder der Projektort
Strößner Büroservice GmbH;stroessner.de;Hof;2 Luecke;bietet regelmaessig, aktuell kein Ereignis;Starter;5;2;241508;2024-02-29;2026-09-02;ja;302,323,386,488;Handwerkskammer für Oberfranken | Stadt Hof;;;https://ted.europa.eu/de/notice/125173-2024/pdf;https://ted.europa.eu/de/notice/432328-2024/pdf https://ted.europa.eu/de/notice/275962-2025/pdf https://ted.europa.eu/de/notice/455737-2025/pdf;hoch, Freitext aus der Bekanntmachung, normalisiert;;Strößner Büroservice GmbH;belegt, Rechtsname im Impressum stimmt;"Impressum nennt ""Strößner Büroservice GmbH"". Name identisch: stroessnerbueroservice";hoch, gesetzliche Bekanntmachungspflicht, TED;hoch, Wert in der Bekanntmachung;mittel, abgeleitet aus Zuschlagsfrequenz und Preisliste;mittel, Ort aus der Bekanntmachung. Das ist nicht immer der eingetragene Sitz, manchmal die Niederlassung oder der Projektort
BoSch Data GmbH;boschdata.de;Wees;2 Luecke;bietet regelmaessig, aktuell kein Ereignis;Starter;5;2;;2025-03-20;2026-06-30;ja;480,324,302,323;Stadt Flensburg - Zentrale Vergabestelle | Stadt Geesthacht;;;https://ted.europa.eu/de/notice/179600-2025/pdf;https://ted.europa.eu/de/notice/788980-2025/pdf https://ted.europa.eu/de/notice/270920-2026/pdf https://ted.europa.eu/de/notice/308919-2026/pdf;hoch, Freitext aus der Bekanntmachung, normalisiert;;BoSch Data GmbH;belegt, Rechtsname im Impressum stimmt;"Impressum nennt ""BoSch Data GmbH"". Name identisch: boschdata";hoch, gesetzliche Bekanntmachungspflicht, TED;fehlt, Bekanntmachung nennt keinen Wert;mittel, abgeleitet aus Zuschlagsfrequenz und Preisliste;mittel, Ort aus der Bekanntmachung. Das ist nicht immer der eingetragene Sitz, manchmal die Niederlassung oder der Projektort
PDV-Systemhaus GmbH;pdv-systemhaus.de;Erfurt;2 Luecke;bietet regelmaessig, aktuell kein Ereignis;Team;4;4;107924;2024-01-29;2025-11-27;ja;302,488,324,720;Landesvermessung und Geobasisinformation Brandenburg | Waldkliniken Eisenberg GmbH | Helios Kliniken GmbH;;;https://ted.europa.eu/de/notice/58408-2024/pdf;https://ted.europa.eu/de/notice/8677-2025/pdf https://ted.europa.eu/de/notice/188711-2025/pdf https://ted.europa.eu/de/notice/787299-2025/pdf;hoch, Freitext aus der Bekanntmachung, normalisiert;;PDV-Systemhaus GmbH;belegt, Rechtsname im Impressum stimmt;"Impressum nennt ""PDV-Systemhaus GmbH"". Name identisch, aber mit ""pdv"" zu kurz, um eindeutig zu sein. Ort ""Erfurt"" steht im Impressum";hoch, gesetzliche Bekanntmachungspflicht, TED;hoch, Wert in der Bekanntmachung;mittel, abgeleitet aus Zuschlagsfrequenz und Preisliste;mittel, Ort aus der Bekanntmachung. Das ist nicht immer der eingetragene Sitz, manchmal die Niederlassung oder der Projektort
DESK7 GmbH;desk7.de;Hamburg;2 Luecke;bietet regelmaessig, aktuell kein Ereignis;Team;4;4;47837;2024-12-12;2026-09-02;ja;302,322,722,300;Klinikum Nürnberg | Universitätsklinikum Düsseldorf | Gesundheit Nordhessen Holding AG;;;https://ted.europa.eu/de/notice/760585-2024/pdf;https://ted.europa.eu/de/notice/402467-2025/pdf https://ted.europa.eu/de/notice/770445-2025/pdf https://ted.europa.eu/de/notice/604586-2026/pdf;hoch, Freitext aus der Bekanntmachung, normalisiert;;DESK7 GmbH;belegt, Rechtsname im Impressum stimmt;"Impressum nennt ""DESK7 GmbH"". Name identisch: desk7";hoch, gesetzliche Bekanntmachungspflicht, TED;hoch, Wert in der Bekanntmachung;mittel, abgeleitet aus Zuschlagsfrequenz und Preisliste;mittel, Ort aus der Bekanntmachung. Das ist nicht immer der eingetragene Sitz, manchmal die Niederlassung oder der Projektort
NTS Deutschland GmbH;nts.eu;Leipzig;2 Luecke;bietet regelmaessig, aktuell kein Ereignis;Team;4;4;2462300;2025-01-06;2026-08-28;ja;323,302,516,480;Krankenhausgesellschaft St. Vincenz mbH (St. Vincenz Krankenhaus Limbu | Landratsamt Weilheim-Schongau, Sb. 10.4 - Vergabe- und Beschaffungswes | Landratsamt Bodenseekreis;;;https://ted.europa.eu/de/notice/4312-2025/pdf;https://ted.europa.eu/de/notice/824978-2025/pdf https://ted.europa.eu/de/notice/141071-2026/pdf https://ted.europa.eu/de/notice/595557-2026/pdf;hoch, Freitext aus der Bekanntmachung, normalisiert;;Die AGB der NTS Netzwerk Telekom Service AG;belegt, Rechtsname im Impressum stimmt;"Impressum nennt ""Die AGB der NTS Netzwerk Telekom Service AG"". Kennwort kommt vor, aber nicht am Anfang: ['nts']. Ort nicht pruefbar";hoch, gesetzliche Bekanntmachungspflicht, TED;hoch, Wert in der Bekanntmachung;mittel, abgeleitet aus Zuschlagsfrequenz und Preisliste;mittel, Ort aus der Bekanntmachung. Das ist nicht immer der eingetragene Sitz, manchmal die Niederlassung oder der Projektort
The Bristol Group Deutschland GmbH;bristol.de;Langen;2 Luecke;bietet regelmaessig, aktuell kein Ereignis;Team;4;3;;2024-08-29;2026-09-22;ja;725,324,720,302;Bezirk Mittelfranken | SWM Services GmbH | Landesamt für Steuern;;;https://ted.europa.eu/de/notice/519144-2024/pdf;https://ted.europa.eu/de/notice/481173-2025/pdf https://ted.europa.eu/de/notice/130768-2026/pdf https://ted.europa.eu/de/notice/653018-2026/pdf;hoch, Freitext aus der Bekanntmachung, normalisiert;;THE BRISTOL GROUP Deutschland GmbH;belegt, Rechtsname im Impressum stimmt;"Impressum nennt ""THE BRISTOL GROUP Deutschland GmbH"". Name identisch: bristol";hoch, gesetzliche Bekanntmachungspflicht, TED;fehlt, Bekanntmachung nennt keinen Wert;mittel, abgeleitet aus Zuschlagsfrequenz und Preisliste;mittel, Ort aus der Bekanntmachung. Das ist nicht immer der eingetragene Sitz, manchmal die Niederlassung oder der Projektort
Proact Deutschland GmbH;proact.de;Nürnberg;2 Luecke;bietet regelmaessig, aktuell kein Ereignis;Team;3;3;980484;2024-04-25;2026-10-01;ja;796,720,302;Investitions- und Strukturbank Rheinland-Pfalz (ISB) | Kreisausschuss des Landkreises Fulda - Zentrale Vergabestelle | Rechenzentrum der Finanzverwaltung NRW;;;https://ted.europa.eu/de/notice/248138-2024/pdf;https://ted.europa.eu/de/notice/405596-2025/pdf https://ted.europa.eu/de/notice/677180-2026/pdf;hoch, Freitext aus der Bekanntmachung, normalisiert;;Proact Deutschland GmbH;belegt, Rechtsname im Impressum stimmt;"Impressum nennt ""Proact Deutschland GmbH"". Name identisch: proact";hoch, gesetzliche Bekanntmachungspflicht, TED;hoch, Wert in der Bekanntmachung;mittel, abgeleitet aus Zuschlagsfrequenz und Preisliste;mittel, Ort aus der Bekanntmachung. Das ist nicht immer der eingetragene Sitz, manchmal die Niederlassung oder der Projektort
QGroup GmbH;qgroup.de;Wehrheim;2 Luecke;bietet regelmaessig, aktuell kein Ereignis;Team;3;3;1131572;2024-12-09;2026-09-23;ja;722,487,481;Landkreis Osterholz | Landeskriminalamt Nordrhein-Westfalen | Klinikum Bremerhaven-Reinkenheide gGmbH;;;https://ted.europa.eu/de/notice/749466-2024/pdf;https://ted.europa.eu/de/notice/821760-2025/pdf https://ted.europa.eu/de/notice/656597-2026/pdf;hoch, Freitext aus der Bekanntmachung, normalisiert;;QGroup GmbH;belegt, Rechtsname im Impressum stimmt;"Impressum nennt ""QGroup GmbH"". Name identisch: qgroup";hoch, gesetzliche Bekanntmachungspflicht, TED;hoch, Wert in der Bekanntmachung;mittel, abgeleitet aus Zuschlagsfrequenz und Preisliste;mittel, Ort aus der Bekanntmachung. Das ist nicht immer der eingetragene Sitz, manchmal die Niederlassung oder der Projektort
Sinell ALL IT GmbH;sinell-all-it.de;Monheim am Rhein;2 Luecke;bietet regelmaessig, aktuell kein Ereignis;Team;3;3;157800;2025-03-03;2026-03-10;ja;302,480,324;Kliniken der Stadt Köln gGmbH | Kassenärztliche Vereinigung Nordrhein | Bundesamt für Auswärtige Angelegenheiten;;;https://ted.europa.eu/de/notice/137457-2025/pdf;https://ted.europa.eu/de/notice/599543-2025/pdf https://ted.europa.eu/de/notice/165303-2026/pdf;hoch, Freitext aus der Bekanntmachung, normalisiert;;Sinell All-IT GmbH;belegt, Rechtsname im Impressum stimmt;"Impressum nennt ""Sinell All-IT GmbH"". Name identisch: sinellall";hoch, gesetzliche Bekanntmachungspflicht, TED;hoch, Wert in der Bekanntmachung;mittel, abgeleitet aus Zuschlagsfrequenz und Preisliste;mittel, Ort aus der Bekanntmachung. Das ist nicht immer der eingetragene Sitz, manchmal die Niederlassung oder der Projektort
Aagon GmbH;aagon.de;Soest;2 Luecke;bietet regelmaessig, aktuell kein Ereignis;Team;3;3;721695;2025-04-09;2026-09-02;ja;480,722,487,482;Stadt Mülheim an der Ruhr | Zukunft - Umwelt - Gesellschaft gGmbH | Deutsches Elektronen-Synchrotron DESY;;;https://ted.europa.eu/de/notice/228320-2025/pdf;https://ted.europa.eu/de/notice/365866-2026/pdf https://ted.europa.eu/de/notice/605073-2026/pdf;hoch, Freitext aus der Bekanntmachung, normalisiert;;Aagon GmbH;belegt, Rechtsname im Impressum stimmt;"Impressum nennt ""Aagon GmbH"". Name identisch: aagon";hoch, gesetzliche Bekanntmachungspflicht, TED;hoch, Wert in der Bekanntmachung;mittel, abgeleitet aus Zuschlagsfrequenz und Preisliste;mittel, Ort aus der Bekanntmachung. Das ist nicht immer der eingetragene Sitz, manchmal die Niederlassung oder der Projektort
Telonic GmbH;telonic.de;Friedberg;2 Luecke;bietet regelmaessig, aktuell kein Ereignis;Team;3;3;1586365;2025-07-14;2026-09-22;ja;480,487,722,723;Kreis Höxter - Der Landrat | Vitos gemeinnützige GmbH | Bezirksregierung Münster;;;https://ted.europa.eu/de/notice/456653-2025/pdf;https://ted.europa.eu/de/notice/239879-2026/pdf https://ted.europa.eu/de/notice/652217-2026/pdf;hoch, Freitext aus der Bekanntmachung, normalisiert;;Telonic GmbH;belegt, Rechtsname im Impressum stimmt;"Impressum nennt ""Telonic GmbH"". Name identisch: telonic";hoch, gesetzliche Bekanntmachungspflicht, TED;hoch, Wert in der Bekanntmachung;mittel, abgeleitet aus Zuschlagsfrequenz und Preisliste;mittel, Ort aus der Bekanntmachung. Das ist nicht immer der eingetragene Sitz, manchmal die Niederlassung oder der Projektort
BASYS Brinova GmbH;basys-brinova.de;Bremen;2 Luecke;bietet regelmaessig, aktuell kein Ereignis;Team;3;3;243635;2025-11-24;2026-09-18;ja;488,516,302;Gesundheit Nord gGmbH | Landkreis Emsland | Friesland Kliniken gGmbH;;;https://ted.europa.eu/de/notice/776097-2025/pdf;https://ted.europa.eu/de/notice/403724-2026/pdf https://ted.europa.eu/de/notice/643685-2026/pdf;hoch, Freitext aus der Bekanntmachung, normalisiert;;BASYS Brinova GmbH;belegt, Rechtsname im Impressum stimmt;"Impressum nennt ""BASYS Brinova GmbH"". Name identisch: basysbrinova";hoch, gesetzliche Bekanntmachungspflicht, TED;hoch, Wert in der Bekanntmachung;mittel, abgeleitet aus Zuschlagsfrequenz und Preisliste;mittel, Ort aus der Bekanntmachung. Das ist nicht immer der eingetragene Sitz, manchmal die Niederlassung oder der Projektort
AixConcept GmbH;aixconcept.de;Aachen;2 Luecke;bietet regelmaessig, aktuell kein Ereignis;Starter;3;2;;2024-03-26;2025-11-05;ja;722,720,516,488;Stadt Hürth | Kreisstadt Unna - Zentrale Vergabestelle;;;https://ted.europa.eu/de/notice/181760-2024/pdf;https://ted.europa.eu/de/notice/610665-2024/pdf https://ted.europa.eu/de/notice/731450-2025/pdf;hoch, Freitext aus der Bekanntmachung, normalisiert;;AixConcept GmbH;belegt, Rechtsname im Impressum stimmt;"Impressum nennt ""AixConcept GmbH"". Name identisch: aixconcept";hoch, gesetzliche Bekanntmachungspflicht, TED;fehlt, Bekanntmachung nennt keinen Wert;mittel, abgeleitet aus Zuschlagsfrequenz und Preisliste;mittel, Ort aus der Bekanntmachung. Das ist nicht immer der eingetragene Sitz, manchmal die Niederlassung oder der Projektort
ICA Traffic GmbH;ica-traffic.de;Dortmund;2 Luecke;bietet regelmaessig, aktuell kein Ereignis;Starter;3;2;1499012;2024-09-19;2026-07-15;ja;480,301,302,481;Nahverkehr Schwerin GmbH | Landkreis Günzburg;;;https://ted.europa.eu/de/notice/563556-2024/pdf;https://ted.europa.eu/de/notice/422867-2026/pdf https://ted.europa.eu/de/notice/487426-2026/pdf;hoch, Freitext aus der Bekanntmachung, normalisiert;;ICA Service GmbH;belegt, Rechtsname im Impressum stimmt;"Impressum nennt ""ICA Service GmbH"". gleicher Namensanfang ""ica"", sonst nichts. Ort ""Dortmund"" steht im Impressum";hoch, gesetzliche Bekanntmachungspflicht, TED;hoch, Wert in der Bekanntmachung;mittel, abgeleitet aus Zuschlagsfrequenz und Preisliste;mittel, Ort aus der Bekanntmachung. Das ist nicht immer der eingetragene Sitz, manchmal die Niederlassung oder der Projektort
IOK GmbH & Co. KG;iok.net;Verl, Deutschland;2 Luecke;bietet regelmaessig, aktuell kein Ereignis;Starter;3;2;1280922;2025-07-16;2026-09-24;ja;488,302,480,486;Vitos gemeinnützige GmbH | Klinikum Kassel GmbH;;;https://ted.europa.eu/de/notice/462888-2025/pdf;https://ted.europa.eu/de/notice/556075-2026/pdf https://ted.europa.eu/de/notice/658913-2026/pdf;hoch, Freitext aus der Bekanntmachung, normalisiert;;Hier finden Sie die Impressumsangaben der IOK GmbH & Co. KG;belegt, Rechtsname im Impressum stimmt;"Impressum nennt ""Hier finden Sie die Impressumsangaben der IOK GmbH & Co. KG"". Kennwort kommt vor, aber nicht am Anfang: ['iok']. Ort nicht pruefbar";hoch, gesetzliche Bekanntmachungspflicht, TED;hoch, Wert in der Bekanntmachung;mittel, abgeleitet aus Zuschlagsfrequenz und Preisliste;mittel, Ort aus der Bekanntmachung. Das ist nicht immer der eingetragene Sitz, manchmal die Niederlassung oder der Projektort
ARQUE Systems GmbH;arquesystems.eu;Aachen;2 Luecke;bietet regelmaessig, aktuell kein Ereignis;Starter;3;1;35100000;2024-12-11;2026-09-02;ja;302,722;Forschungszentrum Jülich GmbH;;;https://ted.europa.eu/de/notice/758444-2024/pdf;https://ted.europa.eu/de/notice/556314-2026/pdf https://ted.europa.eu/de/notice/604016-2026/pdf;hoch, Freitext aus der Bekanntmachung, normalisiert;;ARQUE Systems GmbH;belegt, Rechtsname im Impressum stimmt;"Impressum nennt ""ARQUE Systems GmbH"". Name identisch: arquesystems";hoch, gesetzliche Bekanntmachungspflicht, TED;hoch, Wert in der Bekanntmachung;mittel, abgeleitet aus Zuschlagsfrequenz und Preisliste;mittel, Ort aus der Bekanntmachung. Das ist nicht immer der eingetragene Sitz, manchmal die Niederlassung oder der Projektort
CES IT-Systemhaus GmbH;ces-it.de;Dresden;2 Luecke;bietet regelmaessig, aktuell kein Ereignis;Starter;3;1;;2025-12-08;2025-12-16;ja;302,488;Landeshauptstadt Dresden, GB Bildung, Jugend und Sport, Amt für Schule;;;https://ted.europa.eu/de/notice/813344-2025/pdf;https://ted.europa.eu/de/notice/813898-2025/pdf https://ted.europa.eu/de/notice/834342-2025/pdf;hoch, Freitext aus der Bekanntmachung, normalisiert;;CES IT-Systemhaus GmbH;belegt, Rechtsname im Impressum stimmt;"Impressum nennt ""CES IT-Systemhaus GmbH"". Name identisch, aber mit ""ces"" zu kurz, um eindeutig zu sein. Ort ""Dresden"" steht im Impressum";hoch, gesetzliche Bekanntmachungspflicht, TED;fehlt, Bekanntmachung nennt keinen Wert;mittel, abgeleitet aus Zuschlagsfrequenz und Preisliste;mittel, Ort aus der Bekanntmachung. Das ist nicht immer der eingetragene Sitz, manchmal die Niederlassung oder der Projektort
hotsplots GmbH;hotsplots.de;Berlin;2 Luecke;bietet regelmaessig, aktuell kein Ereignis;Starter;2;2;4042001;2024-05-06;2026-07-27;ja;324,720,724;Bildungszentrum der Thüringer Landesverwaltung Gotha | Land Berlin, vertreten durch das Landesamt für Flüchtlingsangelegenhei;;;https://ted.europa.eu/de/notice/267757-2024/pdf;https://ted.europa.eu/de/notice/517011-2026/pdf;hoch, Freitext aus der Bekanntmachung, normalisiert;;hotsplots GmbH;belegt, Rechtsname im Impressum stimmt;"Impressum nennt ""hotsplots GmbH"". Name identisch: hotsplots";hoch, gesetzliche Bekanntmachungspflicht, TED;hoch, Wert in der Bekanntmachung;mittel, abgeleitet aus Zuschlagsfrequenz und Preisliste;mittel, Ort aus der Bekanntmachung. Das ist nicht immer der eingetragene Sitz, manchmal die Niederlassung oder der Projektort
synaforce GmbH;synaforce.de;Nürnberg;2 Luecke;bietet regelmaessig, aktuell kein Ereignis;Starter;2;2;;2024-05-15;2026-04-21;ja;720,488,302,324;Landratsamt Ansbach | SPRIND GmbH;;;https://ted.europa.eu/de/notice/286070-2024/pdf;https://ted.europa.eu/de/notice/272609-2026/pdf;hoch, Freitext aus der Bekanntmachung, normalisiert;;synaforce GmbH;belegt, Rechtsname im Impressum stimmt;"Impressum nennt ""synaforce GmbH"". Name identisch: synaforce";hoch, gesetzliche Bekanntmachungspflicht, TED;fehlt, Bekanntmachung nennt keinen Wert;mittel, abgeleitet aus Zuschlagsfrequenz und Preisliste;mittel, Ort aus der Bekanntmachung. Das ist nicht immer der eingetragene Sitz, manchmal die Niederlassung oder der Projektort
esko-systems GmbH;esko-systems.de;Bonn;2 Luecke;bietet regelmaessig, aktuell kein Ereignis;Starter;2;2;1940001;2025-02-05;2025-11-24;ja;302,480,722,324;AVA Abfallverwertung Augsburg Kommunalunternehmen | Krankenhaus GmbH Alb-Donau.Kreis;;;https://ted.europa.eu/de/notice/78194-2025/pdf;https://ted.europa.eu/de/notice/775905-2025/pdf;hoch, Freitext aus der Bekanntmachung, normalisiert;;esko-systems GmbH;belegt, Rechtsname im Impressum stimmt;"Impressum nennt ""esko-systems GmbH"". Name identisch: eskosystems";hoch, gesetzliche Bekanntmachungspflicht, TED;hoch, Wert in der Bekanntmachung;mittel, abgeleitet aus Zuschlagsfrequenz und Preisliste;mittel, Ort aus der Bekanntmachung. Das ist nicht immer der eingetragene Sitz, manchmal die Niederlassung oder der Projektort
OEDIV SecuSys GmbH;oediv-secusys.com;Rostock;2 Luecke;bietet regelmaessig, aktuell kein Ereignis;Starter;2;2;1773690;2025-02-11;2026-06-22;ja;722,487,720;Goethe-Institut e.V. - Zentrale | MÜNCHENSTIFT GmbH, Gemeinnützige Gesellschaft der Stadt München;;;https://ted.europa.eu/de/notice/92718-2025/pdf;https://ted.europa.eu/de/notice/427114-2026/pdf;hoch, Freitext aus der Bekanntmachung, normalisiert;;OEDIV SecuSys GmbH;belegt, Rechtsname im Impressum stimmt;"Impressum nennt ""OEDIV SecuSys GmbH"". Name identisch: oedivsecusys";hoch, gesetzliche Bekanntmachungspflicht, TED;hoch, Wert in der Bekanntmachung;mittel, abgeleitet aus Zuschlagsfrequenz und Preisliste;mittel, Ort aus der Bekanntmachung. Das ist nicht immer der eingetragene Sitz, manchmal die Niederlassung oder der Projektort
VMT Düssel Video-Medien-Technik GmbH;vmt-duessel.de;Essen;2 Luecke;bietet regelmaessig, aktuell kein Ereignis;Starter;2;2;9986921;2025-04-14;2026-03-26;ja;503,513,323,720;Hochschule Rhein-Waal | Technische Hochschule Köln;;;https://ted.europa.eu/de/notice/240133-2025/pdf;https://ted.europa.eu/de/notice/207435-2026/pdf;hoch, Freitext aus der Bekanntmachung, normalisiert;;VMT Düssel Video-Medien-Technik GmbH;belegt, Rechtsname im Impressum stimmt;"Impressum nennt ""VMT Düssel Video-Medien-Technik GmbH"". Name identisch: vmtduesselvideomedientechnik";hoch, gesetzliche Bekanntmachungspflicht, TED;hoch, Wert in der Bekanntmachung;mittel, abgeleitet aus Zuschlagsfrequenz und Preisliste;mittel, Ort aus der Bekanntmachung. Das ist nicht immer der eingetragene Sitz, manchmal die Niederlassung oder der Projektort
Olympus Deutschland GmbH;olympus.de;Hamburg;2 Luecke;bietet regelmaessig, aktuell kein Ereignis;Starter;2;2;1;2025-10-30;2025-11-05;ja;302,331,481;Oberschwabenklinik gGmbH | Universitätsklinikum Freiburg;;;https://ted.europa.eu/de/notice/717745-2025/pdf;https://ted.europa.eu/de/notice/733339-2025/pdf;hoch, Freitext aus der Bekanntmachung, normalisiert;;Olympus Europa SE & Co. KG;belegt, Rechtsname im Impressum stimmt;"Impressum nennt ""Olympus Europa SE & Co. KG"". gleicher Namensanfang ""olympus"", sonst nichts. Ort ""Hamburg"" steht im Impressum";hoch, gesetzliche Bekanntmachungspflicht, TED;hoch, Wert in der Bekanntmachung;mittel, abgeleitet aus Zuschlagsfrequenz und Preisliste;mittel, Ort aus der Bekanntmachung. Das ist nicht immer der eingetragene Sitz, manchmal die Niederlassung oder der Projektort
SCALCOM GmbH;scalcom.de;Waltenhofen;3 Still;letzter Zuschlag 2025-09-03, seitdem nichts;Team;4;4;1667629;2024-01-03;2025-09-03;nein;302,482;Bezirk Oberbayern | BwFuhrparkService GmbH | Stadt Flensburg - Zentrale Vergabestelle;;;https://ted.europa.eu/de/notice/3903-2024/pdf;https://ted.europa.eu/de/notice/13108-2024/pdf https://ted.europa.eu/de/notice/211813-2025/pdf https://ted.europa.eu/de/notice/575927-2025/pdf;hoch, Freitext aus der Bekanntmachung, normalisiert;;SCALCOM GmbH;belegt, Rechtsname im Impressum stimmt;"Impressum nennt ""SCALCOM GmbH"". Name identisch: scalcom";hoch, gesetzliche Bekanntmachungspflicht, TED;hoch, Wert in der Bekanntmachung;mittel, abgeleitet aus Zuschlagsfrequenz und Preisliste;mittel, Ort aus der Bekanntmachung. Das ist nicht immer der eingetragene Sitz, manchmal die Niederlassung oder der Projektort
Raid Media Sytems GmbH;raidmedia.com;Thalheim;3 Still;letzter Zuschlag 2025-01-07, seitdem nichts;Team;3;3;421748;2024-02-07;2025-01-07;nein;302,488,323,351;Hochschule Harz | Brandenburgische Technische Universität Cottbus-Senftenberg | Landkreis Dahme-Spreewald;;;https://ted.europa.eu/de/notice/79223-2024/pdf;https://ted.europa.eu/de/notice/199852-2024/pdf https://ted.europa.eu/de/notice/6520-2025/pdf;hoch, Freitext aus der Bekanntmachung, normalisiert;;RAID Media Systems GmbH;belegt, Rechtsname im Impressum stimmt;"Impressum nennt ""RAID Media Systems GmbH"". Namensanfang und 2 Woerter: ['media', 'raid']";hoch, gesetzliche Bekanntmachungspflicht, TED;hoch, Wert in der Bekanntmachung;mittel, abgeleitet aus Zuschlagsfrequenz und Preisliste;mittel, Ort aus der Bekanntmachung. Das ist nicht immer der eingetragene Sitz, manchmal die Niederlassung oder der Projektort
Heldele GmbH;heldele.de;Salach;3 Still;letzter Zuschlag 2025-03-20, seitdem nichts;Team;3;3;179040;2024-05-10;2025-03-20;nein;485,325,480,722;Klinikverbund Südwest GmbH / Ressort C | Universitätsstadt Tübingen - Zentrale Vergabestelle | ALB-FILS-KLINIKUM GmbH;;;https://ted.europa.eu/de/notice/275221-2024/pdf;https://ted.europa.eu/de/notice/74492-2025/pdf https://ted.europa.eu/de/notice/182231-2025/pdf;hoch, Freitext aus der Bekanntmachung, normalisiert;;HELDELE GmbH;belegt, Rechtsname im Impressum stimmt;"Impressum nennt ""HELDELE GmbH"". Name identisch: heldele";hoch, gesetzliche Bekanntmachungspflicht, TED;hoch, Wert in der Bekanntmachung;mittel, abgeleitet aus Zuschlagsfrequenz und Preisliste;mittel, Ort aus der Bekanntmachung. Das ist nicht immer der eingetragene Sitz, manchmal die Niederlassung oder der Projektort
MAWOH Systemhaus GmbH;mawoh.de;Karlsfeld;3 Still;letzter Zuschlag 2024-08-29, seitdem nichts;Starter;3;2;560676;2024-03-29;2024-08-29;nein;503,482,300,302;Landkreis Regensburg | Stadt Pfaffenhofen an der Ilm;;;https://ted.europa.eu/de/notice/188932-2024/pdf;https://ted.europa.eu/de/notice/308311-2024/pdf https://ted.europa.eu/de/notice/520034-2024/pdf;hoch, Freitext aus der Bekanntmachung, normalisiert;;MAWOH GmbH;belegt, Rechtsname im Impressum stimmt;"Impressum nennt ""MAWOH GmbH"". Name identisch: mawoh";hoch, gesetzliche Bekanntmachungspflicht, TED;hoch, Wert in der Bekanntmachung;mittel, abgeleitet aus Zuschlagsfrequenz und Preisliste;mittel, Ort aus der Bekanntmachung. Das ist nicht immer der eingetragene Sitz, manchmal die Niederlassung oder der Projektort
CSS-Connect GmbH;css-connect.de;Künzelsau;3 Still;letzter Zuschlag 2025-09-25, seitdem nichts;Starter;3;2;;2024-11-19;2025-09-25;nein;302,488,480;Landkreis Schwäbisch Hall Klinikum gGmbH | Kliniken des Landkreises Neustadt a.d. Aisch - Bad Windsheim - Anstalt;;;https://ted.europa.eu/de/notice/703242-2024/pdf;https://ted.europa.eu/de/notice/73373-2025/pdf https://ted.europa.eu/de/notice/627704-2025/pdf;hoch, Freitext aus der Bekanntmachung, normalisiert;;CSS-Connect GmbH;belegt, Rechtsname im Impressum stimmt;"Impressum nennt ""CSS-Connect GmbH"". Name identisch: cssconnect";hoch, gesetzliche Bekanntmachungspflicht, TED;fehlt, Bekanntmachung nennt keinen Wert;mittel, abgeleitet aus Zuschlagsfrequenz und Preisliste;mittel, Ort aus der Bekanntmachung. Das ist nicht immer der eingetragene Sitz, manchmal die Niederlassung oder der Projektort
n-tree solutions Ticketsysteme GmbH;ticketsysteme.com;Bregenz;3 Still;letzter Zuschlag 2025-07-08, seitdem nichts;Starter;3;2;1080636;2025-01-17;2025-07-08;nein;301,429,480,481;Stadtwerke Deggendorf GmbH | Stadt Hürth;;;https://ted.europa.eu/de/notice/35725-2025/pdf;https://ted.europa.eu/de/notice/37186-2025/pdf https://ted.europa.eu/de/notice/442175-2025/pdf;hoch, Freitext aus der Bekanntmachung, normalisiert;;n-tree solutions Ticketsysteme GmbH;belegt, Rechtsname im Impressum stimmt;"Impressum nennt ""n-tree solutions Ticketsysteme GmbH"". Name identisch: treeticketsysteme";hoch, gesetzliche Bekanntmachungspflicht, TED;hoch, Wert in der Bekanntmachung;mittel, abgeleitet aus Zuschlagsfrequenz und Preisliste;mittel, Ort aus der Bekanntmachung. Das ist nicht immer der eingetragene Sitz, manchmal die Niederlassung oder der Projektort
Logiway GmbH;logiway.de;Berlin;3 Still;letzter Zuschlag 2025-08-19, seitdem nichts;Starter;3;1;3;2025-07-28;2025-08-19;nein;480,302;Katholisches Klinikum Bochum gGmbH;;;https://ted.europa.eu/de/notice/490100-2025/pdf;https://ted.europa.eu/de/notice/492902-2025/pdf https://ted.europa.eu/de/notice/540528-2025/pdf;hoch, Freitext aus der Bekanntmachung, normalisiert;;Logiway GmbH;belegt, Rechtsname im Impressum stimmt;"Impressum nennt ""Logiway GmbH"". Name identisch: logiway";hoch, gesetzliche Bekanntmachungspflicht, TED;hoch, Wert in der Bekanntmachung;mittel, abgeleitet aus Zuschlagsfrequenz und Preisliste;mittel, Ort aus der Bekanntmachung. Das ist nicht immer der eingetragene Sitz, manchmal die Niederlassung oder der Projektort
Pro Video Handelsgesellschaft mbH Berlin;provideo.eu;Berlin;3 Still;letzter Zuschlag 2024-03-21, seitdem nichts;Starter;2;2;229113;2024-02-05;2024-03-21;nein;317,323,302,488;Burg Giebichenstein Kunsthochschule Halle | Hochschule Mittweida;;;https://ted.europa.eu/de/notice/74699-2024/pdf;https://ted.europa.eu/de/notice/170842-2024/pdf;hoch, Freitext aus der Bekanntmachung, normalisiert;;PRO VIDEO Handelsgesellschaft mbH;belegt, Rechtsname im Impressum stimmt;"Impressum nennt ""PRO VIDEO Handelsgesellschaft mbH"". gleicher Namensanfang ""video"", sonst nichts. Ort ""Berlin"" steht im Impressum";hoch, gesetzliche Bekanntmachungspflicht, TED;hoch, Wert in der Bekanntmachung;mittel, abgeleitet aus Zuschlagsfrequenz und Preisliste;mittel, Ort aus der Bekanntmachung. Das ist nicht immer der eingetragene Sitz, manchmal die Niederlassung oder der Projektort
TELCAT MULTICOM;telcat.de;Thale;3 Still;letzter Zuschlag 2024-09-19, seitdem nichts;Starter;2;2;13821446;2024-04-16;2024-09-19;nein;325,485,503,302;Beschaffungsamt des BMI | Saaleschule für (H)alle e. V.;;;https://ted.europa.eu/de/notice/224041-2024/pdf;https://ted.europa.eu/de/notice/564834-2024/pdf;hoch, Freitext aus der Bekanntmachung, normalisiert;;TELCAT MULTICOM GmbH;belegt, Rechtsname im Impressum stimmt;"Impressum nennt ""TELCAT MULTICOM GmbH"". Name identisch: telcatmulticom";hoch, gesetzliche Bekanntmachungspflicht, TED;hoch, Wert in der Bekanntmachung;mittel, abgeleitet aus Zuschlagsfrequenz und Preisliste;mittel, Ort aus der Bekanntmachung. Das ist nicht immer der eingetragene Sitz, manchmal die Niederlassung oder der Projektort
Greimel IT-Systemhaus;greimel.de;Dorfen;3 Still;letzter Zuschlag 2025-06-11, seitdem nichts;Starter;2;2;1454719;2024-04-25;2025-06-11;nein;302,488,300,301;Gemeinde Poing | Münchner Volkshochschule GmbH;;;https://ted.europa.eu/de/notice/245486-2024/pdf;https://ted.europa.eu/de/notice/376394-2025/pdf;hoch, Freitext aus der Bekanntmachung, normalisiert;;GREIMEL IT-Systemhaus GmbH;belegt, Rechtsname im Impressum stimmt;"Impressum nennt ""GREIMEL IT-Systemhaus GmbH"". Name identisch: greimel";hoch, gesetzliche Bekanntmachungspflicht, TED;hoch, Wert in der Bekanntmachung;mittel, abgeleitet aus Zuschlagsfrequenz und Preisliste;mittel, Ort aus der Bekanntmachung. Das ist nicht immer der eingetragene Sitz, manchmal die Niederlassung oder der Projektort
netmon24 GmbH & Co. KG;netmon24.de;Limburg;3 Still;letzter Zuschlag 2024-08-26, seitdem nichts;Starter;2;2;;2024-05-03;2024-08-26;nein;480,487;Max Planck Digital Library | Polizeiverwaltungsamt Logistikzentrum;;;https://ted.europa.eu/de/notice/263179-2024/pdf;https://ted.europa.eu/de/notice/509080-2024/pdf;hoch, Freitext aus der Bekanntmachung, normalisiert;;netmon24 GmbH & Co.KG;belegt, Rechtsname im Impressum stimmt;"Impressum nennt ""netmon24 GmbH & Co.KG"". Name identisch: netmon24";hoch, gesetzliche Bekanntmachungspflicht, TED;fehlt, Bekanntmachung nennt keinen Wert;mittel, abgeleitet aus Zuschlagsfrequenz und Preisliste;mittel, Ort aus der Bekanntmachung. Das ist nicht immer der eingetragene Sitz, manchmal die Niederlassung oder der Projektort
Firma Serverhero GmbH;serverhero.de;Köln;3 Still;letzter Zuschlag 2024-08-09, seitdem nichts;Starter;2;2;867710;2024-07-10;2024-08-09;nein;480,488,302;Der Kreisausschuss des Hochtaunuskreises | Kreisausschuss des Hochtaunuskreises;;;https://ted.europa.eu/de/notice/410435-2024/pdf;https://ted.europa.eu/de/notice/482307-2024/pdf;hoch, Freitext aus der Bekanntmachung, normalisiert;;Serverhero GmbH;belegt, Rechtsname im Impressum stimmt;"Impressum nennt ""Serverhero GmbH"". Kennwort kommt vor, aber nicht am Anfang: ['serverhero']. Ort ""Köln"" steht im Impressum";hoch, gesetzliche Bekanntmachungspflicht, TED;hoch, Wert in der Bekanntmachung;mittel, abgeleitet aus Zuschlagsfrequenz und Preisliste;mittel, Ort aus der Bekanntmachung. Das ist nicht immer der eingetragene Sitz, manchmal die Niederlassung oder der Projektort
CNS GmbH;cns-gmbh.de;Gelsenkirchen;3 Still;letzter Zuschlag 2025-09-09, seitdem nichts;Starter;2;2;341950;2024-08-12;2025-09-09;nein;302,480;Stadt Hückelhoven | Essener Systemhaus;;;https://ted.europa.eu/de/notice/482654-2024/pdf;https://ted.europa.eu/de/notice/587690-2025/pdf;hoch, Freitext aus der Bekanntmachung, normalisiert;;CNS Computer Network Systemengineering GmbH;belegt, Rechtsname im Impressum stimmt;"Impressum nennt ""CNS Computer Network Systemengineering GmbH"". gleicher Namensanfang ""cns"", sonst nichts. Ort nicht pruefbar";hoch, gesetzliche Bekanntmachungspflicht, TED;hoch, Wert in der Bekanntmachung;mittel, abgeleitet aus Zuschlagsfrequenz und Preisliste;mittel, Ort aus der Bekanntmachung. Das ist nicht immer der eingetragene Sitz, manchmal die Niederlassung oder der Projektort
LINET Services GmbH;linet.de;Hamburg;3 Still;letzter Zuschlag 2025-07-25, seitdem nichts;Starter;2;2;220896;2024-12-19;2025-07-25;nein;302,488;Kreis Nordfriesland | Braunschweiger Verkehrs-GmbH;;;https://ted.europa.eu/de/notice/778902-2024/pdf;https://ted.europa.eu/de/notice/488839-2025/pdf;hoch, Freitext aus der Bekanntmachung, normalisiert;;LINET Services GmbH;belegt, Rechtsname im Impressum stimmt;"Impressum nennt ""LINET Services GmbH"". Name identisch: linet";hoch, gesetzliche Bekanntmachungspflicht, TED;hoch, Wert in der Bekanntmachung;mittel, abgeleitet aus Zuschlagsfrequenz und Preisliste;mittel, Ort aus der Bekanntmachung. Das ist nicht immer der eingetragene Sitz, manchmal die Niederlassung oder der Projektort
aDvens GmbH;advens.de;Munich;3 Still;letzter Zuschlag 2025-05-30, seitdem nichts;Starter;2;2;325046;2025-03-13;2025-05-30;nein;487,722,720,480;Landeskreditbank Baden-Württemberg - Förderbank - (L-Bank) | Stadt Augsburg;;;https://ted.europa.eu/de/notice/164707-2025/pdf;https://ted.europa.eu/de/notice/347226-2025/pdf;hoch, Freitext aus der Bekanntmachung, normalisiert;;ADVENS GmbH;belegt, Rechtsname im Impressum stimmt;"Impressum nennt ""ADVENS GmbH"". Name identisch: advens";hoch, gesetzliche Bekanntmachungspflicht, TED;hoch, Wert in der Bekanntmachung;mittel, abgeleitet aus Zuschlagsfrequenz und Preisliste;mittel, Ort aus der Bekanntmachung. Das ist nicht immer der eingetragene Sitz, manchmal die Niederlassung oder der Projektort
netkab Netztwerktechnik GmbH;netkab.de;Potsdam;3 Still;letzter Zuschlag 2025-09-15, seitdem nichts;Starter;2;1;246205;2024-06-24;2025-09-15;nein;324,443,302,488;Zentraler IT-Dienstleister der Justiz des Landes Brandenburg;;;https://ted.europa.eu/de/notice/373280-2024/pdf;https://ted.europa.eu/de/notice/599083-2025/pdf;hoch, Freitext aus der Bekanntmachung, normalisiert;;netkab Netzwerktechnik GmbH;belegt, Rechtsname im Impressum stimmt;"Impressum nennt ""netkab Netzwerktechnik GmbH"". Namensanfang und 2 Woerter: ['netkab', 'netztwerktechnik']";hoch, gesetzliche Bekanntmachungspflicht, TED;hoch, Wert in der Bekanntmachung;mittel, abgeleitet aus Zuschlagsfrequenz und Preisliste;mittel, Ort aus der Bekanntmachung. Das ist nicht immer der eingetragene Sitz, manchmal die Niederlassung oder der Projektort
RapidMax GmbH;rapidmax.de;Speichersdorf;3 Still;letzter Zuschlag 2024-12-20, seitdem nichts;Starter;2;1;625630;2024-07-12;2024-12-20;nein;488,324,302,452;Landkreis Tirschenreuth;;;https://ted.europa.eu/de/notice/418022-2024/pdf;https://ted.europa.eu/de/notice/782223-2024/pdf;hoch, Freitext aus der Bekanntmachung, normalisiert;;RapidMax GmbH;belegt, Rechtsname im Impressum stimmt;"Impressum nennt ""RapidMax GmbH"". Name identisch: rapidmax";hoch, gesetzliche Bekanntmachungspflicht, TED;hoch, Wert in der Bekanntmachung;mittel, abgeleitet aus Zuschlagsfrequenz und Preisliste;mittel, Ort aus der Bekanntmachung. Das ist nicht immer der eingetragene Sitz, manchmal die Niederlassung oder der Projektort
concentrade GmbH;concentrade.de;Dortmund;3 Still;letzter Zuschlag 2025-03-19, seitdem nichts;Starter;2;1;;2025-01-23;2025-03-19;nein;302,324,488,516;Universitätsklinikum Düsseldorf;;;https://ted.europa.eu/de/notice/47792-2025/pdf;https://ted.europa.eu/de/notice/176519-2025/pdf;hoch, Freitext aus der Bekanntmachung, normalisiert;;concentrade GmbH;belegt, Rechtsname im Impressum stimmt;"Impressum nennt ""concentrade GmbH"". Name identisch: concentrade";hoch, gesetzliche Bekanntmachungspflicht, TED;fehlt, Bekanntmachung nennt keinen Wert;mittel, abgeleitet aus Zuschlagsfrequenz und Preisliste;mittel, Ort aus der Bekanntmachung. Das ist nicht immer der eingetragene Sitz, manchmal die Niederlassung oder der Projektort
idicos GmbH;idicos.de;Schriesheim;3 Still;letzter Zuschlag 2025-10-01, seitdem nichts;Starter;2;1;2;2025-07-28;2025-10-01;nein;487,480;Katholisches Klinikum Bochum gGmbH;;;https://ted.europa.eu/de/notice/491583-2025/pdf;https://ted.europa.eu/de/notice/639782-2025/pdf;hoch, Freitext aus der Bekanntmachung, normalisiert;;idicos GmbH;belegt, Rechtsname im Impressum stimmt;"Impressum nennt ""idicos GmbH"". Name identisch: idicos";hoch, gesetzliche Bekanntmachungspflicht, TED;hoch, Wert in der Bekanntmachung;mittel, abgeleitet aus Zuschlagsfrequenz und Preisliste;mittel, Ort aus der Bekanntmachung. Das ist nicht immer der eingetragene Sitz, manchmal die Niederlassung oder der Projektort
