Rechtsname;Domain;Domain_Confidence;Ort;Signal;Signal_Datum;Score_Account;Score_Signal;In_Longlist_1;Zuschlaege_Longlist_1;Plan;Status_in_diesem_Lauf;Aenderung;Beleg;Quelle;Auftraggeber_Treffer;Beleg_fruehererer_Auftrag;Beleg_Rolle;Beleg_Mitauftraggeber;Why_now
sysGen GmbH;sysgen.de;belegt;Bremen;S4 Ausschreibung beim bekannten Auftraggeber;2026-10-06;98;90;ja;30;Scale;neu;;Bundesrepublik Deutschland, vertreten durch das Bundesministerium...: Festnetztelekommunikationsdienstleistungen - VoIP. Frist 22.10.2026.;https://ted.europa.eu/de/notice/687581-2026/pdf;Bundesrepublik Deutschland, vertreten durch das Bundesministerium...;https://ted.europa.eu/de/notice/638445-2026/pdf;gewinner;1;Bundesrepublik Deutschland, vertreten durch... schreibt gerade Festnetztelekommunikationsdienstleistungen - VoIP aus. Frist 22.10.2026. Dort habt ihr 09/2026 schon geliefert (https://ted.europa.eu/de/notice/638445-2026/pdf).
sysGen GmbH;sysgen.de;belegt;Bremen;S4 Ausschreibung beim bekannten Auftraggeber;2026-10-08;98;85;ja;30;Scale;neu;;Friedrich-Schiller-Universität Jena: Ceph Cluster ThULB. Frist 09.11.2026.;https://ted.europa.eu/de/notice/693139-2026/pdf;Friedrich-Schiller-Universität Jena;https://ted.europa.eu/de/notice/590686-2026/pdf;gewinner;1;Friedrich-Schiller-Universität Jena schreibt gerade Ceph Cluster ThULB aus. Frist 09.11.2026. Dort habt ihr 08/2026 schon geliefert (https://ted.europa.eu/de/notice/590686-2026/pdf).
sysGen GmbH;sysgen.de;belegt;Bremen;S4 Ausschreibung beim bekannten Auftraggeber;2026-10-07;98;85;ja;30;Scale;neu;;Universitätsklinikum Bonn AöR: Lieferung von VMware Cloud Foundation License Subscriptions (VCF). Frist 05.11.2026.;https://ted.europa.eu/de/notice/691858-2026/pdf;Universitätsklinikum Bonn AöR;https://ted.europa.eu/de/notice/533621-2024/pdf;gewinner;1;Universitätsklinikum Bonn AöR schreibt gerade Lieferung von VMware Cloud Foundation License Subscriptions... aus. Frist 05.11.2026. Dort habt ihr 09/2024 schon geliefert (https://ted.europa.eu/de/notice/533621-2024/pdf).
sysGen GmbH;sysgen.de;belegt;Bremen;S2 Vertragsende;2026-09-30;98;70;ja;30;Scale;unveraendert;;Vertrag endete vor 8 Tagen. Auftraggeber Leibniz-Institut für Astrophysik Potsdam (AIP). Cluster-Hardware 2026;https://ted.europa.eu/de/notice/605869-2026/pdf;Leibniz-Institut für Astrophysik Potsdam (AIP);;;;Ihr Vertrag mit Leibniz-Institut für Astrophysik Potsdam (AIP) (Cluster-Hardware 2026) endete am 30.09.2026. Die Neuausschreibung steht an.
Concat AG;concat.de;belegt;Bensheim;S4 Ausschreibung beim bekannten Auftraggeber;2026-10-07;98;90;ja;19;Scale;neu;;Universität Stuttgart: Verlängerung der PingIDM. Frist 19.10.2026.;https://ted.europa.eu/de/notice/692489-2026/pdf;Universität Stuttgart;https://ted.europa.eu/de/notice/92798-2024/pdf;gewinner;1;Universität Stuttgart schreibt gerade Verlängerung der PingIDM aus. Frist 19.10.2026. Dort habt ihr 02/2024 schon geliefert (https://ted.europa.eu/de/notice/92798-2024/pdf).
Concat AG;concat.de;belegt;Bensheim;S4 Ausschreibung beim bekannten Auftraggeber;2026-09-29;98;90;ja;19;Scale;unveraendert;;Deutsches Krebsforschungszentrum: Lieferung, Installation und Inbetriebnahme von zwei KI-Servern. Frist 28.10.2026.;https://ted.europa.eu/de/notice/669694-2026/pdf;Deutsches Krebsforschungszentrum;https://ted.europa.eu/de/notice/112831-2026/pdf;gewinner;1;Deutsches Krebsforschungszentrum schreibt gerade Lieferung, Installation und Inbetriebnahme von zwei... aus. Frist 28.10.2026. Dort habt ihr 02/2026 schon geliefert (https://ted.europa.eu/de/notice/112831-2026/pdf).
Concat AG;concat.de;belegt;Bensheim;S4 Ausschreibung beim bekannten Auftraggeber;2026-10-02;98;85;ja;19;Scale;unveraendert;;Universität Stuttgart: Beschaffung und Implementierung einer Bewerbermangementsoftware.;https://ted.europa.eu/de/notice/678248-2026/pdf;Universität Stuttgart;https://ted.europa.eu/de/notice/92798-2024/pdf;gewinner;1;Universität Stuttgart schreibt gerade Beschaffung und Implementierung einer... aus. Dort habt ihr 02/2024 schon geliefert (https://ted.europa.eu/de/notice/92798-2024/pdf).
Concat AG;concat.de;belegt;Bensheim;S2 Vertragsende;2026-12-30;98;80;ja;19;Scale;unveraendert;;Vertrag endet in 83 Tagen. Auftraggeber Universitätsklinikum Düsseldorf. Forschungsdatenspeicher - Neubau CARDDIAB;https://ted.europa.eu/de/notice/597276-2026/pdf;Universitätsklinikum Düsseldorf;;;;Ihr Vertrag mit Universitätsklinikum Düsseldorf (Forschungsdatenspeicher - Neubau CARDDIAB) endet am 30.12.2026. Die Neuausschreibung steht an.
ThinkRED West GmbH;thinkred.de;belegt;Bochum;S2 Vertragsende;2026-12-31;98;90;ja;17;Scale;unveraendert;;Vertrag endet in 84 Tagen. Auftraggeber Stadt Recklinghausen. Rahmenvertrag über den Kauf von Apple IPads;https://ted.europa.eu/de/notice/289452-2025/pdf;Stadt Recklinghausen;;;;Ihr Vertrag mit Stadt Recklinghausen (Rahmenvertrag über den Kauf von Apple IPads) endet am 31.12.2026. Rahmenvertrag, die Neuausschreibung kommt.
ThinkRED West GmbH;thinkred.de;belegt;Bochum;S4 Ausschreibung beim bekannten Auftraggeber;2026-10-06;98;90;ja;17;Scale;neu;;Burgenlandkreis: Bildungscampus Naumburg, Schönburger Straße, 06618 Naumburg, Los 4-09 Gebäudeautomation. Frist 22.10.2026.;https://ted.europa.eu/de/notice/688539-2026/pdf;Burgenlandkreis;https://ted.europa.eu/de/notice/596777-2024/pdf;gewinner;1;Burgenlandkreis schreibt gerade Bildungscampus Naumburg, Schönburger Straße, 06618... aus. Frist 22.10.2026. Dort habt ihr 10/2024 schon geliefert (https://ted.europa.eu/de/notice/596777-2024/pdf).
ThinkRED West GmbH;thinkred.de;belegt;Bochum;S4 Ausschreibung beim bekannten Auftraggeber;2026-10-05;98;90;ja;17;Scale;unveraendert;;ekom21 - Kommunales Gebietsrechenzentrum Hessen: Technik für Besucherleitsystem 2026. Frist 26.10.2026.;https://ted.europa.eu/de/notice/681787-2026/pdf;ekom21 - Kommunales Gebietsrechenzentrum Hessen;https://ted.europa.eu/de/notice/339315-2024/pdf;gewinner;2;ekom21 - Kommunales Gebietsrechenzentrum Hessen schreibt gerade Technik für Besucherleitsystem 2026 aus. Frist 26.10.2026. Dort habt ihr 06/2024 schon geliefert (https://ted.europa.eu/de/notice/339315-2024/pdf).
ThinkRED West GmbH;thinkred.de;belegt;Bochum;S4 Ausschreibung beim bekannten Auftraggeber;2026-10-07;98;85;ja;17;Scale;neu;;GSI Helmholtzzentrum für Schwerionenforschung GmbH: Ertüchtigung & Erweiterung der MSR-Technik-Green IT-Cube. Frist 03.11.2026.;https://ted.europa.eu/de/notice/691781-2026/pdf;GSI Helmholtzzentrum für Schwerionenforschung GmbH;https://ted.europa.eu/de/notice/165756-2024/pdf;gewinner;1;GSI Helmholtzzentrum für Schwerionenforschung GmbH schreibt gerade Ertüchtigung & Erweiterung der MSR-Technik-Green IT-Cube aus. Frist 03.11.2026. Dort habt ihr 03/2024 schon geliefert (https://ted.europa.eu/de/notice/165756-2024/pdf).
Albacon Systemhaus GmbH;albacon.de;belegt;Bad Doberan;S4 Ausschreibung beim bekannten Auftraggeber;2026-10-06;98;90;ja;17;Scale;neu;;Burgenlandkreis: Bildungscampus Naumburg, Schönburger Straße, 06618 Naumburg, Los 4-09 Gebäudeautomation. Frist 22.10.2026.;https://ted.europa.eu/de/notice/688539-2026/pdf;Burgenlandkreis;https://ted.europa.eu/de/notice/116943-2025/pdf;gewinner;1;Burgenlandkreis schreibt gerade Bildungscampus Naumburg, Schönburger Straße, 06618... aus. Frist 22.10.2026. Dort habt ihr 02/2025 schon geliefert (https://ted.europa.eu/de/notice/116943-2025/pdf).
Albacon Systemhaus GmbH;albacon.de;belegt;Bad Doberan;S4 Ausschreibung beim bekannten Auftraggeber;2026-09-07;98;90;ja;17;Scale;unveraendert;;Landesinstitut für Schulqualität und Lehrerbildung Sachsen Anhalt...: Position 1. Frist 09.10.2026.;https://ted.europa.eu/de/notice/613226-2026/pdf;Landesinstitut für Schulqualität und Lehrerbildung Sachsen Anhalt...;https://ted.europa.eu/de/notice/178455-2025/pdf;gewinner;1;Landesinstitut für Schulqualität und Lehrerbildung Sachsen... schreibt gerade Position 1 aus. Frist 09.10.2026. Dort habt ihr 03/2025 schon geliefert (https://ted.europa.eu/de/notice/178455-2025/pdf).
Albacon Systemhaus GmbH;albacon.de;belegt;Bad Doberan;S4 Ausschreibung beim bekannten Auftraggeber;2026-09-28;98;85;ja;17;Scale;unveraendert;;Landkreis Heidekreis, Der Landrat: Rahmenvereinbarung über Hybridpost-Dienstleistungen.;https://ted.europa.eu/de/notice/667099-2026/pdf;Landkreis Heidekreis, Der Landrat;https://ted.europa.eu/de/notice/499732-2025/pdf;gewinner;1;Landkreis Heidekreis, Der Landrat schreibt gerade Rahmenvereinbarung über Hybridpost-Dienstleistungen aus. Dort habt ihr 07/2025 schon geliefert (https://ted.europa.eu/de/notice/499732-2025/pdf).
Albacon Systemhaus GmbH;albacon.de;belegt;Bad Doberan;S2 Vertragsende;2026-10-15;98;80;ja;17;Scale;unveraendert;;Vertrag endet in 7 Tagen. Auftraggeber Landkreis Augsburg - Vergabestelle. Windowsgeräte;https://ted.europa.eu/de/notice/669832-2026/pdf;Landkreis Augsburg - Vergabestelle;;;;Ihr Vertrag mit Landkreis Augsburg - Vergabestelle (Windowsgeräte) endet am 15.10.2026. Die Neuausschreibung steht an.
Albacon Systemhaus GmbH;albacon.de;belegt;Bad Doberan;S2 Vertragsende;2026-10-02;98;70;ja;17;Scale;unveraendert;;Vertrag endete vor 6 Tagen. Auftraggeber Kreis Unna - Der Landrat. Desktop-Rechner;https://ted.europa.eu/de/notice/437985-2026/pdf;Kreis Unna - Der Landrat;;;;Ihr Vertrag mit Kreis Unna - Der Landrat (Desktop-Rechner) endete am 02.10.2026. Die Neuausschreibung steht an.
Albacon Systemhaus GmbH;albacon.de;belegt;Bad Doberan;S2 Vertragsende;2026-09-30;98;70;ja;17;Scale;unveraendert;;Vertrag endete vor 8 Tagen. Auftraggeber Landkreis Augsburg - Vergabestelle. Lehrerdienstgeräte;https://ted.europa.eu/de/notice/619728-2026/pdf;Landkreis Augsburg - Vergabestelle;;;;Ihr Vertrag mit Landkreis Augsburg - Vergabestelle (Lehrerdienstgeräte) endete am 30.09.2026. Die Neuausschreibung steht an.
CyProtect AG;cyprotect.de;belegt;München;S4 Ausschreibung beim bekannten Auftraggeber;2026-10-08;98;90;ja;9;Scale;neu;;Freistaat Sachsen, vertreten durch den Staatsbetrieb Sächsische...: Verlängerung der Suse Linux Enterprise Server Subscription inkl. LTSS.... Frist 13.10.2026.;https://ted.europa.eu/de/notice/696212-2026/pdf;Freistaat Sachsen, vertreten durch den Staatsbetrieb Sächsische...;https://ted.europa.eu/de/notice/290931-2026/pdf;gewinner;1;Freistaat Sachsen, vertreten durch den Staatsbetrieb... schreibt gerade Verlängerung der Suse Linux Enterprise Server Subscription... aus. Frist 13.10.2026. Dort habt ihr 04/2026 schon geliefert (https://ted.europa.eu/de/notice/290931-2026/pdf).
CyProtect AG;cyprotect.de;belegt;München;S4 Ausschreibung beim bekannten Auftraggeber;2026-10-06;98;90;ja;9;Scale;neu;;Dataport AöR: RV VMWare Reseller Wettbewerb. Frist 15.10.2026.;https://ted.europa.eu/de/notice/687151-2026/pdf;Dataport AöR;https://ted.europa.eu/de/notice/257204-2024/pdf;gewinner;1;Dataport AöR schreibt gerade RV VMWare Reseller Wettbewerb aus. Frist 15.10.2026. Dort habt ihr 04/2024 schon geliefert (https://ted.europa.eu/de/notice/257204-2024/pdf).
CyProtect AG;cyprotect.de;belegt;München;S4 Ausschreibung beim bekannten Auftraggeber;2026-10-06;98;85;ja;9;Scale;neu;;BWI GmbH: 1807-AB-Strategische Partnerschaft - KI für die Bw.;https://ted.europa.eu/de/notice/686124-2026/pdf;BWI GmbH;https://ted.europa.eu/de/notice/172635-2025/pdf;gewinner;1;BWI GmbH schreibt gerade 1807-AB-Strategische Partnerschaft - KI für die Bw aus. Dort habt ihr 03/2025 schon geliefert (https://ted.europa.eu/de/notice/172635-2025/pdf).
CyProtect AG;cyprotect.de;belegt;München;S2 Vertragsende;2026-11-28;98;80;ja;9;Scale;unveraendert;;Vertrag endet in 51 Tagen. Auftraggeber Universität der Bundeswehr München. Betreuung und Verlängerung der ESET-Sicherheitsinfrastruktur der UniBw M;https://ted.europa.eu/de/notice/793349-2025/pdf;Universität der Bundeswehr München;;;;Ihr Vertrag mit Universität der Bundeswehr München (Betreuung und Verlängerung...) endet am 28.11.2026. Die Neuausschreibung steht an.
medDV GmbH;meddv.de;belegt;Fernwald;S4 Ausschreibung beim bekannten Auftraggeber;2026-10-06;98;90;ja;9;Scale;neu;;Region Hannover: Lieferung von Thermalorthofotos für das Gebiet der Region Hannover. Frist 09.10.2026.;https://ted.europa.eu/de/notice/687730-2026/pdf;Region Hannover;https://ted.europa.eu/de/notice/189806-2024/pdf;gewinner;1;Region Hannover schreibt gerade Lieferung von Thermalorthofotos für das Gebiet der Region... aus. Frist 09.10.2026. Dort habt ihr 03/2024 schon geliefert (https://ted.europa.eu/de/notice/189806-2024/pdf).
medDV GmbH;meddv.de;belegt;Fernwald;S4 Ausschreibung beim bekannten Auftraggeber;2026-09-24;98;90;ja;9;Scale;unveraendert;;Landkreis Görlitz: Los 1 - Landkreis Nordsachsen - Tablets inkl. Zubehör. Frist 19.10.2026.;https://ted.europa.eu/de/notice/657210-2026/pdf;Landkreis Görlitz;https://ted.europa.eu/de/notice/425557-2026/pdf;gewinner;1;Landkreis Görlitz schreibt gerade Los 1 - Landkreis Nordsachsen - Tablets inkl. Zubehör aus. Frist 19.10.2026. Gemeinsame Beschaffung von 3 Stellen. Dort habt ihr 06/2026 schon geliefert (https://ted.europa.eu/de/notice/425557-2026/pdf).
medDV GmbH;meddv.de;belegt;Fernwald;S4 Ausschreibung beim bekannten Auftraggeber;2026-10-01;98;85;ja;9;Scale;unveraendert;;Medizinische Universität Lausitz - Carl Thiem: Netzwerk-Support. Frist 30.10.2026.;https://ted.europa.eu/de/notice/677320-2026/pdf;Medizinische Universität Lausitz - Carl Thiem;https://ted.europa.eu/de/notice/739940-2024/pdf;gewinner;2;Medizinische Universität Lausitz - Carl Thiem schreibt gerade Netzwerk-Support aus. Frist 30.10.2026. Gemeinsame Beschaffung von 2 Stellen. Dort habt ihr 12/2024 schon geliefert (https://ted.europa.eu/de/notice/739940-2024/pdf).
medDV GmbH;meddv.de;belegt;Fernwald;S2 Vertragsende;2026-10-31;98;80;ja;9;Scale;unveraendert;;Vertrag endet in 23 Tagen. Auftraggeber Landkreis Celle. Elektronische Patientendokumentation für den Rettungsdienst;https://ted.europa.eu/de/notice/226916-2026/pdf;Landkreis Celle;;;;Ihr Vertrag mit Landkreis Celle (Elektronische Patientendokumentation für den Rettungsdienst) endet am 31.10.2026. Die Neuausschreibung steht an.
IQUL GmbH;iqul.de;belegt;Bergisch Gladbach;S4 Ausschreibung beim bekannten Auftraggeber;2026-09-29;98;90;ja;6;Team;unveraendert;;Land Hessen, vertreten durch die Hessische Zentrale...: Teamleitungen. Frist 29.10.2026.;https://ted.europa.eu/de/notice/668349-2026/pdf;Land Hessen, vertreten durch die Hessische Zentrale...;https://ted.europa.eu/de/notice/32741-2024/pdf;bieter;1;Land Hessen, vertreten durch die Hessische Zentrale... schreibt gerade Teamleitungen aus. Frist 29.10.2026. Dort habt ihr 01/2024 schon geboten (https://ted.europa.eu/de/notice/32741-2024/pdf).
IQUL GmbH;iqul.de;belegt;Bergisch Gladbach;S4 Ausschreibung beim bekannten Auftraggeber;2026-10-07;98;85;ja;6;Team;neu;;Landesamt für innere Verwaltung M-V, Abteilung...: Datenschutzbeauftragter für alle öffentlichen Schulen des Landes M-V. Frist 10.11.2026.;https://ted.europa.eu/de/notice/689270-2026/pdf;Landesamt für innere Verwaltung M-V, Abteilung...;https://ted.europa.eu/de/notice/355067-2025/pdf;gewinner;1;Landesamt für innere Verwaltung M-V, Abteilung... schreibt gerade Datenschutzbeauftragter für alle öffentlichen Schulen... aus. Frist 10.11.2026. Dort habt ihr 06/2025 schon geliefert (https://ted.europa.eu/de/notice/355067-2025/pdf).
IQUL GmbH;iqul.de;belegt;Bergisch Gladbach;S4 Ausschreibung beim bekannten Auftraggeber;2026-10-07;98;85;ja;6;Team;neu;;Land Hessen, vertreten durch die Hessische Zentrale...: POLAS. Frist 06.11.2026.;https://ted.europa.eu/de/notice/689519-2026/pdf;Land Hessen, vertreten durch die Hessische Zentrale...;https://ted.europa.eu/de/notice/32741-2024/pdf;bieter;1;Land Hessen, vertreten durch die Hessische Zentrale... schreibt gerade POLAS aus. Frist 06.11.2026. Dort habt ihr 01/2024 schon geboten (https://ted.europa.eu/de/notice/32741-2024/pdf).
IQUL GmbH;iqul.de;belegt;Bergisch Gladbach;S2 Vertragsende;2026-12-31;98;80;ja;6;Team;unveraendert;;Vertrag endet in 84 Tagen. Auftraggeber Freistaat Sachsen, vertreten durch das Sächsische Staatsministerium.... Software für eine elektronische Korrekturanwendung zur Bewertung von Klausuren...;https://ted.europa.eu/de/notice/815292-2025/pdf;Freistaat Sachsen, vertreten durch das Sächsische Staatsministerium...;;;;Ihr Vertrag mit Freistaat Sachsen, vertreten durch das Sächsische... (Software für eine elektronische Korrekturanwendung...) endet am 31.12.2026. Die Neuausschreibung steht an.
IQUL GmbH;iqul.de;belegt;Bergisch Gladbach;S2 Vertragsende;2026-11-30;98;80;ja;6;Team;unveraendert;;Vertrag endet in 53 Tagen. Auftraggeber Freie und Hansestadt Hamburg - Gemeinsame IT-Abteilung.... eKlausur SaaS;https://ted.europa.eu/de/notice/434479-2026/pdf;Freie und Hansestadt Hamburg - Gemeinsame IT-Abteilung...;;;;Ihr Vertrag mit Freie und Hansestadt Hamburg - Gemeinsame IT-Abteilung... (eKlausur SaaS) endet am 30.11.2026. Die Neuausschreibung steht an.
ISEC7 GmbH;isec7.de;belegt;Hamburg;S4 Ausschreibung beim bekannten Auftraggeber;2026-10-02;98;90;ja;5;Team;unveraendert;;Landesamt für Zentrale Polizeiliche Dienste Nordrhein-Westfalen: Abschluss von Rahmenvereinbarungen über die Lieferung von einer schlüsselfertigen.... Frist 15.10.2026.;https://ted.europa.eu/de/notice/677876-2026/pdf;Landesamt für Zentrale Polizeiliche Dienste Nordrhein-Westfalen;https://ted.europa.eu/de/notice/247975-2025/pdf;gewinner;1;Landesamt für Zentrale Polizeiliche Dienste... schreibt gerade Abschluss von Rahmenvereinbarungen über die Lieferung... aus. Frist 15.10.2026. Dort habt ihr 04/2025 schon geliefert (https://ted.europa.eu/de/notice/247975-2025/pdf).
ISEC7 GmbH;isec7.de;belegt;Hamburg;S2 Vertragsende;2026-12-28;98;80;ja;5;Team;unveraendert;;Vertrag endet in 81 Tagen. Auftraggeber LWL IT.Serviceabteilung. UEM-Lizenzen;https://ted.europa.eu/de/notice/828239-2025/pdf;LWL IT.Serviceabteilung;;;;Ihr Vertrag mit LWL IT.Serviceabteilung (UEM-Lizenzen) endet am 28.12.2026. Die Neuausschreibung steht an.
Brodos AG;brodos.de;belegt;Baiersdorf;S4 Ausschreibung beim bekannten Auftraggeber;2026-10-06;98;90;ja;5;Team;neu;;Dataport AöR: RV VMWare Reseller Wettbewerb. Frist 15.10.2026.;https://ted.europa.eu/de/notice/687151-2026/pdf;Dataport AöR;https://ted.europa.eu/de/notice/365945-2024/pdf;gewinner;1;Dataport AöR schreibt gerade RV VMWare Reseller Wettbewerb aus. Frist 15.10.2026. Dort habt ihr 06/2024 schon geliefert (https://ted.europa.eu/de/notice/365945-2024/pdf).
Brodos AG;brodos.de;belegt;Baiersdorf;S4 Ausschreibung beim bekannten Auftraggeber;2026-10-08;98;85;ja;5;Team;neu;;DB Systel GmbH (Bukr 2B, 44): Content Management System.;https://ted.europa.eu/de/notice/695366-2026/pdf;DB Systel GmbH (Bukr 2B, 44);https://ted.europa.eu/de/notice/240634-2026/pdf;gewinner;1;DB Systel GmbH (Bukr 2B, 44) schreibt gerade Content Management System aus. Dort habt ihr 04/2026 schon geliefert (https://ted.europa.eu/de/notice/240634-2026/pdf).
Brodos AG;brodos.de;belegt;Baiersdorf;S4 Ausschreibung beim bekannten Auftraggeber;2026-10-06;98;85;ja;5;Team;neu;;BWI GmbH: 1807-AB-Strategische Partnerschaft - KI für die Bw.;https://ted.europa.eu/de/notice/686124-2026/pdf;BWI GmbH;https://ted.europa.eu/de/notice/199713-2026/pdf;gewinner;1;BWI GmbH schreibt gerade 1807-AB-Strategische Partnerschaft - KI für die Bw aus. Dort habt ihr 03/2026 schon geliefert (https://ted.europa.eu/de/notice/199713-2026/pdf).
Brodos AG;brodos.de;belegt;Baiersdorf;S1 Stellenanzeige Vergabe;2026-10-07;98;75;ja;5;Team;geaendert;Datum 2026-10-04 -> 2026-10-07;Offene Stelle: Tender Manager, seit 1 Tagen online;https://www.arbeitsagentur.de/jobsuche/jobdetail/10001-1003781038-S;;;;;Ihr sucht gerade Tender Manager. Genau die Arbeit nimmt euch das Werkzeug ab.
IF-Tech AG;if-tech.de;belegt;München;S4 Ausschreibung beim bekannten Auftraggeber;2026-10-06;98;90;ja;4;Team;neu;;Dataport AöR: RV VMWare Reseller Wettbewerb. Frist 15.10.2026.;https://ted.europa.eu/de/notice/687151-2026/pdf;Dataport AöR;https://ted.europa.eu/de/notice/291447-2026/pdf;gewinner;1;Dataport AöR schreibt gerade RV VMWare Reseller Wettbewerb aus. Frist 15.10.2026. Dort habt ihr 04/2026 schon geliefert (https://ted.europa.eu/de/notice/291447-2026/pdf).
IF-Tech AG;if-tech.de;belegt;München;S4 Ausschreibung beim bekannten Auftraggeber;2026-10-02;98;90;ja;4;Team;unveraendert;;Dataport AöR: Rahmenvertrag Standardsoftware. Frist 20.10.2026.;https://ted.europa.eu/de/notice/680780-2026/pdf;Dataport AöR;https://ted.europa.eu/de/notice/291447-2026/pdf;gewinner;1;Dataport AöR schreibt gerade Rahmenvertrag Standardsoftware aus. Frist 20.10.2026. Dort habt ihr 04/2026 schon geliefert (https://ted.europa.eu/de/notice/291447-2026/pdf).
IF-Tech AG;if-tech.de;belegt;München;S4 Ausschreibung beim bekannten Auftraggeber;2026-10-02;98;85;ja;4;Team;unveraendert;;Kassenärztliche Vereinigung Baden-Württemberg: Rahmenvertrag Dienstleistung PET-Entwicklung. Frist 03.11.2026.;https://ted.europa.eu/de/notice/678896-2026/pdf;Kassenärztliche Vereinigung Baden-Württemberg;https://ted.europa.eu/de/notice/769902-2025/pdf;gewinner;1;Kassenärztliche Vereinigung Baden-Württemberg schreibt gerade Rahmenvertrag Dienstleistung PET-Entwicklung aus. Frist 03.11.2026. Dort habt ihr 11/2025 schon geliefert (https://ted.europa.eu/de/notice/769902-2025/pdf).
IF-Tech AG;if-tech.de;belegt;München;S2 Vertragsende;2026-12-31;98;80;ja;4;Team;unveraendert;;Vertrag endet in 84 Tagen. Auftraggeber Stadt Regensburg. 23 E 094 - Verlängerung Maintenance von Citrix-Lizenzen;https://ted.europa.eu/de/notice/7922-2024/pdf;Stadt Regensburg;;;;Ihr Vertrag mit Stadt Regensburg (23 E 094 - Verlängerung Maintenance von Citrix-Lizenzen) endet am 31.12.2026. Die Neuausschreibung steht an.
alcera Kommunikationstechnik GmbH;alcera.de;belegt;Hannover;S4 Ausschreibung beim bekannten Auftraggeber;2026-09-16;98;90;ja;2;Starter;unveraendert;;ÜSTRA Hannoversche Verkehrsbetriebe Aktiengesellschaft: ÜSTRA C-ITS OBU KOM. Frist 16.10.2026.;https://ted.europa.eu/de/notice/638629-2026/pdf;ÜSTRA Hannoversche Verkehrsbetriebe Aktiengesellschaft;https://ted.europa.eu/de/notice/652602-2024/pdf;gewinner;1;ÜSTRA Hannoversche Verkehrsbetriebe Aktiengesellschaft schreibt gerade ÜSTRA C-ITS OBU KOM aus. Frist 16.10.2026. Dort habt ihr 10/2024 schon geliefert (https://ted.europa.eu/de/notice/652602-2024/pdf).
alcera Kommunikationstechnik GmbH;alcera.de;belegt;Hannover;S4 Ausschreibung beim bekannten Auftraggeber;2026-09-17;98;85;ja;2;Starter;unveraendert;;ÜSTRA Hannoversche Verkehrsbetriebe Aktiengesellschaft: Projektleitung Zusammenführung ITCS-Systeme.;https://ted.europa.eu/de/notice/641780-2026/pdf;ÜSTRA Hannoversche Verkehrsbetriebe Aktiengesellschaft;https://ted.europa.eu/de/notice/652602-2024/pdf;gewinner;1;ÜSTRA Hannoversche Verkehrsbetriebe Aktiengesellschaft schreibt gerade Projektleitung Zusammenführung ITCS-Systeme aus. Dort habt ihr 10/2024 schon geliefert (https://ted.europa.eu/de/notice/652602-2024/pdf).
alcera Kommunikationstechnik GmbH;alcera.de;belegt;Hannover;S2 Vertragsende;2026-12-31;98;80;ja;2;Starter;unveraendert;;Vertrag endet in 84 Tagen. Auftraggeber Stadt Hildesheim. Verlängerung der Sophos Lizenzen;https://ted.europa.eu/de/notice/76632-2026/pdf;Stadt Hildesheim;;;;Ihr Vertrag mit Stadt Hildesheim (Verlängerung der Sophos Lizenzen) endet am 31.12.2026. Die Neuausschreibung steht an.
Prowise GmbH;prowise.de;belegt;Köln;S4 Ausschreibung beim bekannten Auftraggeber;2026-10-07;93;85;ja;24;Scale;neu;;ProVitako Marketing- und Dienstleistungsgesellschaft der Kommunalen...: Basis- Virtualisierung. Frist 06.11.2026.;https://ted.europa.eu/de/notice/689848-2026/pdf;ProVitako Marketing- und Dienstleistungsgesellschaft der Kommunalen...;https://ted.europa.eu/de/notice/571955-2026/pdf;gewinner;1;ProVitako Marketing- und Dienstleistungsgesellschaft... schreibt gerade Basis- Virtualisierung aus. Frist 06.11.2026. Dort habt ihr 08/2026 schon geliefert (https://ted.europa.eu/de/notice/571955-2026/pdf).
Prowise GmbH;prowise.de;belegt;Köln;S4 Ausschreibung beim bekannten Auftraggeber;2026-10-06;93;85;ja;24;Scale;neu;;Deutsche Gesellschaft für Internationale Zusammenarbeit (GIZ) GmbH: 10009622-Short-term expert pool for technical advice in the field of digitalisation and....;https://ted.europa.eu/de/notice/687948-2026/pdf;Deutsche Gesellschaft für Internationale Zusammenarbeit (GIZ) GmbH;https://ted.europa.eu/de/notice/602620-2024/pdf;gewinner;1;Deutsche Gesellschaft für Internationale Zusammenarbeit... schreibt gerade 10009622-Short-term expert pool for technical advice in the... aus. Dort habt ihr 10/2024 schon geliefert (https://ted.europa.eu/de/notice/602620-2024/pdf).
Prowise GmbH;prowise.de;belegt;Köln;S4 Ausschreibung beim bekannten Auftraggeber;2026-10-06;93;85;ja;24;Scale;neu;;Deutsche Gesellschaft für Internationale Zusammenarbeit (GIZ) GmbH: 10048442_Microsoft_Unified_Support_Leistungen.;https://ted.europa.eu/de/notice/688881-2026/pdf;Deutsche Gesellschaft für Internationale Zusammenarbeit (GIZ) GmbH;https://ted.europa.eu/de/notice/602620-2024/pdf;gewinner;1;Deutsche Gesellschaft für Internationale Zusammenarbeit... schreibt gerade 10048442_Microsoft_Unified_Support_Leistungen aus. Dort habt ihr 10/2024 schon geliefert (https://ted.europa.eu/de/notice/602620-2024/pdf).
Prowise GmbH;prowise.de;belegt;Köln;S2 Vertragsende;2026-08-28;93;70;ja;24;Scale;unveraendert;;Vertrag endete vor 41 Tagen. Auftraggeber Handwerkskammer Braunschweig-Lüneburg-Stade. LV 26 Touchmonitore;https://ted.europa.eu/de/notice/414349-2026/pdf;Handwerkskammer Braunschweig-Lüneburg-Stade;;;;Ihr Vertrag mit Handwerkskammer Braunschweig-Lüneburg-Stade (LV 26 Touchmonitore) endete am 28.08.2026. Die Neuausschreibung steht an.
Prowise GmbH;prowise.de;belegt;Köln;S2 Vertragsende;2026-09-30;93;70;ja;24;Scale;unveraendert;;Vertrag endete vor 8 Tagen. Auftraggeber Stadt Aschaffenburg. Medientechnik / digitale Tafelsysteme;https://ted.europa.eu/de/notice/454789-2026/pdf;Stadt Aschaffenburg;;;;Ihr Vertrag mit Stadt Aschaffenburg (Medientechnik / digitale Tafelsysteme) endete am 30.09.2026. Die Neuausschreibung steht an.
Raid Media Systems GmbH;raidmedia.com;belegt;Thalheim;S4 Ausschreibung beim bekannten Auftraggeber;2026-10-08;93;85;ja;11;Scale;neu;;Fraunhofer-Gesellschaft - Einkauf B12: DELL PowerEdge - Erweiterung Storage-Server für KI-System - PR1287846-2880-I. Frist 09.11.2026.;https://ted.europa.eu/de/notice/693389-2026/pdf;Fraunhofer-Gesellschaft - Einkauf B12;https://ted.europa.eu/de/notice/217334-2024/pdf;gewinner;1;Fraunhofer-Gesellschaft - Einkauf B12 schreibt gerade DELL PowerEdge - Erweiterung Storage-Server für KI-System... aus. Frist 09.11.2026. Dort habt ihr 04/2024 schon geliefert (https://ted.europa.eu/de/notice/217334-2024/pdf).
Raid Media Systems GmbH;raidmedia.com;belegt;Thalheim;S4 Ausschreibung beim bekannten Auftraggeber;2026-10-07;93;85;ja;11;Scale;neu;;Fraunhofer-Gesellschaft - Einkauf B12: Los 1 - Hersteller Lenovo. Frist 09.11.2026.;https://ted.europa.eu/de/notice/689906-2026/pdf;Fraunhofer-Gesellschaft - Einkauf B12;https://ted.europa.eu/de/notice/217334-2024/pdf;gewinner;1;Fraunhofer-Gesellschaft - Einkauf B12 schreibt gerade Los 1 - Hersteller Lenovo aus. Frist 09.11.2026. Dort habt ihr 04/2024 schon geliefert (https://ted.europa.eu/de/notice/217334-2024/pdf).
Raid Media Systems GmbH;raidmedia.com;belegt;Thalheim;S4 Ausschreibung beim bekannten Auftraggeber;2026-10-07;93;85;ja;11;Scale;neu;;GSI Helmholtzzentrum für Schwerionenforschung GmbH: Ertüchtigung & Erweiterung der MSR-Technik-Green IT-Cube. Frist 03.11.2026.;https://ted.europa.eu/de/notice/691781-2026/pdf;GSI Helmholtzzentrum für Schwerionenforschung GmbH;https://ted.europa.eu/de/notice/393473-2024/pdf;gewinner;1;GSI Helmholtzzentrum für Schwerionenforschung GmbH schreibt gerade Ertüchtigung & Erweiterung der MSR-Technik-Green IT-Cube aus. Frist 03.11.2026. Dort habt ihr 07/2024 schon geliefert (https://ted.europa.eu/de/notice/393473-2024/pdf).
Raid Media Systems GmbH;raidmedia.com;belegt;Thalheim;S2 Vertragsende;2026-10-31;93;80;ja;11;Scale;unveraendert;;Vertrag endet in 23 Tagen. Auftraggeber Rheinland-Pfälzische Technische Universität Kaiserslautern-Landau. Server;https://ted.europa.eu/de/notice/429997-2026/pdf;Rheinland-Pfälzische Technische Universität Kaiserslautern-Landau;;;;Ihr Vertrag mit Rheinland-Pfälzische Technische Universität... (Server) endet am 31.10.2026. Die Neuausschreibung steht an.
SCALTEL GmbH & Co. KG;scaltel.de;belegt;Waltenhofen;S4 Ausschreibung beim bekannten Auftraggeber;2026-10-02;93;85;ja;7;Team;unveraendert;;Postbeamtenkrankenkasse: KI Wissensmanagement. Frist 02.11.2026.;https://ted.europa.eu/de/notice/680648-2026/pdf;Postbeamtenkrankenkasse;https://ted.europa.eu/de/notice/270948-2026/pdf;gewinner;1;Postbeamtenkrankenkasse schreibt gerade KI Wissensmanagement aus. Frist 02.11.2026. Dort habt ihr 04/2026 schon geliefert (https://ted.europa.eu/de/notice/270948-2026/pdf).
SCALTEL GmbH & Co. KG;scaltel.de;belegt;Waltenhofen;S2 Vertragsende;2027-03-31;93;60;ja;7;Team;unveraendert;;Vertrag endet in 174 Tagen. Auftraggeber Universitätsklinikum Düsseldorf. Dienstleistung Infrastruktur Netzwerk-Firewall;https://ted.europa.eu/de/notice/552996-2026/pdf;Universitätsklinikum Düsseldorf;;;;Ihr Vertrag mit Universitätsklinikum Düsseldorf (Dienstleistung Infrastruktur Netzwerk-Firewall) endet am 31.03.2027. Die Neuausschreibung steht an.
DEKOM GmbH;dekom.de;belegt;Hamburg;S4 Ausschreibung beim bekannten Auftraggeber;2026-10-08;93;85;ja;4;Team;neu;;Fraunhofer-Gesellschaft - Einkauf B12: DELL PowerEdge - Erweiterung Storage-Server für KI-System - PR1287846-2880-I. Frist 09.11.2026.;https://ted.europa.eu/de/notice/693389-2026/pdf;Fraunhofer-Gesellschaft - Einkauf B12;https://ted.europa.eu/de/notice/719724-2024/pdf;gewinner;1;Fraunhofer-Gesellschaft - Einkauf B12 schreibt gerade DELL PowerEdge - Erweiterung Storage-Server für KI-System... aus. Frist 09.11.2026. Dort habt ihr 11/2024 schon geliefert (https://ted.europa.eu/de/notice/719724-2024/pdf).
DEKOM GmbH;dekom.de;belegt;Hamburg;S4 Ausschreibung beim bekannten Auftraggeber;2026-10-07;93;85;ja;4;Team;neu;;Fraunhofer-Gesellschaft - Einkauf B12: Los 1 - Hersteller Lenovo. Frist 09.11.2026.;https://ted.europa.eu/de/notice/689906-2026/pdf;Fraunhofer-Gesellschaft - Einkauf B12;https://ted.europa.eu/de/notice/719724-2024/pdf;gewinner;1;Fraunhofer-Gesellschaft - Einkauf B12 schreibt gerade Los 1 - Hersteller Lenovo aus. Frist 09.11.2026. Dort habt ihr 11/2024 schon geliefert (https://ted.europa.eu/de/notice/719724-2024/pdf).
DEKOM GmbH;dekom.de;belegt;Hamburg;S4 Ausschreibung beim bekannten Auftraggeber;2026-10-05;93;85;ja;4;Team;unveraendert;;Fraunhofer-Gesellschaft - Einkauf B12: GPU-Cluster Erweiterung - PR1267570-2140-I. Frist 03.11.2026.;https://ted.europa.eu/de/notice/685488-2026/pdf;Fraunhofer-Gesellschaft - Einkauf B12;https://ted.europa.eu/de/notice/719724-2024/pdf;gewinner;1;Fraunhofer-Gesellschaft - Einkauf B12 schreibt gerade GPU-Cluster Erweiterung - PR1267570-2140-I aus. Frist 03.11.2026. Dort habt ihr 11/2024 schon geliefert (https://ted.europa.eu/de/notice/719724-2024/pdf).
DEKOM GmbH;dekom.de;belegt;Hamburg;S2 Vertragsende;2026-11-30;93;80;ja;4;Team;unveraendert;;Vertrag endet in 53 Tagen. Auftraggeber Fraunhofer-Gesellschaft - Einkauf B12. Pexip Lizenzen - PR770343-9717-I;https://ted.europa.eu/de/notice/719724-2024/pdf;Fraunhofer-Gesellschaft - Einkauf B12;;;;Ihr Vertrag mit Fraunhofer-Gesellschaft - Einkauf B12 (Pexip Lizenzen - PR770343-9717-I) endet am 30.11.2026. Die Neuausschreibung steht an.
DEKOM GmbH;dekom.de;belegt;Hamburg;S2 Vertragsende;2026-12-31;93;80;ja;4;Team;unveraendert;;Vertrag endet in 84 Tagen. Auftraggeber IT-Stelle der hessischen Justiz. IT-Stelle Hessische Justiz: Sitzungssaalausstattung Medientechnik Commercial Court...;https://ted.europa.eu/de/notice/170505-2026/pdf;IT-Stelle der hessischen Justiz;;;;Ihr Vertrag mit IT-Stelle der hessischen Justiz (IT-Stelle Hessische Justiz: Sitzungssaalausstattung...) endet am 31.12.2026. Die Neuausschreibung steht an.
DEKOM GmbH;dekom.de;belegt;Hamburg;S2 Vertragsende;2026-09-11;93;70;ja;4;Team;unveraendert;;Vertrag endete vor 27 Tagen. Auftraggeber Fachhochschule Westküste. Medientechnische Neuausstattung der Lehrräume im neuen Mehrzweckgebäude an der FH...;https://ted.europa.eu/de/notice/441182-2026/pdf;Fachhochschule Westküste;;;;Ihr Vertrag mit Fachhochschule Westküste (Medientechnische Neuausstattung der Lehrräume im neuen...) endete am 11.09.2026. Die Neuausschreibung steht an.
ITMediaConsult AG;itmediaconsult.de;belegt;Züsch;S4 Ausschreibung beim bekannten Auftraggeber;2026-10-07;90;90;ja;30;Scale;neu;;Zentrale Vergabestelle im Bayerischen Landesamt für Steuern: Mobile Device Management – BlackBerry Unified Endpoint Manager (UEM) on premise. Frist 12.10.2026.;https://ted.europa.eu/de/notice/690003-2026/pdf;Zentrale Vergabestelle im Bayerischen Landesamt für Steuern;https://ted.europa.eu/de/notice/117910-2026/pdf;gewinner;1;Zentrale Vergabestelle im Bayerischen Landesamt für Steuern schreibt gerade Mobile Device Management – BlackBerry Unified Endpoint... aus. Frist 12.10.2026. Dort habt ihr 02/2026 schon geliefert (https://ted.europa.eu/de/notice/117910-2026/pdf).
ITMediaConsult AG;itmediaconsult.de;belegt;Züsch;S4 Ausschreibung beim bekannten Auftraggeber;2026-10-07;90;90;ja;30;Scale;neu;;Zentrale Vergabestelle im Bayerischen Landesamt für Steuern: KI-Server 2026. Frist 16.10.2026.;https://ted.europa.eu/de/notice/691871-2026/pdf;Zentrale Vergabestelle im Bayerischen Landesamt für Steuern;https://ted.europa.eu/de/notice/117910-2026/pdf;gewinner;1;Zentrale Vergabestelle im Bayerischen Landesamt für Steuern schreibt gerade KI-Server 2026 aus. Frist 16.10.2026. Dort habt ihr 02/2026 schon geliefert (https://ted.europa.eu/de/notice/117910-2026/pdf).
ITMediaConsult AG;itmediaconsult.de;belegt;Züsch;S4 Ausschreibung beim bekannten Auftraggeber;2026-10-05;90;85;ja;30;Scale;unveraendert;;Bezirk Oberbayern: Windows Notebooks, Mobile Workstations und passender Ladekoffer. Frist 04.11.2026.;https://ted.europa.eu/de/notice/684042-2026/pdf;Bezirk Oberbayern;https://ted.europa.eu/de/notice/525976-2025/pdf;gewinner;1;Bezirk Oberbayern schreibt gerade Windows Notebooks, Mobile Workstations und passender... aus. Frist 04.11.2026. Dort habt ihr 08/2025 schon geliefert (https://ted.europa.eu/de/notice/525976-2025/pdf).
Zehnbauer-IT GmbH;zehnbauer-it.de;belegt;Mannheim;S4 Ausschreibung beim bekannten Auftraggeber;2026-09-21;90;90;ja;14;Scale;unveraendert;;Handwerkskammer Niederbayern-Oberpfalz: Notebook mit Monitor. Frist 19.10.2026.;https://ted.europa.eu/de/notice/647543-2026/pdf;Handwerkskammer Niederbayern-Oberpfalz;https://ted.europa.eu/de/notice/415714-2025/pdf;gewinner;1;Handwerkskammer Niederbayern-Oberpfalz schreibt gerade Notebook mit Monitor aus. Frist 19.10.2026. Dort habt ihr 06/2025 schon geliefert (https://ted.europa.eu/de/notice/415714-2025/pdf).
Zehnbauer-IT GmbH;zehnbauer-it.de;belegt;Mannheim;S4 Ausschreibung beim bekannten Auftraggeber;2026-09-18;90;90;ja;14;Scale;unveraendert;;Handwerkskammer Niederbayern-Oberpfalz: Gerüstbock. Frist 19.10.2026.;https://ted.europa.eu/de/notice/643457-2026/pdf;Handwerkskammer Niederbayern-Oberpfalz;https://ted.europa.eu/de/notice/415714-2025/pdf;gewinner;1;Handwerkskammer Niederbayern-Oberpfalz schreibt gerade Gerüstbock aus. Frist 19.10.2026. Dort habt ihr 06/2025 schon geliefert (https://ted.europa.eu/de/notice/415714-2025/pdf).
Zehnbauer-IT GmbH;zehnbauer-it.de;belegt;Mannheim;S4 Ausschreibung beim bekannten Auftraggeber;2026-10-05;90;85;ja;14;Scale;unveraendert;;Bezirk Oberbayern: Windows Notebooks, Mobile Workstations und passender Ladekoffer. Frist 04.11.2026.;https://ted.europa.eu/de/notice/684042-2026/pdf;Bezirk Oberbayern;https://ted.europa.eu/de/notice/91246-2025/pdf;gewinner;1;Bezirk Oberbayern schreibt gerade Windows Notebooks, Mobile Workstations und passender... aus. Frist 04.11.2026. Dort habt ihr 02/2025 schon geliefert (https://ted.europa.eu/de/notice/91246-2025/pdf).
SEITENBAU;seitenbau.de;belegt;Konstanz;S4 Ausschreibung beim bekannten Auftraggeber;2026-10-06;90;90;ja;13;Scale;neu;;Bundesrepublik Deutschland, vertreten durch das Bundesministerium...: Festnetztelekommunikationsdienstleistungen - VoIP. Frist 22.10.2026.;https://ted.europa.eu/de/notice/687581-2026/pdf;Bundesrepublik Deutschland, vertreten durch das Bundesministerium...;https://ted.europa.eu/de/notice/92853-2026/pdf;gewinner;1;Bundesrepublik Deutschland, vertreten durch... schreibt gerade Festnetztelekommunikationsdienstleistungen - VoIP aus. Frist 22.10.2026. Dort habt ihr 02/2026 schon geliefert (https://ted.europa.eu/de/notice/92853-2026/pdf).
SEITENBAU;seitenbau.de;belegt;Konstanz;S4 Ausschreibung beim bekannten Auftraggeber;2026-10-06;90;90;ja;13;Scale;neu;;Bundesrepublik Deutschland, vertreten durch das Bundesministerium...: Software Airlock und produktnahe Dienstleistungen. Frist 22.10.2026.;https://ted.europa.eu/de/notice/688185-2026/pdf;Bundesrepublik Deutschland, vertreten durch das Bundesministerium...;https://ted.europa.eu/de/notice/92853-2026/pdf;gewinner;1;Bundesrepublik Deutschland, vertreten durch... schreibt gerade Software Airlock und produktnahe Dienstleistungen aus. Frist 22.10.2026. Dort habt ihr 02/2026 schon geliefert (https://ted.europa.eu/de/notice/92853-2026/pdf).
SEITENBAU;seitenbau.de;belegt;Konstanz;S4 Ausschreibung beim bekannten Auftraggeber;2026-10-05;90;90;ja;13;Scale;unveraendert;;Bundesrepublik Deutschland, vertreten durch das Bundesministerium...: Beratungs- und Unterstützungsleistungen für IPv6-Migrationen in den Behörden.... Frist 27.10.2026.;https://ted.europa.eu/de/notice/681675-2026/pdf;Bundesrepublik Deutschland, vertreten durch das Bundesministerium...;https://ted.europa.eu/de/notice/92853-2026/pdf;gewinner;1;Bundesrepublik Deutschland, vertreten durch... schreibt gerade Beratungs- und Unterstützungsleistungen... aus. Frist 27.10.2026. Dort habt ihr 02/2026 schon geliefert (https://ted.europa.eu/de/notice/92853-2026/pdf).
SanData EDV-Systemhaus GmbH;sandata.de;belegt;Nürnberg;S4 Ausschreibung beim bekannten Auftraggeber;2026-09-24;90;90;ja;11;Scale;unveraendert;;BG-Phoenics GmbH: Rahmenvertrag Kauf von Notebooks und Portreplikatoren. Frist 19.10.2026.;https://ted.europa.eu/de/notice/657737-2026/pdf;BG-Phoenics GmbH;https://ted.europa.eu/de/notice/197588-2026/pdf;gewinner;1;BG-Phoenics GmbH schreibt gerade Rahmenvertrag Kauf von Notebooks und Portreplikatoren aus. Frist 19.10.2026. Dort habt ihr 03/2026 schon geliefert (https://ted.europa.eu/de/notice/197588-2026/pdf).
SanData EDV-Systemhaus GmbH;sandata.de;belegt;Nürnberg;S4 Ausschreibung beim bekannten Auftraggeber;2026-10-06;90;85;ja;11;Scale;neu;;BWI GmbH: 1807-AB-Strategische Partnerschaft - KI für die Bw.;https://ted.europa.eu/de/notice/686124-2026/pdf;BWI GmbH;https://ted.europa.eu/de/notice/701590-2025/pdf;gewinner;1;BWI GmbH schreibt gerade 1807-AB-Strategische Partnerschaft - KI für die Bw aus. Dort habt ihr 10/2025 schon geliefert (https://ted.europa.eu/de/notice/701590-2025/pdf).
SanData EDV-Systemhaus GmbH;sandata.de;belegt;Nürnberg;S4 Ausschreibung beim bekannten Auftraggeber;2026-10-05;90;85;ja;11;Scale;unveraendert;;BG-Phoenics GmbH: Kauf und Wartung von Lizenzen Cisco Enterprise Agreements (EA) mit einer Laufzeit von 60.... Frist 05.11.2026.;https://ted.europa.eu/de/notice/682902-2026/pdf;BG-Phoenics GmbH;https://ted.europa.eu/de/notice/197588-2026/pdf;gewinner;1;BG-Phoenics GmbH schreibt gerade Kauf und Wartung von Lizenzen Cisco Enterprise Agreements... aus. Frist 05.11.2026. Dort habt ihr 03/2026 schon geliefert (https://ted.europa.eu/de/notice/197588-2026/pdf).
itiso GmbH;itiso.de;belegt;Hamburg;S4 Ausschreibung beim bekannten Auftraggeber;2026-09-29;90;90;ja;11;Scale;unveraendert;;Landkreis Hildesheim: Notebooks und Zubehör. Frist 12.10.2026.;https://ted.europa.eu/de/notice/669509-2026/pdf;Landkreis Hildesheim;https://ted.europa.eu/de/notice/365793-2024/pdf;gewinner;1;Landkreis Hildesheim schreibt gerade Notebooks und Zubehör aus. Frist 12.10.2026. Dort habt ihr 06/2024 schon geliefert (https://ted.europa.eu/de/notice/365793-2024/pdf).
itiso GmbH;itiso.de;belegt;Hamburg;S4 Ausschreibung beim bekannten Auftraggeber;2026-09-16;90;90;ja;11;Scale;unveraendert;;Universität zu Köln, Abteilung 64 - Einkauf: Universität zu Köln - Wartung-/Instandhaltungsservice der EBI Leitstellenlösung. Frist 15.10.2026.;https://ted.europa.eu/de/notice/636116-2026/pdf;Universität zu Köln, Abteilung 64 - Einkauf;https://ted.europa.eu/de/notice/124117-2024/pdf;gewinner;1;Universität zu Köln, Abteilung 64 - Einkauf schreibt gerade Universität zu Köln - Wartung-/Instandhaltungsservice... aus. Frist 15.10.2026. Dort habt ihr 02/2024 schon geliefert (https://ted.europa.eu/de/notice/124117-2024/pdf).
itiso GmbH;itiso.de;belegt;Hamburg;S4 Ausschreibung beim bekannten Auftraggeber;2026-09-29;90;85;ja;11;Scale;unveraendert;;RWTH Aachen University: 152/164 - Netflowgeneration Wartung & Lizenzen. Frist 30.10.2026.;https://ted.europa.eu/de/notice/670636-2026/pdf;RWTH Aachen University;https://ted.europa.eu/de/notice/673562-2026/pdf;gewinner;1;RWTH Aachen University schreibt gerade 152/164 - Netflowgeneration Wartung & Lizenzen aus. Frist 30.10.2026. Dort habt ihr 09/2026 schon geliefert (https://ted.europa.eu/de/notice/673562-2026/pdf).
eurofunk Kappacher GmbH Deutschland;eurofunk.de;belegt;Ainring;S4 Ausschreibung beim bekannten Auftraggeber;2026-10-08;90;90;ja;11;Scale;neu;;"Stadt Nürnberg - Zentrale Dienste: Dienstleistung ""M365 - Solution Architect / Integrationsmanager"".... Frist 19.10.2026.";https://ted.europa.eu/de/notice/693559-2026/pdf;Stadt Nürnberg - Zentrale Dienste;https://ted.europa.eu/de/notice/841861-2025/pdf;gewinner;1;"Stadt Nürnberg - Zentrale Dienste schreibt gerade Dienstleistung ""M365 - Solution Architect /... aus. Frist 19.10.2026. Dort habt ihr 12/2025 schon geliefert (https://ted.europa.eu/de/notice/841861-2025/pdf)."
eurofunk Kappacher GmbH Deutschland;eurofunk.de;belegt;Ainring;S4 Ausschreibung beim bekannten Auftraggeber;2026-10-05;90;85;ja;11;Scale;unveraendert;;Hessisches Polizeipräsidium für Technik: Process Mining Plattform.;https://ted.europa.eu/de/notice/682223-2026/pdf;Hessisches Polizeipräsidium für Technik;https://ted.europa.eu/de/notice/329584-2026/pdf;gewinner;1;Hessisches Polizeipräsidium für Technik schreibt gerade Process Mining Plattform aus. Dort habt ihr 05/2026 schon geliefert (https://ted.europa.eu/de/notice/329584-2026/pdf).
eurofunk Kappacher GmbH Deutschland;eurofunk.de;belegt;Ainring;S4 Ausschreibung beim bekannten Auftraggeber;2026-10-05;90;85;ja;11;Scale;unveraendert;;Zentraldienst der Polizei des Landes Brandenburg: Externe Unterstützung Support SAP Basisbetrieb für das SAP-System der Polizei Land BB. Frist 13.11.2026.;https://ted.europa.eu/de/notice/683901-2026/pdf;Zentraldienst der Polizei des Landes Brandenburg;https://ted.europa.eu/de/notice/394426-2026/pdf;gewinner;1;Zentraldienst der Polizei des Landes Brandenburg schreibt gerade Externe Unterstützung Support SAP Basisbetrieb... aus. Frist 13.11.2026. Dort habt ihr 06/2026 schon geliefert (https://ted.europa.eu/de/notice/394426-2026/pdf).
enthus GmbH;enthus.de;belegt;Böblingen;S4 Ausschreibung beim bekannten Auftraggeber;2026-09-21;90;90;ja;11;Scale;unveraendert;;Handwerkskammer Niederbayern-Oberpfalz: Notebook mit Monitor. Frist 19.10.2026.;https://ted.europa.eu/de/notice/647543-2026/pdf;Handwerkskammer Niederbayern-Oberpfalz;https://ted.europa.eu/de/notice/564411-2026/pdf;gewinner;1;Handwerkskammer Niederbayern-Oberpfalz schreibt gerade Notebook mit Monitor aus. Frist 19.10.2026. Dort habt ihr 08/2026 schon geliefert (https://ted.europa.eu/de/notice/564411-2026/pdf).
enthus GmbH;enthus.de;belegt;Böblingen;S4 Ausschreibung beim bekannten Auftraggeber;2026-09-18;90;90;ja;11;Scale;unveraendert;;Handwerkskammer Niederbayern-Oberpfalz: Gerüstbock. Frist 19.10.2026.;https://ted.europa.eu/de/notice/643457-2026/pdf;Handwerkskammer Niederbayern-Oberpfalz;https://ted.europa.eu/de/notice/564411-2026/pdf;gewinner;1;Handwerkskammer Niederbayern-Oberpfalz schreibt gerade Gerüstbock aus. Frist 19.10.2026. Dort habt ihr 08/2026 schon geliefert (https://ted.europa.eu/de/notice/564411-2026/pdf).
enthus GmbH;enthus.de;belegt;Böblingen;S4 Ausschreibung beim bekannten Auftraggeber;2026-10-01;90;85;ja;11;Scale;unveraendert;;Max-Planck-Gesellschaft z.F.d.W. Generalverwaltung: DBS - Dynamisches Beschaffungssystem der Max-Planck-Gesellschaft.;https://ted.europa.eu/de/notice/675189-2026/pdf;Max-Planck-Gesellschaft z.F.d.W. Generalverwaltung;https://ted.europa.eu/de/notice/588190-2026/pdf;gewinner;1;Max-Planck-Gesellschaft z.F.d.W. Generalverwaltung schreibt gerade DBS - Dynamisches Beschaffungssystem... aus. Dort habt ihr 08/2026 schon geliefert (https://ted.europa.eu/de/notice/588190-2026/pdf).
Kupper IT GmbH;kupper-it.de;belegt;Leipzig;S4 Ausschreibung beim bekannten Auftraggeber;2026-09-24;90;90;ja;10;Scale;unveraendert;;Landkreis Görlitz: Los 1 - Landkreis Nordsachsen - Tablets inkl. Zubehör. Frist 19.10.2026.;https://ted.europa.eu/de/notice/657210-2026/pdf;Landkreis Görlitz;https://ted.europa.eu/de/notice/589269-2025/pdf;gewinner;1;Landkreis Görlitz schreibt gerade Los 1 - Landkreis Nordsachsen - Tablets inkl. Zubehör aus. Frist 19.10.2026. Gemeinsame Beschaffung von 3 Stellen. Dort habt ihr 09/2025 schon geliefert (https://ted.europa.eu/de/notice/589269-2025/pdf).
Kupper IT GmbH;kupper-it.de;belegt;Leipzig;S4 Ausschreibung beim bekannten Auftraggeber;2026-09-21;90;90;ja;10;Scale;unveraendert;;Staatsbetrieb Sächsische Informatik Dienste: Los 1 - Fachberatung CCV. Frist 19.10.2026.;https://ted.europa.eu/de/notice/649295-2026/pdf;Staatsbetrieb Sächsische Informatik Dienste;https://ted.europa.eu/de/notice/394444-2024/pdf;gewinner;1;Staatsbetrieb Sächsische Informatik Dienste schreibt gerade Los 1 - Fachberatung CCV aus. Frist 19.10.2026. Dort habt ihr 07/2024 schon geliefert (https://ted.europa.eu/de/notice/394444-2024/pdf).
thinkRED GmbH;thinkred.de;belegt;Mainz;S4 Ausschreibung beim bekannten Auftraggeber;2026-10-05;90;90;ja;9;Scale;unveraendert;;ekom21 - Kommunales Gebietsrechenzentrum Hessen: Technik für Besucherleitsystem 2026. Frist 26.10.2026.;https://ted.europa.eu/de/notice/681787-2026/pdf;ekom21 - Kommunales Gebietsrechenzentrum Hessen;https://ted.europa.eu/de/notice/835318-2025/pdf;gewinner;2;ekom21 - Kommunales Gebietsrechenzentrum Hessen schreibt gerade Technik für Besucherleitsystem 2026 aus. Frist 26.10.2026. Dort habt ihr 12/2025 schon geliefert (https://ted.europa.eu/de/notice/835318-2025/pdf).
thinkRED GmbH;thinkred.de;belegt;Mainz;S4 Ausschreibung beim bekannten Auftraggeber;2026-10-02;90;85;ja;9;Scale;unveraendert;;ekom21 - Kommunales Gebietsrechenzentrum Hessen: Finanzwesen Software.;https://ted.europa.eu/de/notice/678176-2026/pdf;ekom21 - Kommunales Gebietsrechenzentrum Hessen;https://ted.europa.eu/de/notice/835318-2025/pdf;gewinner;2;ekom21 - Kommunales Gebietsrechenzentrum Hessen schreibt gerade Finanzwesen Software aus. Dort habt ihr 12/2025 schon geliefert (https://ted.europa.eu/de/notice/835318-2025/pdf).
thinkRED GmbH;thinkred.de;belegt;Mainz;S4 Ausschreibung beim bekannten Auftraggeber;2026-10-02;90;85;ja;9;Scale;unveraendert;;ekom21 - Kommunales Gebietsrechenzentrum Hessen: Notebooks. Frist 30.10.2026.;https://ted.europa.eu/de/notice/679254-2026/pdf;ekom21 - Kommunales Gebietsrechenzentrum Hessen;https://ted.europa.eu/de/notice/835318-2025/pdf;gewinner;2;ekom21 - Kommunales Gebietsrechenzentrum Hessen schreibt gerade Notebooks aus. Frist 30.10.2026. Gemeinsame Beschaffung von 2 Stellen. Dort habt ihr 12/2025 schon geliefert (https://ted.europa.eu/de/notice/835318-2025/pdf).
IT-Haus GmbH;ithaus.de;belegt;Föhren;S4 Ausschreibung beim bekannten Auftraggeber;2026-10-08;90;90;ja;9;Scale;neu;;"Stadt Nürnberg - Zentrale Dienste: Dienstleistung ""M365 - Solution Architect / Integrationsmanager"".... Frist 19.10.2026.";https://ted.europa.eu/de/notice/693559-2026/pdf;Stadt Nürnberg - Zentrale Dienste;https://ted.europa.eu/de/notice/168625-2024/pdf;gewinner;1;"Stadt Nürnberg - Zentrale Dienste schreibt gerade Dienstleistung ""M365 - Solution Architect /... aus. Frist 19.10.2026. Dort habt ihr 03/2024 schon geliefert (https://ted.europa.eu/de/notice/168625-2024/pdf)."
IT-Haus GmbH;ithaus.de;belegt;Föhren;S4 Ausschreibung beim bekannten Auftraggeber;2026-10-05;90;85;ja;9;Scale;unveraendert;;BG-Phoenics GmbH: Kauf und Wartung von Lizenzen Cisco Enterprise Agreements (EA) mit einer Laufzeit von 60.... Frist 05.11.2026.;https://ted.europa.eu/de/notice/682902-2026/pdf;BG-Phoenics GmbH;https://ted.europa.eu/de/notice/826821-2025/pdf;gewinner;1;BG-Phoenics GmbH schreibt gerade Kauf und Wartung von Lizenzen Cisco Enterprise Agreements... aus. Frist 05.11.2026. Dort habt ihr 12/2025 schon geliefert (https://ted.europa.eu/de/notice/826821-2025/pdf).
IT-Haus GmbH;ithaus.de;belegt;Föhren;S4 Ausschreibung beim bekannten Auftraggeber;2026-10-05;90;85;ja;9;Scale;unveraendert;;Stromnetz Berlin GmbH: Rahmenvereinbarung Mobilfunkleistungen mobile Dienstgeräte.;https://ted.europa.eu/de/notice/683735-2026/pdf;Stromnetz Berlin GmbH;https://ted.europa.eu/de/notice/616219-2026/pdf;gewinner;1;Stromnetz Berlin GmbH schreibt gerade Rahmenvereinbarung Mobilfunkleistungen mobile Dienstgeräte aus. Dort habt ihr 09/2026 schon geliefert (https://ted.europa.eu/de/notice/616219-2026/pdf).
druckerfachmann.de GmbH;druckerfachmann.de;belegt;Berlin;S4 Ausschreibung beim bekannten Auftraggeber;2026-10-06;90;90;ja;8;Team;neu;;Bundesrepublik Deutschland, vertreten durch das Bundesministerium...: Festnetztelekommunikationsdienstleistungen - VoIP. Frist 22.10.2026.;https://ted.europa.eu/de/notice/687581-2026/pdf;Bundesrepublik Deutschland, vertreten durch das Bundesministerium...;https://ted.europa.eu/de/notice/424495-2026/pdf;gewinner;1;Bundesrepublik Deutschland, vertreten durch... schreibt gerade Festnetztelekommunikationsdienstleistungen - VoIP aus. Frist 22.10.2026. Dort habt ihr 06/2026 schon geliefert (https://ted.europa.eu/de/notice/424495-2026/pdf).
druckerfachmann.de GmbH;druckerfachmann.de;belegt;Berlin;S4 Ausschreibung beim bekannten Auftraggeber;2026-10-06;90;90;ja;8;Team;neu;;Bundesrepublik Deutschland, vertreten durch das Bundesministerium...: Software Airlock und produktnahe Dienstleistungen. Frist 22.10.2026.;https://ted.europa.eu/de/notice/688185-2026/pdf;Bundesrepublik Deutschland, vertreten durch das Bundesministerium...;https://ted.europa.eu/de/notice/424495-2026/pdf;gewinner;1;Bundesrepublik Deutschland, vertreten durch... schreibt gerade Software Airlock und produktnahe Dienstleistungen aus. Frist 22.10.2026. Dort habt ihr 06/2026 schon geliefert (https://ted.europa.eu/de/notice/424495-2026/pdf).
druckerfachmann.de GmbH;druckerfachmann.de;belegt;Berlin;S4 Ausschreibung beim bekannten Auftraggeber;2026-10-05;90;90;ja;8;Team;unveraendert;;Bundesrepublik Deutschland, vertreten durch das Bundesministerium...: Beratungs- und Unterstützungsleistungen für IPv6-Migrationen in den Behörden.... Frist 27.10.2026.;https://ted.europa.eu/de/notice/681675-2026/pdf;Bundesrepublik Deutschland, vertreten durch das Bundesministerium...;https://ted.europa.eu/de/notice/424495-2026/pdf;gewinner;1;Bundesrepublik Deutschland, vertreten durch... schreibt gerade Beratungs- und Unterstützungsleistungen... aus. Frist 27.10.2026. Dort habt ihr 06/2026 schon geliefert (https://ted.europa.eu/de/notice/424495-2026/pdf).
mentIQ GmbH;mentiq.de;belegt;Dornach;S4 Ausschreibung beim bekannten Auftraggeber;2026-10-01;90;90;ja;7;Team;unveraendert;;ProVitako Marketing- und Dienstleistungsgesellschaft der Kommunalen...: Basis-Virtualisierung. Frist 12.10.2026.;https://ted.europa.eu/de/notice/676603-2026/pdf;ProVitako Marketing- und Dienstleistungsgesellschaft der Kommunalen...;https://ted.europa.eu/de/notice/424157-2026/pdf;gewinner;1;ProVitako Marketing- und Dienstleistungsgesellschaft... schreibt gerade Basis-Virtualisierung aus. Frist 12.10.2026. Dort habt ihr 06/2026 schon geliefert (https://ted.europa.eu/de/notice/424157-2026/pdf).
mentIQ GmbH;mentiq.de;belegt;Dornach;S4 Ausschreibung beim bekannten Auftraggeber;2026-09-18;90;90;ja;7;Team;unveraendert;;ProVitako Marketing- und Dienstleistungsgesellschaft der Kommunalen...: Nord. Frist 20.10.2026.;https://ted.europa.eu/de/notice/644350-2026/pdf;ProVitako Marketing- und Dienstleistungsgesellschaft der Kommunalen...;https://ted.europa.eu/de/notice/424157-2026/pdf;gewinner;1;ProVitako Marketing- und Dienstleistungsgesellschaft... schreibt gerade Nord aus. Frist 20.10.2026. Dort habt ihr 06/2026 schon geliefert (https://ted.europa.eu/de/notice/424157-2026/pdf).
mentIQ GmbH;mentiq.de;belegt;Dornach;S4 Ausschreibung beim bekannten Auftraggeber;2026-10-07;90;85;ja;7;Team;neu;;ProVitako Marketing- und Dienstleistungsgesellschaft der Kommunalen...: Basis- Virtualisierung. Frist 06.11.2026.;https://ted.europa.eu/de/notice/689848-2026/pdf;ProVitako Marketing- und Dienstleistungsgesellschaft der Kommunalen...;https://ted.europa.eu/de/notice/424157-2026/pdf;gewinner;1;ProVitako Marketing- und Dienstleistungsgesellschaft... schreibt gerade Basis- Virtualisierung aus. Frist 06.11.2026. Dort habt ihr 06/2026 schon geliefert (https://ted.europa.eu/de/notice/424157-2026/pdf).
Rittal GmbH & Co. KG;rittal.de;belegt;Herborn;S4 Ausschreibung beim bekannten Auftraggeber;2026-09-17;90;90;ja;6;Team;unveraendert;;Technische Universität Ilmenau, Dezernat Finanzen, Zentrale...: HPC Hardware-Komponenten. Frist 22.10.2026.;https://ted.europa.eu/de/notice/641243-2026/pdf;Technische Universität Ilmenau, Dezernat Finanzen, Zentrale...;https://ted.europa.eu/de/notice/767278-2024/pdf;gewinner;1;Technische Universität Ilmenau, Dezernat Finanzen, Zentrale... schreibt gerade HPC Hardware-Komponenten aus. Frist 22.10.2026. Dort habt ihr 12/2024 schon geliefert (https://ted.europa.eu/de/notice/767278-2024/pdf).
Rittal GmbH & Co. KG;rittal.de;belegt;Herborn;S4 Ausschreibung beim bekannten Auftraggeber;2026-10-02;90;85;ja;6;Team;unveraendert;;Technische Universität Ilmenau, Dezernat Finanzen, Zentrale...: Standard VM-Ware ESX Server inkl. 5 Jahre Wartung. Frist 10.11.2026.;https://ted.europa.eu/de/notice/680008-2026/pdf;Technische Universität Ilmenau, Dezernat Finanzen, Zentrale...;https://ted.europa.eu/de/notice/767278-2024/pdf;gewinner;1;Technische Universität Ilmenau, Dezernat Finanzen, Zentrale... schreibt gerade Standard VM-Ware ESX Server inkl. 5 Jahre Wartung aus. Frist 10.11.2026. Dort habt ihr 12/2024 schon geliefert (https://ted.europa.eu/de/notice/767278-2024/pdf).
rola Security Solutions GmbH;rola.de;belegt;Oberhausen;S4 Ausschreibung beim bekannten Auftraggeber;2026-09-24;90;90;ja;5;Team;unveraendert;;Bundesrepublik Deutschland, vertreten durch das Bundesministerium...: Nachhaltige Notebooks (produktneutral) der Kategorie Standard und Zusatzleistungen Los 2.... Frist 20.10.2026.;https://ted.europa.eu/de/notice/657082-2026/pdf;Bundesrepublik Deutschland, vertreten durch das Bundesministerium...;https://ted.europa.eu/de/notice/29628-2025/pdf;gewinner;1;Bundesrepublik Deutschland, vertreten durch... schreibt gerade Nachhaltige Notebooks (produktneutral) der Kategorie... aus. Frist 20.10.2026. Dort habt ihr 01/2025 schon geliefert (https://ted.europa.eu/de/notice/29628-2025/pdf).
rola Security Solutions GmbH;rola.de;belegt;Oberhausen;S4 Ausschreibung beim bekannten Auftraggeber;2026-09-24;90;90;ja;5;Team;unveraendert;;Bundesrepublik Deutschland, vertreten durch das Bundesministerium...: Nachhaltige Notebooks (produktneutral) der Kategorie Hohe Leistung und Zusatzleistungen.... Frist 20.10.2026.;https://ted.europa.eu/de/notice/657627-2026/pdf;Bundesrepublik Deutschland, vertreten durch das Bundesministerium...;https://ted.europa.eu/de/notice/29628-2025/pdf;gewinner;1;Bundesrepublik Deutschland, vertreten durch... schreibt gerade Nachhaltige Notebooks (produktneutral) der Kategorie Hohe... aus. Frist 20.10.2026. Dort habt ihr 01/2025 schon geliefert (https://ted.europa.eu/de/notice/29628-2025/pdf).
rola Security Solutions GmbH;rola.de;belegt;Oberhausen;S4 Ausschreibung beim bekannten Auftraggeber;2026-10-01;90;85;ja;5;Team;unveraendert;;Techniker Krankenkasse: TK-Schwangerschaftsapp.;https://ted.europa.eu/de/notice/676856-2026/pdf;Techniker Krankenkasse;https://ted.europa.eu/de/notice/680944-2025/pdf;gewinner;1;Techniker Krankenkasse schreibt gerade TK-Schwangerschaftsapp aus. Dort habt ihr 10/2025 schon geliefert (https://ted.europa.eu/de/notice/680944-2025/pdf).
HiScout GmbH;hiscout.com;belegt;Berlin;S4 Ausschreibung beim bekannten Auftraggeber;2026-10-07;90;90;ja;5;Team;neu;;Zentrale Vergabestelle im Bayerischen Landesamt für Steuern: Mobile Device Management – BlackBerry Unified Endpoint Manager (UEM) on premise. Frist 12.10.2026.;https://ted.europa.eu/de/notice/690003-2026/pdf;Zentrale Vergabestelle im Bayerischen Landesamt für Steuern;https://ted.europa.eu/de/notice/500119-2024/pdf;gewinner;1;Zentrale Vergabestelle im Bayerischen Landesamt für Steuern schreibt gerade Mobile Device Management – BlackBerry Unified Endpoint... aus. Frist 12.10.2026. Dort habt ihr 08/2024 schon geliefert (https://ted.europa.eu/de/notice/500119-2024/pdf).
HiScout GmbH;hiscout.com;belegt;Berlin;S4 Ausschreibung beim bekannten Auftraggeber;2026-10-07;90;90;ja;5;Team;neu;;Zentrale Vergabestelle im Bayerischen Landesamt für Steuern: KI-Server 2026. Frist 16.10.2026.;https://ted.europa.eu/de/notice/691871-2026/pdf;Zentrale Vergabestelle im Bayerischen Landesamt für Steuern;https://ted.europa.eu/de/notice/500119-2024/pdf;gewinner;1;Zentrale Vergabestelle im Bayerischen Landesamt für Steuern schreibt gerade KI-Server 2026 aus. Frist 16.10.2026. Dort habt ihr 08/2024 schon geliefert (https://ted.europa.eu/de/notice/500119-2024/pdf).
HiScout GmbH;hiscout.com;belegt;Berlin;S4 Ausschreibung beim bekannten Auftraggeber;2026-10-06;90;85;ja;5;Team;neu;;IT-Dienstleistungszentrum Berlin (AöR): ITDZ Berlin: OV RV Datenschleuse. Frist 09.11.2026.;https://ted.europa.eu/de/notice/688760-2026/pdf;IT-Dienstleistungszentrum Berlin (AöR);https://ted.europa.eu/de/notice/445026-2025/pdf;gewinner;1;IT-Dienstleistungszentrum Berlin (AöR) schreibt gerade ITDZ Berlin: OV RV Datenschleuse aus. Frist 09.11.2026. Dort habt ihr 07/2025 schon geliefert (https://ted.europa.eu/de/notice/445026-2025/pdf).
avodaq AG;avodaq.com;belegt;München;S4 Ausschreibung beim bekannten Auftraggeber;2026-10-06;90;90;ja;5;Team;neu;;Dataport AöR: RV VMWare Reseller Wettbewerb. Frist 15.10.2026.;https://ted.europa.eu/de/notice/687151-2026/pdf;Dataport AöR;https://ted.europa.eu/de/notice/367582-2026/pdf;gewinner;1;Dataport AöR schreibt gerade RV VMWare Reseller Wettbewerb aus. Frist 15.10.2026. Dort habt ihr 05/2026 schon geliefert (https://ted.europa.eu/de/notice/367582-2026/pdf).
avodaq AG;avodaq.com;belegt;München;S4 Ausschreibung beim bekannten Auftraggeber;2026-10-02;90;90;ja;5;Team;unveraendert;;Dataport AöR: Rahmenvertrag Standardsoftware. Frist 20.10.2026.;https://ted.europa.eu/de/notice/680780-2026/pdf;Dataport AöR;https://ted.europa.eu/de/notice/367582-2026/pdf;gewinner;1;Dataport AöR schreibt gerade Rahmenvertrag Standardsoftware aus. Frist 20.10.2026. Dort habt ihr 05/2026 schon geliefert (https://ted.europa.eu/de/notice/367582-2026/pdf).
avodaq AG;avodaq.com;belegt;München;S4 Ausschreibung beim bekannten Auftraggeber;2026-10-02;90;85;ja;5;Team;unveraendert;;Postbeamtenkrankenkasse: KI Wissensmanagement. Frist 02.11.2026.;https://ted.europa.eu/de/notice/680648-2026/pdf;Postbeamtenkrankenkasse;https://ted.europa.eu/de/notice/571339-2025/pdf;gewinner;1;Postbeamtenkrankenkasse schreibt gerade KI Wissensmanagement aus. Frist 02.11.2026. Dort habt ihr 09/2025 schon geliefert (https://ted.europa.eu/de/notice/571339-2025/pdf).
Phywe Systeme GmbH & Co. KG;phywe.de;belegt;Göttingen;S4 Ausschreibung beim bekannten Auftraggeber;2026-10-07;90;90;ja;4;Team;neu;;Stadt Greven: Ausschreibung der Druck- und Kopierlösungen für die Verwaltung und die Schulen der Stadt.... Frist 21.10.2026.;https://ted.europa.eu/de/notice/691688-2026/pdf;Stadt Greven;https://ted.europa.eu/de/notice/122479-2024/pdf;gewinner;1;Stadt Greven schreibt gerade Ausschreibung der Druck- und Kopierlösungen... aus. Frist 21.10.2026. Dort habt ihr 02/2024 schon geliefert (https://ted.europa.eu/de/notice/122479-2024/pdf).
Phywe Systeme GmbH & Co. KG;phywe.de;belegt;Göttingen;S4 Ausschreibung beim bekannten Auftraggeber;2026-09-07;90;90;ja;4;Team;unveraendert;;Landesinstitut für Schulqualität und Lehrerbildung Sachsen Anhalt...: Position 1. Frist 09.10.2026.;https://ted.europa.eu/de/notice/613226-2026/pdf;Landesinstitut für Schulqualität und Lehrerbildung Sachsen Anhalt...;https://ted.europa.eu/de/notice/178455-2025/pdf;gewinner;1;Landesinstitut für Schulqualität und Lehrerbildung Sachsen... schreibt gerade Position 1 aus. Frist 09.10.2026. Dort habt ihr 03/2025 schon geliefert (https://ted.europa.eu/de/notice/178455-2025/pdf).
netzwert GmbH;netzwert.it;belegt;Leipzig;S4 Ausschreibung beim bekannten Auftraggeber;2026-10-06;90;90;ja;4;Team;neu;;Burgenlandkreis: Bildungscampus Naumburg, Schönburger Straße, 06618 Naumburg, Los 4-09 Gebäudeautomation. Frist 22.10.2026.;https://ted.europa.eu/de/notice/688539-2026/pdf;Burgenlandkreis;https://ted.europa.eu/de/notice/195985-2024/pdf;gewinner;1;Burgenlandkreis schreibt gerade Bildungscampus Naumburg, Schönburger Straße, 06618... aus. Frist 22.10.2026. Dort habt ihr 04/2024 schon geliefert (https://ted.europa.eu/de/notice/195985-2024/pdf).
NetDescribe GmbH;netdescribe.de;belegt;München;S4 Ausschreibung beim bekannten Auftraggeber;2026-10-07;90;90;ja;4;Team;neu;;Zentrale Vergabestelle im Bayerischen Landesamt für Steuern: Mobile Device Management – BlackBerry Unified Endpoint Manager (UEM) on premise. Frist 12.10.2026.;https://ted.europa.eu/de/notice/690003-2026/pdf;Zentrale Vergabestelle im Bayerischen Landesamt für Steuern;https://ted.europa.eu/de/notice/664440-2024/pdf;gewinner;1;Zentrale Vergabestelle im Bayerischen Landesamt für Steuern schreibt gerade Mobile Device Management – BlackBerry Unified Endpoint... aus. Frist 12.10.2026. Dort habt ihr 10/2024 schon geliefert (https://ted.europa.eu/de/notice/664440-2024/pdf).
NetDescribe GmbH;netdescribe.de;belegt;München;S4 Ausschreibung beim bekannten Auftraggeber;2026-10-07;90;90;ja;4;Team;neu;;Zentrale Vergabestelle im Bayerischen Landesamt für Steuern: KI-Server 2026. Frist 16.10.2026.;https://ted.europa.eu/de/notice/691871-2026/pdf;Zentrale Vergabestelle im Bayerischen Landesamt für Steuern;https://ted.europa.eu/de/notice/664440-2024/pdf;gewinner;1;Zentrale Vergabestelle im Bayerischen Landesamt für Steuern schreibt gerade KI-Server 2026 aus. Frist 16.10.2026. Dort habt ihr 10/2024 schon geliefert (https://ted.europa.eu/de/notice/664440-2024/pdf).
NetDescribe GmbH;netdescribe.de;belegt;München;S4 Ausschreibung beim bekannten Auftraggeber;2026-10-02;90;85;ja;4;Team;unveraendert;;Freistaat Bayern vertreten durch das Bayerische Landesamt für Steuern...: Entire X Lizenzen. Frist 02.11.2026.;https://ted.europa.eu/de/notice/678249-2026/pdf;Freistaat Bayern vertreten durch das Bayerische Landesamt für Steuern...;https://ted.europa.eu/de/notice/592054-2025/pdf;gewinner;2;Freistaat Bayern vertreten durch das Bayerische Landesamt... schreibt gerade Entire X Lizenzen aus. Frist 02.11.2026. Dort habt ihr 09/2025 schon geliefert (https://ted.europa.eu/de/notice/592054-2025/pdf).
NAVUM GmbH;navum.de;belegt;Wörthsee;S4 Ausschreibung beim bekannten Auftraggeber;2026-09-17;90;90;ja;4;Team;unveraendert;;Deutsches Zentrum für Luft- und Raumfahrt e.V. (DLR): Rahmenvereinbarung Proxmox. Frist 19.10.2026.;https://ted.europa.eu/de/notice/640350-2026/pdf;Deutsches Zentrum für Luft- und Raumfahrt e.V. (DLR);https://ted.europa.eu/de/notice/261659-2024/pdf;gewinner;1;Deutsches Zentrum für Luft- und Raumfahrt e.V. (DLR) schreibt gerade Rahmenvereinbarung Proxmox aus. Frist 19.10.2026. Gemeinsame Beschaffung von 13 Stellen. Dort habt ihr 05/2024 schon geliefert (https://ted.europa.eu/de/notice/261659-2024/pdf).
NAVUM GmbH;navum.de;belegt;Wörthsee;S4 Ausschreibung beim bekannten Auftraggeber;2026-09-28;90;85;ja;4;Team;unveraendert;;Deutsches Zentrum für Luft- und Raumfahrt e.V. (DLR): Belieferung mit Produkten und Dienstleistungen von FAST LTA. Frist 30.10.2026.;https://ted.europa.eu/de/notice/664122-2026/pdf;Deutsches Zentrum für Luft- und Raumfahrt e.V. (DLR);https://ted.europa.eu/de/notice/261659-2024/pdf;gewinner;1;Deutsches Zentrum für Luft- und Raumfahrt e.V. (DLR) schreibt gerade Belieferung mit Produkten und Dienstleistungen von FAST LTA aus. Frist 30.10.2026. Gemeinsame Beschaffung von 3 Stellen. Dort habt ihr 05/2024 schon geliefert (https://ted.europa.eu/de/notice/261659-2024/pdf).
MediaInterface GmbH;mediainterface.de;belegt;Dresden;S4 Ausschreibung beim bekannten Auftraggeber;2026-10-07;90;90;ja;4;Team;neu;;Bundesagentur für Arbeit (BA), vertreten durch den Vorstand, hier...: DiBA DL 2027. Frist 26.10.2026.;https://ted.europa.eu/de/notice/689343-2026/pdf;Bundesagentur für Arbeit (BA), vertreten durch den Vorstand, hier...;https://ted.europa.eu/de/notice/33965-2026/pdf;gewinner;1;Bundesagentur für Arbeit (BA), vertreten durch... schreibt gerade DiBA DL 2027 aus. Frist 26.10.2026. Dort habt ihr 01/2026 schon geliefert (https://ted.europa.eu/de/notice/33965-2026/pdf).
MediaInterface GmbH;mediainterface.de;belegt;Dresden;S4 Ausschreibung beim bekannten Auftraggeber;2026-10-07;90;85;ja;4;Team;neu;;Bundesagentur für Arbeit (BA), vertreten durch den Vorstand, hier...: Managed Service FMS. Frist 11.11.2026.;https://ted.europa.eu/de/notice/692209-2026/pdf;Bundesagentur für Arbeit (BA), vertreten durch den Vorstand, hier...;https://ted.europa.eu/de/notice/33965-2026/pdf;gewinner;1;Bundesagentur für Arbeit (BA), vertreten durch... schreibt gerade Managed Service FMS aus. Frist 11.11.2026. Dort habt ihr 01/2026 schon geliefert (https://ted.europa.eu/de/notice/33965-2026/pdf).
MediaInterface GmbH;mediainterface.de;belegt;Dresden;S4 Ausschreibung beim bekannten Auftraggeber;2026-10-05;90;85;ja;4;Team;unveraendert;;Bundesagentur für Arbeit (BA), vertreten durch den Vorstand, hier...: KLM 2026. Frist 02.11.2026.;https://ted.europa.eu/de/notice/682357-2026/pdf;Bundesagentur für Arbeit (BA), vertreten durch den Vorstand, hier...;https://ted.europa.eu/de/notice/33965-2026/pdf;gewinner;1;Bundesagentur für Arbeit (BA), vertreten durch... schreibt gerade KLM 2026 aus. Frist 02.11.2026. Dort habt ihr 01/2026 schon geliefert (https://ted.europa.eu/de/notice/33965-2026/pdf).
KISTERS AG;kisters.de;belegt;Aachen;S4 Ausschreibung beim bekannten Auftraggeber;2026-09-29;90;90;ja;4;Team;unveraendert;;Land Hessen, vertreten durch die Hessische Zentrale...: Teamleitungen. Frist 29.10.2026.;https://ted.europa.eu/de/notice/668349-2026/pdf;Land Hessen, vertreten durch die Hessische Zentrale...;https://ted.europa.eu/de/notice/741289-2025/pdf;gewinner;1;Land Hessen, vertreten durch die Hessische Zentrale... schreibt gerade Teamleitungen aus. Frist 29.10.2026. Dort habt ihr 11/2025 schon geliefert (https://ted.europa.eu/de/notice/741289-2025/pdf).
KISTERS AG;kisters.de;belegt;Aachen;S4 Ausschreibung beim bekannten Auftraggeber;2026-09-24;90;90;ja;4;Team;unveraendert;;Land Hessen, vertreten durch die Hessische Zentrale...: Unterstützungsleistungen für die redaktionelle Pflege der Internet- und Intranetseiten.... Frist 26.10.2026.;https://ted.europa.eu/de/notice/658963-2026/pdf;Land Hessen, vertreten durch die Hessische Zentrale...;https://ted.europa.eu/de/notice/741289-2025/pdf;gewinner;1;Land Hessen, vertreten durch die Hessische Zentrale... schreibt gerade Unterstützungsleistungen für die redaktionelle Pflege... aus. Frist 26.10.2026. Dort habt ihr 11/2025 schon geliefert (https://ted.europa.eu/de/notice/741289-2025/pdf).
KISTERS AG;kisters.de;belegt;Aachen;S4 Ausschreibung beim bekannten Auftraggeber;2026-10-07;90;85;ja;4;Team;neu;;Land Hessen, vertreten durch die Hessische Zentrale...: POLAS. Frist 06.11.2026.;https://ted.europa.eu/de/notice/689519-2026/pdf;Land Hessen, vertreten durch die Hessische Zentrale...;https://ted.europa.eu/de/notice/741289-2025/pdf;gewinner;1;Land Hessen, vertreten durch die Hessische Zentrale... schreibt gerade POLAS aus. Frist 06.11.2026. Dort habt ihr 11/2025 schon geliefert (https://ted.europa.eu/de/notice/741289-2025/pdf).
itWatch GmbH;itwatch.de;belegt;München;S4 Ausschreibung beim bekannten Auftraggeber;2026-10-06;90;90;ja;4;Team;neu;;Freistaat Thüringen vertreten durch das Thüringer Landesamt...: TLF-IT-26-011. Frist 14.10.2026.;https://ted.europa.eu/de/notice/685842-2026/pdf;Freistaat Thüringen vertreten durch das Thüringer Landesamt...;https://ted.europa.eu/de/notice/681430-2024/pdf;gewinner;1;Freistaat Thüringen vertreten durch das Thüringer Landesamt... schreibt gerade TLF-IT-26-011 aus. Frist 14.10.2026. Dort habt ihr 11/2024 schon geliefert (https://ted.europa.eu/de/notice/681430-2024/pdf).
itWatch GmbH;itwatch.de;belegt;München;S4 Ausschreibung beim bekannten Auftraggeber;2026-09-10;90;90;ja;4;Team;unveraendert;;Freistaat Thüringen vertreten durch das Thüringer Landesamt...: TLF-IT-26-011. Frist 13.10.2026.;https://ted.europa.eu/de/notice/623488-2026/pdf;Freistaat Thüringen vertreten durch das Thüringer Landesamt...;https://ted.europa.eu/de/notice/681430-2024/pdf;gewinner;1;Freistaat Thüringen vertreten durch das Thüringer Landesamt... schreibt gerade TLF-IT-26-011 aus. Frist 13.10.2026. Dort habt ihr 11/2024 schon geliefert (https://ted.europa.eu/de/notice/681430-2024/pdf).
Greenbone AG;greenbone.de;belegt;Osnabrück;S4 Ausschreibung beim bekannten Auftraggeber;2026-10-06;90;90;ja;4;Team;neu;;Bundesrepublik Deutschland, vertreten durch das Bundesministerium...: Festnetztelekommunikationsdienstleistungen - VoIP. Frist 22.10.2026.;https://ted.europa.eu/de/notice/687581-2026/pdf;Bundesrepublik Deutschland, vertreten durch das Bundesministerium...;https://ted.europa.eu/de/notice/773172-2025/pdf;gewinner;1;Bundesrepublik Deutschland, vertreten durch... schreibt gerade Festnetztelekommunikationsdienstleistungen - VoIP aus. Frist 22.10.2026. Dort habt ihr 11/2025 schon geliefert (https://ted.europa.eu/de/notice/773172-2025/pdf).
Greenbone AG;greenbone.de;belegt;Osnabrück;S4 Ausschreibung beim bekannten Auftraggeber;2026-10-06;90;90;ja;4;Team;neu;;Bundesrepublik Deutschland, vertreten durch das Bundesministerium...: Software Airlock und produktnahe Dienstleistungen. Frist 22.10.2026.;https://ted.europa.eu/de/notice/688185-2026/pdf;Bundesrepublik Deutschland, vertreten durch das Bundesministerium...;https://ted.europa.eu/de/notice/773172-2025/pdf;gewinner;1;Bundesrepublik Deutschland, vertreten durch... schreibt gerade Software Airlock und produktnahe Dienstleistungen aus. Frist 22.10.2026. Dort habt ihr 11/2025 schon geliefert (https://ted.europa.eu/de/notice/773172-2025/pdf).
Greenbone AG;greenbone.de;belegt;Osnabrück;S4 Ausschreibung beim bekannten Auftraggeber;2026-10-06;90;85;ja;4;Team;neu;;BWI GmbH: 1807-AB-Strategische Partnerschaft - KI für die Bw.;https://ted.europa.eu/de/notice/686124-2026/pdf;BWI GmbH;https://ted.europa.eu/de/notice/658352-2026/pdf;gewinner;1;BWI GmbH schreibt gerade 1807-AB-Strategische Partnerschaft - KI für die Bw aus. Dort habt ihr 09/2026 schon geliefert (https://ted.europa.eu/de/notice/658352-2026/pdf).
Damovo Deutschland GmbH & Co. KG;damovo.de;belegt;Düsseldorf;S4 Ausschreibung beim bekannten Auftraggeber;2026-09-29;90;90;ja;4;Team;unveraendert;;Land Hessen, vertreten durch die Hessische Zentrale...: Teamleitungen. Frist 29.10.2026.;https://ted.europa.eu/de/notice/668349-2026/pdf;Land Hessen, vertreten durch die Hessische Zentrale...;https://ted.europa.eu/de/notice/551641-2026/pdf;gewinner;1;Land Hessen, vertreten durch die Hessische Zentrale... schreibt gerade Teamleitungen aus. Frist 29.10.2026. Dort habt ihr 08/2026 schon geliefert (https://ted.europa.eu/de/notice/551641-2026/pdf).
Damovo Deutschland GmbH & Co. KG;damovo.de;belegt;Düsseldorf;S4 Ausschreibung beim bekannten Auftraggeber;2026-09-28;90;90;ja;4;Team;unveraendert;;Stadtreinigung Hamburg AöR: VM Workspace ONE Advanced 3-year subscriptions. Frist 29.10.2026.;https://ted.europa.eu/de/notice/664046-2026/pdf;Stadtreinigung Hamburg AöR;https://ted.europa.eu/de/notice/50250-2025/pdf;gewinner;1;Stadtreinigung Hamburg AöR schreibt gerade VM Workspace ONE Advanced 3-year subscriptions aus. Frist 29.10.2026. Dort habt ihr 01/2025 schon geliefert (https://ted.europa.eu/de/notice/50250-2025/pdf).
Damovo Deutschland GmbH & Co. KG;damovo.de;belegt;Düsseldorf;S4 Ausschreibung beim bekannten Auftraggeber;2026-10-07;90;85;ja;4;Team;neu;;Land Hessen, vertreten durch die Hessische Zentrale...: POLAS. Frist 06.11.2026.;https://ted.europa.eu/de/notice/689519-2026/pdf;Land Hessen, vertreten durch die Hessische Zentrale...;https://ted.europa.eu/de/notice/551641-2026/pdf;gewinner;1;Land Hessen, vertreten durch die Hessische Zentrale... schreibt gerade POLAS aus. Frist 06.11.2026. Dort habt ihr 08/2026 schon geliefert (https://ted.europa.eu/de/notice/551641-2026/pdf).
VIVASECUR GmbH;vivasecur.de;belegt;Frankfurt/Oder;S4 Ausschreibung beim bekannten Auftraggeber;2026-09-22;90;90;ja;3;Team;unveraendert;;Landkreis Gifhorn: Beschaffung von Windows 11 Austauschgeräten für die BBS II Gifhorn. Frist 29.10.2026.;https://ted.europa.eu/de/notice/653361-2026/pdf;Landkreis Gifhorn;https://ted.europa.eu/de/notice/307610-2024/pdf;gewinner;4;Landkreis Gifhorn schreibt gerade Beschaffung von Windows 11 Austauschgeräten für die BBS II... aus. Frist 29.10.2026. Dort habt ihr 05/2024 schon geliefert (https://ted.europa.eu/de/notice/307610-2024/pdf). Hinweis: das war eine gemeinsame Beschaffung von 4 Stellen, die Beziehung ist also moeglicherweise indirekt.
Univention GmbH;univention.de;belegt;Bremen;S4 Ausschreibung beim bekannten Auftraggeber;2026-09-22;90;90;ja;3;Team;unveraendert;;Land Mecklenburg-Vorpommern, vertreten durch das Ministerium...: EVB-IT Rahmenvereinbarung: Noten- und Zeugnisverwaltungssoftware. Frist 20.10.2026.;https://ted.europa.eu/de/notice/653135-2026/pdf;Land Mecklenburg-Vorpommern, vertreten durch das Ministerium...;https://ted.europa.eu/de/notice/778515-2024/pdf;gewinner;1;Land Mecklenburg-Vorpommern, vertreten durch... schreibt gerade EVB-IT Rahmenvereinbarung: Noten... aus. Frist 20.10.2026. Dort habt ihr 12/2024 schon geliefert (https://ted.europa.eu/de/notice/778515-2024/pdf).
Thieme DokuForm GmbH;thieme-dokuform.de;belegt;Lübeck;S4 Ausschreibung beim bekannten Auftraggeber;2026-09-24;90;90;ja;3;Team;unveraendert;;Landkreis Nordsachsen: Los 1 - Landkreis Nordsachsen - Tablets inkl. Zubehör. Frist 19.10.2026.;https://ted.europa.eu/de/notice/657210-2026/pdf;Landkreis Nordsachsen;https://ted.europa.eu/de/notice/82831-2026/pdf;gewinner;2;Landkreis Nordsachsen schreibt gerade Los 1 - Landkreis Nordsachsen - Tablets inkl. Zubehör aus. Frist 19.10.2026. Gemeinsame Beschaffung von 3 Stellen. Dort habt ihr 02/2026 schon geliefert (https://ted.europa.eu/de/notice/82831-2026/pdf).
spree systems GmbH;spreesystems.de;belegt;Lutherstadt Wittenberg;S4 Ausschreibung beim bekannten Auftraggeber;2026-09-23;90;90;ja;3;Starter;unveraendert;;Berliner Wasserbetriebe: Confluence Lizenzen Abo. Frist 21.10.2026.;https://ted.europa.eu/de/notice/655104-2026/pdf;Berliner Wasserbetriebe;https://ted.europa.eu/de/notice/637976-2025/pdf;gewinner;1;Berliner Wasserbetriebe schreibt gerade Confluence Lizenzen Abo aus. Frist 21.10.2026. Dort habt ihr 09/2025 schon geliefert (https://ted.europa.eu/de/notice/637976-2025/pdf).
public edge GmbH;publicedge.de;belegt;Berlin;S4 Ausschreibung beim bekannten Auftraggeber;2026-10-06;90;90;ja;3;Team;neu;;Dataport AöR: RV VMWare Reseller Wettbewerb. Frist 15.10.2026.;https://ted.europa.eu/de/notice/687151-2026/pdf;Dataport AöR;https://ted.europa.eu/de/notice/454263-2026/pdf;gewinner;1;Dataport AöR schreibt gerade RV VMWare Reseller Wettbewerb aus. Frist 15.10.2026. Dort habt ihr 07/2026 schon geliefert (https://ted.europa.eu/de/notice/454263-2026/pdf).
public edge GmbH;publicedge.de;belegt;Berlin;S4 Ausschreibung beim bekannten Auftraggeber;2026-10-02;90;90;ja;3;Team;unveraendert;;Dataport AöR: Rahmenvertrag Standardsoftware. Frist 20.10.2026.;https://ted.europa.eu/de/notice/680780-2026/pdf;Dataport AöR;https://ted.europa.eu/de/notice/454263-2026/pdf;gewinner;1;Dataport AöR schreibt gerade Rahmenvertrag Standardsoftware aus. Frist 20.10.2026. Dort habt ihr 07/2026 schon geliefert (https://ted.europa.eu/de/notice/454263-2026/pdf).
public edge GmbH;publicedge.de;belegt;Berlin;S4 Ausschreibung beim bekannten Auftraggeber;2026-10-07;90;85;ja;3;Team;neu;;ProVitako Marketing- und Dienstleistungsgesellschaft der Kommunalen...: Basis- Virtualisierung. Frist 06.11.2026.;https://ted.europa.eu/de/notice/689848-2026/pdf;ProVitako Marketing- und Dienstleistungsgesellschaft der Kommunalen...;https://ted.europa.eu/de/notice/486025-2026/pdf;gewinner;1;ProVitako Marketing- und Dienstleistungsgesellschaft... schreibt gerade Basis- Virtualisierung aus. Frist 06.11.2026. Dort habt ihr 07/2026 schon geliefert (https://ted.europa.eu/de/notice/486025-2026/pdf).
ProSoft Krippner GmbH;prosoft-krippner.com;belegt;Leipzig;S4 Ausschreibung beim bekannten Auftraggeber;2026-09-24;90;90;ja;3;Team;unveraendert;;Landkreis Nordsachsen: Los 1 - Landkreis Nordsachsen - Tablets inkl. Zubehör. Frist 19.10.2026.;https://ted.europa.eu/de/notice/657210-2026/pdf;Landkreis Nordsachsen;https://ted.europa.eu/de/notice/411267-2024/pdf;gewinner;1;Landkreis Nordsachsen schreibt gerade Los 1 - Landkreis Nordsachsen - Tablets inkl. Zubehör aus. Frist 19.10.2026. Gemeinsame Beschaffung von 3 Stellen. Dort habt ihr 07/2024 schon geliefert (https://ted.europa.eu/de/notice/411267-2024/pdf).
Mettenmeier GmbH;mettenmeier.de;belegt;Paderborn;S4 Ausschreibung beim bekannten Auftraggeber;2026-10-07;90;90;ja;3;Team;neu;;Zentrale Vergabestelle im Bayerischen Landesamt für Steuern: Mobile Device Management – BlackBerry Unified Endpoint Manager (UEM) on premise. Frist 12.10.2026.;https://ted.europa.eu/de/notice/690003-2026/pdf;Zentrale Vergabestelle im Bayerischen Landesamt für Steuern;https://ted.europa.eu/de/notice/266095-2025/pdf;gewinner;1;Zentrale Vergabestelle im Bayerischen Landesamt für Steuern schreibt gerade Mobile Device Management – BlackBerry Unified Endpoint... aus. Frist 12.10.2026. Dort habt ihr 04/2025 schon geliefert (https://ted.europa.eu/de/notice/266095-2025/pdf).
Mettenmeier GmbH;mettenmeier.de;belegt;Paderborn;S4 Ausschreibung beim bekannten Auftraggeber;2026-10-07;90;90;ja;3;Team;neu;;Zentrale Vergabestelle im Bayerischen Landesamt für Steuern: KI-Server 2026. Frist 16.10.2026.;https://ted.europa.eu/de/notice/691871-2026/pdf;Zentrale Vergabestelle im Bayerischen Landesamt für Steuern;https://ted.europa.eu/de/notice/266095-2025/pdf;gewinner;1;Zentrale Vergabestelle im Bayerischen Landesamt für Steuern schreibt gerade KI-Server 2026 aus. Frist 16.10.2026. Dort habt ihr 04/2025 schon geliefert (https://ted.europa.eu/de/notice/266095-2025/pdf).
Medientechnik Thomas GmbH;medientechnik-thomas.de;belegt;Siegen;S4 Ausschreibung beim bekannten Auftraggeber;2026-09-29;90;90;ja;3;Team;unveraendert;;Universität Siegen: IN.SiTu - Los 5 - Technik Basisbetrieb. Frist 27.10.2026.;https://ted.europa.eu/de/notice/670614-2026/pdf;Universität Siegen;https://ted.europa.eu/de/notice/656026-2025/pdf;gewinner;1;Universität Siegen schreibt gerade IN.SiTu - Los 5 - Technik Basisbetrieb aus. Frist 27.10.2026. Dort habt ihr 10/2025 schon geliefert (https://ted.europa.eu/de/notice/656026-2025/pdf).
Medientechnik Thomas GmbH;medientechnik-thomas.de;belegt;Siegen;S4 Ausschreibung beim bekannten Auftraggeber;2026-09-17;90;90;ja;3;Team;unveraendert;;Technische Universität Dortmund: Lizenzwartung IBM Cognos Business Intelligence Software-Lizenzen. Frist 21.10.2026.;https://ted.europa.eu/de/notice/641160-2026/pdf;Technische Universität Dortmund;https://ted.europa.eu/de/notice/488904-2025/pdf;gewinner;1;Technische Universität Dortmund schreibt gerade Lizenzwartung IBM Cognos Business Intelligence... aus. Frist 21.10.2026. Dort habt ihr 07/2025 schon geliefert (https://ted.europa.eu/de/notice/488904-2025/pdf).
Medientechnik Thomas GmbH;medientechnik-thomas.de;belegt;Siegen;S4 Ausschreibung beim bekannten Auftraggeber;2026-09-11;90;85;ja;3;Team;unveraendert;;Technische Universität Dortmund: Midpoint IDM - Migration.;https://ted.europa.eu/de/notice/628146-2026/pdf;Technische Universität Dortmund;https://ted.europa.eu/de/notice/488904-2025/pdf;gewinner;1;Technische Universität Dortmund schreibt gerade Midpoint IDM - Migration aus. Dort habt ihr 07/2025 schon geliefert (https://ted.europa.eu/de/notice/488904-2025/pdf).
Logicalis GmbH;logicalis.de;belegt;Neu-Isenburg;S4 Ausschreibung beim bekannten Auftraggeber;2026-09-16;90;90;ja;3;Starter;unveraendert;;Universität zu Köln, Abteilung 64 - Einkauf: Universität zu Köln - Wartung-/Instandhaltungsservice der EBI Leitstellenlösung. Frist 15.10.2026.;https://ted.europa.eu/de/notice/636116-2026/pdf;Universität zu Köln, Abteilung 64 - Einkauf;https://ted.europa.eu/de/notice/743502-2024/pdf;gewinner;1;Universität zu Köln, Abteilung 64 - Einkauf schreibt gerade Universität zu Köln - Wartung-/Instandhaltungsservice... aus. Frist 15.10.2026. Dort habt ihr 12/2024 schon geliefert (https://ted.europa.eu/de/notice/743502-2024/pdf).
docConsult GmbH;docconsult.de;belegt;Bonn;S4 Ausschreibung beim bekannten Auftraggeber;2026-10-06;90;90;ja;3;Team;neu;;Bundesrepublik Deutschland, vertreten durch das Bundesministerium...: Festnetztelekommunikationsdienstleistungen - VoIP. Frist 22.10.2026.;https://ted.europa.eu/de/notice/687581-2026/pdf;Bundesrepublik Deutschland, vertreten durch das Bundesministerium...;https://ted.europa.eu/de/notice/505620-2025/pdf;gewinner;1;Bundesrepublik Deutschland, vertreten durch... schreibt gerade Festnetztelekommunikationsdienstleistungen - VoIP aus. Frist 22.10.2026. Dort habt ihr 08/2025 schon geliefert (https://ted.europa.eu/de/notice/505620-2025/pdf).
docConsult GmbH;docconsult.de;belegt;Bonn;S4 Ausschreibung beim bekannten Auftraggeber;2026-10-07;90;85;ja;3;Team;neu;;Rechenzentrum der Finanzverwaltung des Landes NRW: Nachbeschaffung von Lizenzen und Support von virtuellen Proofpoint Protection Servern.... Frist 06.11.2026.;https://ted.europa.eu/de/notice/689402-2026/pdf;Rechenzentrum der Finanzverwaltung des Landes NRW;https://ted.europa.eu/de/notice/490649-2024/pdf;gewinner;1;Rechenzentrum der Finanzverwaltung des Landes NRW schreibt gerade Nachbeschaffung von Lizenzen und Support von virtuellen... aus. Frist 06.11.2026. Dort habt ihr 08/2024 schon geliefert (https://ted.europa.eu/de/notice/490649-2024/pdf).
docConsult GmbH;docconsult.de;belegt;Bonn;S4 Ausschreibung beim bekannten Auftraggeber;2026-10-06;90;85;ja;3;Team;neu;;BWI GmbH: 1807-AB-Strategische Partnerschaft - KI für die Bw.;https://ted.europa.eu/de/notice/686124-2026/pdf;BWI GmbH;https://ted.europa.eu/de/notice/427984-2025/pdf;gewinner;1;BWI GmbH schreibt gerade 1807-AB-Strategische Partnerschaft - KI für die Bw aus. Dort habt ihr 07/2025 schon geliefert (https://ted.europa.eu/de/notice/427984-2025/pdf).
dacoso GmbH;dacoso.com;belegt;Langen;S4 Ausschreibung beim bekannten Auftraggeber;2026-10-07;90;90;ja;3;Team;neu;;Universität Stuttgart: Verlängerung der PingIDM. Frist 19.10.2026.;https://ted.europa.eu/de/notice/692489-2026/pdf;Universität Stuttgart;https://ted.europa.eu/de/notice/31812-2026/pdf;gewinner;1;Universität Stuttgart schreibt gerade Verlängerung der PingIDM aus. Frist 19.10.2026. Dort habt ihr 01/2026 schon geliefert (https://ted.europa.eu/de/notice/31812-2026/pdf).
dacoso GmbH;dacoso.com;belegt;Langen;S4 Ausschreibung beim bekannten Auftraggeber;2026-09-23;90;90;ja;3;Team;unveraendert;;Berliner Wasserbetriebe: Confluence Lizenzen Abo. Frist 21.10.2026.;https://ted.europa.eu/de/notice/655104-2026/pdf;Berliner Wasserbetriebe;https://ted.europa.eu/de/notice/254231-2024/pdf;gewinner;1;Berliner Wasserbetriebe schreibt gerade Confluence Lizenzen Abo aus. Frist 21.10.2026. Dort habt ihr 04/2024 schon geliefert (https://ted.europa.eu/de/notice/254231-2024/pdf).
dacoso GmbH;dacoso.com;belegt;Langen;S4 Ausschreibung beim bekannten Auftraggeber;2026-10-02;90;85;ja;3;Team;unveraendert;;Universität Stuttgart: Beschaffung und Implementierung einer Bewerbermangementsoftware.;https://ted.europa.eu/de/notice/678248-2026/pdf;Universität Stuttgart;https://ted.europa.eu/de/notice/31812-2026/pdf;gewinner;1;Universität Stuttgart schreibt gerade Beschaffung und Implementierung einer... aus. Dort habt ihr 01/2026 schon geliefert (https://ted.europa.eu/de/notice/31812-2026/pdf).
WeiKo-Officeline OHG;weiko-officeline.de;belegt;Königstein im Taunus;S4 Ausschreibung beim bekannten Auftraggeber;2026-09-29;90;90;ja;2;Starter;unveraendert;;Land Hessen, vertreten durch die Hessische Zentrale...: Teamleitungen. Frist 29.10.2026.;https://ted.europa.eu/de/notice/668349-2026/pdf;Land Hessen, vertreten durch die Hessische Zentrale...;https://ted.europa.eu/de/notice/39948-2025/pdf;gewinner;1;Land Hessen, vertreten durch die Hessische Zentrale... schreibt gerade Teamleitungen aus. Frist 29.10.2026. Dort habt ihr 01/2025 schon geliefert (https://ted.europa.eu/de/notice/39948-2025/pdf).
WeiKo-Officeline OHG;weiko-officeline.de;belegt;Königstein im Taunus;S4 Ausschreibung beim bekannten Auftraggeber;2026-09-24;90;90;ja;2;Starter;unveraendert;;Land Hessen, vertreten durch die Hessische Zentrale...: Unterstützungsleistungen für die redaktionelle Pflege der Internet- und Intranetseiten.... Frist 26.10.2026.;https://ted.europa.eu/de/notice/658963-2026/pdf;Land Hessen, vertreten durch die Hessische Zentrale...;https://ted.europa.eu/de/notice/39948-2025/pdf;gewinner;1;Land Hessen, vertreten durch die Hessische Zentrale... schreibt gerade Unterstützungsleistungen für die redaktionelle Pflege... aus. Frist 26.10.2026. Dort habt ihr 01/2025 schon geliefert (https://ted.europa.eu/de/notice/39948-2025/pdf).
WeiKo-Officeline OHG;weiko-officeline.de;belegt;Königstein im Taunus;S4 Ausschreibung beim bekannten Auftraggeber;2026-10-07;90;85;ja;2;Starter;neu;;Land Hessen, vertreten durch die Hessische Zentrale...: POLAS. Frist 06.11.2026.;https://ted.europa.eu/de/notice/689519-2026/pdf;Land Hessen, vertreten durch die Hessische Zentrale...;https://ted.europa.eu/de/notice/39948-2025/pdf;gewinner;1;Land Hessen, vertreten durch die Hessische Zentrale... schreibt gerade POLAS aus. Frist 06.11.2026. Dort habt ihr 01/2025 schon geliefert (https://ted.europa.eu/de/notice/39948-2025/pdf).
Trovent Security GmbH;trovent.de;belegt;Bochum;S4 Ausschreibung beim bekannten Auftraggeber;2026-09-24;90;90;ja;2;Starter;unveraendert;;Landkreis Görlitz: Los 1 - Landkreis Nordsachsen - Tablets inkl. Zubehör. Frist 19.10.2026.;https://ted.europa.eu/de/notice/657210-2026/pdf;Landkreis Görlitz;https://ted.europa.eu/de/notice/104915-2026/pdf;gewinner;1;Landkreis Görlitz schreibt gerade Los 1 - Landkreis Nordsachsen - Tablets inkl. Zubehör aus. Frist 19.10.2026. Gemeinsame Beschaffung von 3 Stellen. Dort habt ihr 02/2026 schon geliefert (https://ted.europa.eu/de/notice/104915-2026/pdf).
Speicherwerke AG;speicherwerke.de;belegt;München;S4 Ausschreibung beim bekannten Auftraggeber;2026-09-28;90;90;ja;2;Starter;unveraendert;;Stadt Regensburg: 62-2026-640-EA Verlängerung der Lizenzen für Cisco Webex. Frist 26.10.2026.;https://ted.europa.eu/de/notice/666818-2026/pdf;Stadt Regensburg;https://ted.europa.eu/de/notice/165988-2025/pdf;gewinner;1;Stadt Regensburg schreibt gerade 62-2026-640-EA Verlängerung der Lizenzen für Cisco Webex aus. Frist 26.10.2026. Dort habt ihr 03/2025 schon geliefert (https://ted.europa.eu/de/notice/165988-2025/pdf).
Speicherwerke AG;speicherwerke.de;belegt;München;S4 Ausschreibung beim bekannten Auftraggeber;2026-09-25;90;90;ja;2;Starter;unveraendert;;Stadt Regensburg: 62-2026-688-EA Verlängerung Maintenance von Citrix-Lizenzen. Frist 27.10.2026.;https://ted.europa.eu/de/notice/662119-2026/pdf;Stadt Regensburg;https://ted.europa.eu/de/notice/165988-2025/pdf;gewinner;1;Stadt Regensburg schreibt gerade 62-2026-688-EA Verlängerung Maintenance von Citrix-Lizenzen aus. Frist 27.10.2026. Dort habt ihr 03/2025 schon geliefert (https://ted.europa.eu/de/notice/165988-2025/pdf).
Secusmart;secusmart.de;belegt;Düsseldorf;S4 Ausschreibung beim bekannten Auftraggeber;2026-10-06;90;90;ja;2;Starter;neu;;Bundesrepublik Deutschland, vertreten durch das Bundesministerium...: Festnetztelekommunikationsdienstleistungen - VoIP. Frist 22.10.2026.;https://ted.europa.eu/de/notice/687581-2026/pdf;Bundesrepublik Deutschland, vertreten durch das Bundesministerium...;https://ted.europa.eu/de/notice/536581-2026/pdf;gewinner;1;Bundesrepublik Deutschland, vertreten durch... schreibt gerade Festnetztelekommunikationsdienstleistungen - VoIP aus. Frist 22.10.2026. Dort habt ihr 08/2026 schon geliefert (https://ted.europa.eu/de/notice/536581-2026/pdf).
Secusmart;secusmart.de;belegt;Düsseldorf;S4 Ausschreibung beim bekannten Auftraggeber;2026-10-06;90;90;ja;2;Starter;neu;;Bundesrepublik Deutschland, vertreten durch das Bundesministerium...: Software Airlock und produktnahe Dienstleistungen. Frist 22.10.2026.;https://ted.europa.eu/de/notice/688185-2026/pdf;Bundesrepublik Deutschland, vertreten durch das Bundesministerium...;https://ted.europa.eu/de/notice/536581-2026/pdf;gewinner;1;Bundesrepublik Deutschland, vertreten durch... schreibt gerade Software Airlock und produktnahe Dienstleistungen aus. Frist 22.10.2026. Dort habt ihr 08/2026 schon geliefert (https://ted.europa.eu/de/notice/536581-2026/pdf).
Secusmart;secusmart.de;belegt;Düsseldorf;S4 Ausschreibung beim bekannten Auftraggeber;2026-10-05;90;90;ja;2;Starter;unveraendert;;Bundesrepublik Deutschland, vertreten durch das Bundesministerium...: Beratungs- und Unterstützungsleistungen für IPv6-Migrationen in den Behörden.... Frist 27.10.2026.;https://ted.europa.eu/de/notice/681675-2026/pdf;Bundesrepublik Deutschland, vertreten durch das Bundesministerium...;https://ted.europa.eu/de/notice/536581-2026/pdf;gewinner;1;Bundesrepublik Deutschland, vertreten durch... schreibt gerade Beratungs- und Unterstützungsleistungen... aus. Frist 27.10.2026. Dort habt ihr 08/2026 schon geliefert (https://ted.europa.eu/de/notice/536581-2026/pdf).
printvision AG;printvision.de;belegt;Freising;S4 Ausschreibung beim bekannten Auftraggeber;2026-10-01;90;90;ja;2;Starter;unveraendert;;Freistaat Bayern, vertreten durch das Bayer. StM f. Ernährung...: Dienstleistungen Anwendungsentwicklung. Frist 20.10.2026.;https://ted.europa.eu/de/notice/677597-2026/pdf;Freistaat Bayern, vertreten durch das Bayer. StM f. Ernährung...;https://ted.europa.eu/de/notice/419990-2026/pdf;gewinner;1;Freistaat Bayern, vertreten durch das Bayer. StM f.... schreibt gerade Dienstleistungen Anwendungsentwicklung aus. Frist 20.10.2026. Dort habt ihr 06/2026 schon geliefert (https://ted.europa.eu/de/notice/419990-2026/pdf).
PC Products Hille e.K.;pc-products.de;belegt;Böblingen;S4 Ausschreibung beim bekannten Auftraggeber;2026-09-17;90;90;ja;2;Starter;unveraendert;;Technische Universität Ilmenau, Dezernat Finanzen, Zentrale...: HPC Hardware-Komponenten. Frist 22.10.2026.;https://ted.europa.eu/de/notice/641243-2026/pdf;Technische Universität Ilmenau, Dezernat Finanzen, Zentrale...;https://ted.europa.eu/de/notice/556002-2025/pdf;gewinner;1;Technische Universität Ilmenau, Dezernat Finanzen, Zentrale... schreibt gerade HPC Hardware-Komponenten aus. Frist 22.10.2026. Dort habt ihr 08/2025 schon geliefert (https://ted.europa.eu/de/notice/556002-2025/pdf).
PC Products Hille e.K.;pc-products.de;belegt;Böblingen;S4 Ausschreibung beim bekannten Auftraggeber;2026-10-02;90;85;ja;2;Starter;unveraendert;;Technische Universität Ilmenau, Dezernat Finanzen, Zentrale...: Standard VM-Ware ESX Server inkl. 5 Jahre Wartung. Frist 10.11.2026.;https://ted.europa.eu/de/notice/680008-2026/pdf;Technische Universität Ilmenau, Dezernat Finanzen, Zentrale...;https://ted.europa.eu/de/notice/556002-2025/pdf;gewinner;1;Technische Universität Ilmenau, Dezernat Finanzen, Zentrale... schreibt gerade Standard VM-Ware ESX Server inkl. 5 Jahre Wartung aus. Frist 10.11.2026. Dort habt ihr 08/2025 schon geliefert (https://ted.europa.eu/de/notice/556002-2025/pdf).
Infraforce GmbH;infraforce.de;belegt;Marburg;S4 Ausschreibung beim bekannten Auftraggeber;2026-09-21;90;90;ja;2;Starter;unveraendert;;Handwerkskammer Niederbayern-Oberpfalz: Notebook mit Monitor. Frist 19.10.2026.;https://ted.europa.eu/de/notice/647543-2026/pdf;Handwerkskammer Niederbayern-Oberpfalz;https://ted.europa.eu/de/notice/531671-2026/pdf;gewinner;1;Handwerkskammer Niederbayern-Oberpfalz schreibt gerade Notebook mit Monitor aus. Frist 19.10.2026. Dort habt ihr 07/2026 schon geliefert (https://ted.europa.eu/de/notice/531671-2026/pdf).
Infraforce GmbH;infraforce.de;belegt;Marburg;S4 Ausschreibung beim bekannten Auftraggeber;2026-09-18;90;90;ja;2;Starter;unveraendert;;Handwerkskammer Niederbayern-Oberpfalz: Gerüstbock. Frist 19.10.2026.;https://ted.europa.eu/de/notice/643457-2026/pdf;Handwerkskammer Niederbayern-Oberpfalz;https://ted.europa.eu/de/notice/531671-2026/pdf;gewinner;1;Handwerkskammer Niederbayern-Oberpfalz schreibt gerade Gerüstbock aus. Frist 19.10.2026. Dort habt ihr 07/2026 schon geliefert (https://ted.europa.eu/de/notice/531671-2026/pdf).
HKS Systeme GmbH;hkssysteme.com;belegt;Paderborn;S4 Ausschreibung beim bekannten Auftraggeber;2026-09-28;90;90;ja;2;Starter;unveraendert;;Stadtreinigung Hamburg AöR: VM Workspace ONE Advanced 3-year subscriptions. Frist 29.10.2026.;https://ted.europa.eu/de/notice/664046-2026/pdf;Stadtreinigung Hamburg AöR;https://ted.europa.eu/de/notice/240255-2024/pdf;gewinner;1;Stadtreinigung Hamburg AöR schreibt gerade VM Workspace ONE Advanced 3-year subscriptions aus. Frist 29.10.2026. Dort habt ihr 04/2024 schon geliefert (https://ted.europa.eu/de/notice/240255-2024/pdf).
HKS Systeme GmbH;hkssysteme.com;belegt;Paderborn;S4 Ausschreibung beim bekannten Auftraggeber;2026-09-23;90;90;ja;2;Starter;unveraendert;;Stadtreinigung Hamburg AöR: Implementierungsbegleitung Digitalisierungsprojekt. Frist 26.10.2026.;https://ted.europa.eu/de/notice/654327-2026/pdf;Stadtreinigung Hamburg AöR;https://ted.europa.eu/de/notice/240255-2024/pdf;gewinner;1;Stadtreinigung Hamburg AöR schreibt gerade Implementierungsbegleitung Digitalisierungsprojekt aus. Frist 26.10.2026. Dort habt ihr 04/2024 schon geliefert (https://ted.europa.eu/de/notice/240255-2024/pdf).
Hansa Computer GmbH;hansacomputer.de;belegt;Leipzig;S4 Ausschreibung beim bekannten Auftraggeber;2026-09-24;90;90;ja;2;Starter;unveraendert;;Landkreis Nordsachsen: Los 1 - Landkreis Nordsachsen - Tablets inkl. Zubehör. Frist 19.10.2026.;https://ted.europa.eu/de/notice/657210-2026/pdf;Landkreis Nordsachsen;https://ted.europa.eu/de/notice/684128-2024/pdf;gewinner;1;Landkreis Nordsachsen schreibt gerade Los 1 - Landkreis Nordsachsen - Tablets inkl. Zubehör aus. Frist 19.10.2026. Gemeinsame Beschaffung von 3 Stellen. Dort habt ihr 11/2024 schon geliefert (https://ted.europa.eu/de/notice/684128-2024/pdf).
BSA Systemhaus GmbH;bsa-systemhaus.de;belegt;Memmingen;S4 Ausschreibung beim bekannten Auftraggeber;2026-10-07;90;90;ja;2;Starter;neu;;Zentrale Vergabestelle im Bayerischen Landesamt für Steuern: Mobile Device Management – BlackBerry Unified Endpoint Manager (UEM) on premise. Frist 12.10.2026.;https://ted.europa.eu/de/notice/690003-2026/pdf;Zentrale Vergabestelle im Bayerischen Landesamt für Steuern;https://ted.europa.eu/de/notice/345316-2026/pdf;gewinner;1;Zentrale Vergabestelle im Bayerischen Landesamt für Steuern schreibt gerade Mobile Device Management – BlackBerry Unified Endpoint... aus. Frist 12.10.2026. Dort habt ihr 05/2026 schon geliefert (https://ted.europa.eu/de/notice/345316-2026/pdf).
BSA Systemhaus GmbH;bsa-systemhaus.de;belegt;Memmingen;S4 Ausschreibung beim bekannten Auftraggeber;2026-10-07;90;90;ja;2;Starter;neu;;Zentrale Vergabestelle im Bayerischen Landesamt für Steuern: KI-Server 2026. Frist 16.10.2026.;https://ted.europa.eu/de/notice/691871-2026/pdf;Zentrale Vergabestelle im Bayerischen Landesamt für Steuern;https://ted.europa.eu/de/notice/345316-2026/pdf;gewinner;1;Zentrale Vergabestelle im Bayerischen Landesamt für Steuern schreibt gerade KI-Server 2026 aus. Frist 16.10.2026. Dort habt ihr 05/2026 schon geliefert (https://ted.europa.eu/de/notice/345316-2026/pdf).
Albakom GmbH;albakom.de;belegt;Rostock;S4 Ausschreibung beim bekannten Auftraggeber;2026-09-28;90;90;ja;2;Starter;unveraendert;;Stadtverwaltung Görlitz: Beschaffung von Microsoft Lizenzen. Frist 27.10.2026.;https://ted.europa.eu/de/notice/666507-2026/pdf;Stadtverwaltung Görlitz;https://ted.europa.eu/de/notice/81210-2024/pdf;gewinner;1;Stadtverwaltung Görlitz schreibt gerade Beschaffung von Microsoft Lizenzen aus. Frist 27.10.2026. Dort habt ihr 02/2024 schon geliefert (https://ted.europa.eu/de/notice/81210-2024/pdf).
MEGWARE Computer Vertrieb und Service GmbH;megware.de;belegt;Chemnitz-Röhrsdorf;S4 Ausschreibung beim bekannten Auftraggeber;2026-10-08;85;85;ja;24;Scale;neu;;Friedrich-Schiller-Universität Jena: Ceph Cluster ThULB. Frist 09.11.2026.;https://ted.europa.eu/de/notice/693139-2026/pdf;Friedrich-Schiller-Universität Jena;https://ted.europa.eu/de/notice/526915-2026/pdf;gewinner;1;Friedrich-Schiller-Universität Jena schreibt gerade Ceph Cluster ThULB aus. Frist 09.11.2026. Dort habt ihr 07/2026 schon geliefert (https://ted.europa.eu/de/notice/526915-2026/pdf).
MEGWARE Computer Vertrieb und Service GmbH;megware.de;belegt;Chemnitz-Röhrsdorf;S4 Ausschreibung beim bekannten Auftraggeber;2026-10-07;85;85;ja;24;Scale;neu;;GSI Helmholtzzentrum für Schwerionenforschung GmbH: Ertüchtigung & Erweiterung der MSR-Technik-Green IT-Cube. Frist 03.11.2026.;https://ted.europa.eu/de/notice/691781-2026/pdf;GSI Helmholtzzentrum für Schwerionenforschung GmbH;https://ted.europa.eu/de/notice/559423-2024/pdf;gewinner;1;GSI Helmholtzzentrum für Schwerionenforschung GmbH schreibt gerade Ertüchtigung & Erweiterung der MSR-Technik-Green IT-Cube aus. Frist 03.11.2026. Dort habt ihr 09/2024 schon geliefert (https://ted.europa.eu/de/notice/559423-2024/pdf).
MEGWARE Computer Vertrieb und Service GmbH;megware.de;belegt;Chemnitz-Röhrsdorf;S4 Ausschreibung beim bekannten Auftraggeber;2026-10-02;85;85;ja;24;Scale;unveraendert;;Technische Universität Ilmenau, Dezernat Finanzen, Zentrale...: Standard VM-Ware ESX Server inkl. 5 Jahre Wartung. Frist 10.11.2026.;https://ted.europa.eu/de/notice/680008-2026/pdf;Technische Universität Ilmenau, Dezernat Finanzen, Zentrale...;https://ted.europa.eu/de/notice/818697-2025/pdf;gewinner;1;Technische Universität Ilmenau, Dezernat Finanzen, Zentrale... schreibt gerade Standard VM-Ware ESX Server inkl. 5 Jahre Wartung aus. Frist 10.11.2026. Dort habt ihr 12/2025 schon geliefert (https://ted.europa.eu/de/notice/818697-2025/pdf).
WBS IT-Service GmbH;wbs-it.de;belegt;Leipzig;S4 Ausschreibung beim bekannten Auftraggeber;2026-10-02;85;85;ja;22;Scale;unveraendert;;Brandenburgischer IT-Dienstleister: Bereitstellung einer HPE GreenLake Storage-Umgebung auf Basis HPE Alletra Storage MP.... Frist 02.11.2026.;https://ted.europa.eu/de/notice/679632-2026/pdf;Brandenburgischer IT-Dienstleister;https://ted.europa.eu/de/notice/542372-2024/pdf;gewinner;1;Brandenburgischer IT-Dienstleister schreibt gerade Bereitstellung einer HPE GreenLake Storage-Umgebung... aus. Frist 02.11.2026. Dort habt ihr 09/2024 schon geliefert (https://ted.europa.eu/de/notice/542372-2024/pdf).
WBS IT-Service GmbH;wbs-it.de;belegt;Leipzig;S4 Ausschreibung beim bekannten Auftraggeber;2026-10-01;85;85;ja;22;Scale;unveraendert;;Landkreis Spree-Neiße: Beschaffung von PC-Technik. Frist 30.10.2026.;https://ted.europa.eu/de/notice/675128-2026/pdf;Landkreis Spree-Neiße;https://ted.europa.eu/de/notice/294817-2024/pdf;gewinner;1;Landkreis Spree-Neiße schreibt gerade Beschaffung von PC-Technik aus. Frist 30.10.2026. Dort habt ihr 05/2024 schon geliefert (https://ted.europa.eu/de/notice/294817-2024/pdf).
WBS IT-Service GmbH;wbs-it.de;belegt;Leipzig;S4 Ausschreibung beim bekannten Auftraggeber;2026-09-16;85;85;ja;22;Scale;unveraendert;;Brandenburgischer IT-Dienstleister: Kommunikationslösung für 25.000 Personen im Bildungsbereich (Lehrermail).;https://ted.europa.eu/de/notice/636215-2026/pdf;Brandenburgischer IT-Dienstleister;https://ted.europa.eu/de/notice/542372-2024/pdf;gewinner;1;Brandenburgischer IT-Dienstleister schreibt gerade Kommunikationslösung für 25.000 Personen im Bildungsbereich... aus. Dort habt ihr 09/2024 schon geliefert (https://ted.europa.eu/de/notice/542372-2024/pdf).
DELTA Computer Products GmbH;deltacomputer.de;belegt;Reinbek;S4 Ausschreibung beim bekannten Auftraggeber;2026-10-08;85;85;ja;19;Scale;neu;;Fraunhofer-Gesellschaft - Einkauf B12: DELL PowerEdge - Erweiterung Storage-Server für KI-System - PR1287846-2880-I. Frist 09.11.2026.;https://ted.europa.eu/de/notice/693389-2026/pdf;Fraunhofer-Gesellschaft - Einkauf B12;https://ted.europa.eu/de/notice/619107-2025/pdf;gewinner;1;Fraunhofer-Gesellschaft - Einkauf B12 schreibt gerade DELL PowerEdge - Erweiterung Storage-Server für KI-System... aus. Frist 09.11.2026. Dort habt ihr 09/2025 schon geliefert (https://ted.europa.eu/de/notice/619107-2025/pdf).
DELTA Computer Products GmbH;deltacomputer.de;belegt;Reinbek;S4 Ausschreibung beim bekannten Auftraggeber;2026-10-07;85;85;ja;19;Scale;neu;;Fraunhofer-Gesellschaft - Einkauf B12: Los 1 - Hersteller Lenovo. Frist 09.11.2026.;https://ted.europa.eu/de/notice/689906-2026/pdf;Fraunhofer-Gesellschaft - Einkauf B12;https://ted.europa.eu/de/notice/619107-2025/pdf;gewinner;1;Fraunhofer-Gesellschaft - Einkauf B12 schreibt gerade Los 1 - Hersteller Lenovo aus. Frist 09.11.2026. Dort habt ihr 09/2025 schon geliefert (https://ted.europa.eu/de/notice/619107-2025/pdf).
DELTA Computer Products GmbH;deltacomputer.de;belegt;Reinbek;S4 Ausschreibung beim bekannten Auftraggeber;2026-10-05;85;85;ja;19;Scale;unveraendert;;Fraunhofer-Gesellschaft - Einkauf B12: GPU-Cluster Erweiterung - PR1267570-2140-I. Frist 03.11.2026.;https://ted.europa.eu/de/notice/685488-2026/pdf;Fraunhofer-Gesellschaft - Einkauf B12;https://ted.europa.eu/de/notice/619107-2025/pdf;gewinner;1;Fraunhofer-Gesellschaft - Einkauf B12 schreibt gerade GPU-Cluster Erweiterung - PR1267570-2140-I aus. Frist 03.11.2026. Dort habt ihr 09/2025 schon geliefert (https://ted.europa.eu/de/notice/619107-2025/pdf).
Microstaxx GmbH;microstaxx.de;belegt;München;S4 Ausschreibung beim bekannten Auftraggeber;2026-10-05;85;85;ja;9;Team;unveraendert;;Bezirk Oberbayern: Windows Notebooks, Mobile Workstations und passender Ladekoffer. Frist 04.11.2026.;https://ted.europa.eu/de/notice/684042-2026/pdf;Bezirk Oberbayern;https://ted.europa.eu/de/notice/91246-2025/pdf;gewinner;1;Bezirk Oberbayern schreibt gerade Windows Notebooks, Mobile Workstations und passender... aus. Frist 04.11.2026. Dort habt ihr 02/2025 schon geliefert (https://ted.europa.eu/de/notice/91246-2025/pdf).
Microstaxx GmbH;microstaxx.de;belegt;München;S4 Ausschreibung beim bekannten Auftraggeber;2026-10-01;85;85;ja;9;Team;unveraendert;;Max-Planck-Gesellschaft z.F.d.W. Generalverwaltung: DBS - Dynamisches Beschaffungssystem der Max-Planck-Gesellschaft.;https://ted.europa.eu/de/notice/675189-2026/pdf;Max-Planck-Gesellschaft z.F.d.W. Generalverwaltung;https://ted.europa.eu/de/notice/70368-2026/pdf;gewinner;1;Max-Planck-Gesellschaft z.F.d.W. Generalverwaltung schreibt gerade DBS - Dynamisches Beschaffungssystem... aus. Dort habt ihr 01/2026 schon geliefert (https://ted.europa.eu/de/notice/70368-2026/pdf).
Group24 AG;group24.de;belegt;Gescher;S4 Ausschreibung beim bekannten Auftraggeber;2026-10-08;85;85;ja;9;Scale;neu;;Bundesrepublik Deutschland - Bundesamt für Justiz: Pflege-, Entwicklungs- sowie weitere Leistungen für Kofax-Komponenten. Frist 06.11.2026.;https://ted.europa.eu/de/notice/695694-2026/pdf;Bundesrepublik Deutschland - Bundesamt für Justiz;https://ted.europa.eu/de/notice/815443-2025/pdf;gewinner;1;Bundesrepublik Deutschland - Bundesamt für Justiz schreibt gerade Pflege-, Entwicklungs- sowie weitere Leistungen... aus. Frist 06.11.2026. Dort habt ihr 12/2025 schon geliefert (https://ted.europa.eu/de/notice/815443-2025/pdf).
Group24 AG;group24.de;belegt;Gescher;S4 Ausschreibung beim bekannten Auftraggeber;2026-10-06;85;85;ja;9;Scale;neu;;Bundesrepublik Deutschland - Bundesamt für Justiz: Pflege-, Entwicklungs- sowie weitere Leistungen für Kofax-Komponenten. Frist 03.11.2026.;https://ted.europa.eu/de/notice/686402-2026/pdf;Bundesrepublik Deutschland - Bundesamt für Justiz;https://ted.europa.eu/de/notice/815443-2025/pdf;gewinner;1;Bundesrepublik Deutschland - Bundesamt für Justiz schreibt gerade Pflege-, Entwicklungs- sowie weitere Leistungen... aus. Frist 03.11.2026. Dort habt ihr 12/2025 schon geliefert (https://ted.europa.eu/de/notice/815443-2025/pdf).
Group24 AG;group24.de;belegt;Gescher;S4 Ausschreibung beim bekannten Auftraggeber;2026-09-28;85;85;ja;9;Scale;unveraendert;;Sana Kliniken Oberfranken Coburg GmbH: UCaaS-Lösung.;https://ted.europa.eu/de/notice/665660-2026/pdf;Sana Kliniken Oberfranken Coburg GmbH;https://ted.europa.eu/de/notice/516403-2025/pdf;gewinner;4;Sana Kliniken Oberfranken Coburg GmbH schreibt gerade UCaaS-Lösung aus. Gemeinsame Beschaffung von 43 Stellen. Dort habt ihr 08/2025 schon geliefert (https://ted.europa.eu/de/notice/516403-2025/pdf). Hinweis: das war eine gemeinsame Beschaffung von 4 Stellen, die Beziehung ist also moeglicherweise indirekt.
Technidata IT-Service GmbH;technidata-it.de;belegt;Markdorf;S4 Ausschreibung beim bekannten Auftraggeber;2026-10-08;85;85;ja;8;Team;neu;;Rhein-Neckar-Verkehr GmbH: Markterkundung: IT-Hardware. Frist 30.10.2026.;https://ted.europa.eu/de/notice/695827-2026/pdf;Rhein-Neckar-Verkehr GmbH;https://ted.europa.eu/de/notice/200793-2026/pdf;gewinner;1;Rhein-Neckar-Verkehr GmbH schreibt gerade Markterkundung: IT-Hardware aus. Frist 30.10.2026. Dort habt ihr 03/2026 schon geliefert (https://ted.europa.eu/de/notice/200793-2026/pdf).
Technidata IT-Service GmbH;technidata-it.de;belegt;Markdorf;S4 Ausschreibung beim bekannten Auftraggeber;2026-10-02;85;85;ja;8;Team;unveraendert;;JEN Jülicher Entsorgungsgesellschaft für Nuklearanlagen mbH: Incident Response Dienstleistungen EWN-Gruppe. Frist 02.11.2026.;https://ted.europa.eu/de/notice/678437-2026/pdf;JEN Jülicher Entsorgungsgesellschaft für Nuklearanlagen mbH;https://ted.europa.eu/de/notice/202977-2026/pdf;gewinner;1;JEN Jülicher Entsorgungsgesellschaft für Nuklearanlagen mbH schreibt gerade Incident Response Dienstleistungen EWN-Gruppe aus. Frist 02.11.2026. Dort habt ihr 03/2026 schon geliefert (https://ted.europa.eu/de/notice/202977-2026/pdf).
Technidata IT-Service GmbH;technidata-it.de;belegt;Markdorf;S4 Ausschreibung beim bekannten Auftraggeber;2026-09-25;85;85;ja;8;Team;unveraendert;;BEW Berliner Energie und Wärme GmbH: Application Management SAP ERP.;https://ted.europa.eu/de/notice/661336-2026/pdf;BEW Berliner Energie und Wärme GmbH;https://ted.europa.eu/de/notice/291901-2026/pdf;gewinner;1;BEW Berliner Energie und Wärme GmbH schreibt gerade Application Management SAP ERP aus. Dort habt ihr 04/2026 schon geliefert (https://ted.europa.eu/de/notice/291901-2026/pdf).
INFODAS GmbH;infodas.de;belegt;Köln;S4 Ausschreibung beim bekannten Auftraggeber;2026-10-08;85;85;ja;8;Team;neu;;Fraunhofer-Gesellschaft - Einkauf B12: DELL PowerEdge - Erweiterung Storage-Server für KI-System - PR1287846-2880-I. Frist 09.11.2026.;https://ted.europa.eu/de/notice/693389-2026/pdf;Fraunhofer-Gesellschaft - Einkauf B12;https://ted.europa.eu/de/notice/297006-2026/pdf;gewinner;1;Fraunhofer-Gesellschaft - Einkauf B12 schreibt gerade DELL PowerEdge - Erweiterung Storage-Server für KI-System... aus. Frist 09.11.2026. Dort habt ihr 04/2026 schon geliefert (https://ted.europa.eu/de/notice/297006-2026/pdf).
INFODAS GmbH;infodas.de;belegt;Köln;S4 Ausschreibung beim bekannten Auftraggeber;2026-10-07;85;85;ja;8;Team;neu;;Fraunhofer-Gesellschaft - Einkauf B12: Los 1 - Hersteller Lenovo. Frist 09.11.2026.;https://ted.europa.eu/de/notice/689906-2026/pdf;Fraunhofer-Gesellschaft - Einkauf B12;https://ted.europa.eu/de/notice/297006-2026/pdf;gewinner;1;Fraunhofer-Gesellschaft - Einkauf B12 schreibt gerade Los 1 - Hersteller Lenovo aus. Frist 09.11.2026. Dort habt ihr 04/2026 schon geliefert (https://ted.europa.eu/de/notice/297006-2026/pdf).
INFODAS GmbH;infodas.de;belegt;Köln;S4 Ausschreibung beim bekannten Auftraggeber;2026-10-06;85;85;ja;8;Team;neu;;BWI GmbH: 1807-AB-Strategische Partnerschaft - KI für die Bw.;https://ted.europa.eu/de/notice/686124-2026/pdf;BWI GmbH;https://ted.europa.eu/de/notice/622581-2025/pdf;gewinner;1;BWI GmbH schreibt gerade 1807-AB-Strategische Partnerschaft - KI für die Bw aus. Dort habt ihr 09/2025 schon geliefert (https://ted.europa.eu/de/notice/622581-2025/pdf).
Mentz GmbH;mentz.net;belegt;München;S4 Ausschreibung beim bekannten Auftraggeber;2026-10-08;85;85;ja;6;Team;neu;;Rhein-Neckar-Verkehr GmbH: Markterkundung: IT-Hardware. Frist 30.10.2026.;https://ted.europa.eu/de/notice/695827-2026/pdf;Rhein-Neckar-Verkehr GmbH;https://ted.europa.eu/de/notice/627652-2025/pdf;gewinner;1;Rhein-Neckar-Verkehr GmbH schreibt gerade Markterkundung: IT-Hardware aus. Frist 30.10.2026. Dort habt ihr 09/2025 schon geliefert (https://ted.europa.eu/de/notice/627652-2025/pdf).
Mentz GmbH;mentz.net;belegt;München;S4 Ausschreibung beim bekannten Auftraggeber;2026-08-25;85;85;ja;6;Team;unveraendert;;Berliner Verkehrsbetriebe, Bereich Einkauf/ Materialwirtschaft: KRITIS-IT Unterstützung für das Elektroakustische Lautsprechersystem (ELA).;https://ted.europa.eu/de/notice/586123-2026/pdf;Berliner Verkehrsbetriebe, Bereich Einkauf/ Materialwirtschaft;https://ted.europa.eu/de/notice/415858-2024/pdf;gewinner;1;Berliner Verkehrsbetriebe, Bereich Einkauf/... schreibt gerade KRITIS-IT Unterstützung für das Elektroakustische... aus. Dort habt ihr 07/2024 schon geliefert (https://ted.europa.eu/de/notice/415858-2024/pdf).
Human Art Computersysteme GmbH;human-art.de;belegt;Berlin;S4 Ausschreibung beim bekannten Auftraggeber;2026-08-25;85;85;ja;6;Team;unveraendert;;Berliner Verkehrsbetriebe, Bereich Einkauf/ Materialwirtschaft: KRITIS-IT Unterstützung für das Elektroakustische Lautsprechersystem (ELA).;https://ted.europa.eu/de/notice/586123-2026/pdf;Berliner Verkehrsbetriebe, Bereich Einkauf/ Materialwirtschaft;https://ted.europa.eu/de/notice/580082-2026/pdf;gewinner;1;Berliner Verkehrsbetriebe, Bereich Einkauf/... schreibt gerade KRITIS-IT Unterstützung für das Elektroakustische... aus. Dort habt ihr 08/2026 schon geliefert (https://ted.europa.eu/de/notice/580082-2026/pdf).
avency GmbH;avency.de;belegt;Ostbevern;S4 Ausschreibung beim bekannten Auftraggeber;2026-10-05;85;85;ja;6;Team;unveraendert;;Universitätsklinikum Münster: Herstellerbezogene Artikel. Frist 03.11.2026.;https://ted.europa.eu/de/notice/684981-2026/pdf;Universitätsklinikum Münster;https://ted.europa.eu/de/notice/401262-2026/pdf;gewinner;1;Universitätsklinikum Münster schreibt gerade Herstellerbezogene Artikel aus. Frist 03.11.2026. Dort habt ihr 06/2026 schon geliefert (https://ted.europa.eu/de/notice/401262-2026/pdf).
avency GmbH;avency.de;belegt;Ostbevern;S4 Ausschreibung beim bekannten Auftraggeber;2026-10-01;85;85;ja;6;Team;unveraendert;;Max-Planck-Gesellschaft z.F.d.W. Generalverwaltung: DBS - Dynamisches Beschaffungssystem der Max-Planck-Gesellschaft.;https://ted.europa.eu/de/notice/675189-2026/pdf;Max-Planck-Gesellschaft z.F.d.W. Generalverwaltung;https://ted.europa.eu/de/notice/380634-2024/pdf;gewinner;1;Max-Planck-Gesellschaft z.F.d.W. Generalverwaltung schreibt gerade DBS - Dynamisches Beschaffungssystem... aus. Dort habt ihr 06/2024 schon geliefert (https://ted.europa.eu/de/notice/380634-2024/pdf).
avency GmbH;avency.de;belegt;Ostbevern;S4 Ausschreibung beim bekannten Auftraggeber;2026-10-01;85;85;ja;6;Team;unveraendert;;Universitätsklinikum Münster: Commvault Lizenzen. Frist 30.10.2026.;https://ted.europa.eu/de/notice/677763-2026/pdf;Universitätsklinikum Münster;https://ted.europa.eu/de/notice/401262-2026/pdf;gewinner;1;Universitätsklinikum Münster schreibt gerade Commvault Lizenzen aus. Frist 30.10.2026. Dort habt ihr 06/2026 schon geliefert (https://ted.europa.eu/de/notice/401262-2026/pdf).
Ratiodata SE;ratiodata.de;belegt;Münster;S4 Ausschreibung beim bekannten Auftraggeber;2026-10-08;85;85;ja;5;Team;neu;;Bayerische Versorgungskammer: Lizenzverlängerung Atlassian Confluence und Jira. Frist 05.11.2026.;https://ted.europa.eu/de/notice/693784-2026/pdf;Bayerische Versorgungskammer;https://ted.europa.eu/de/notice/8079-2026/pdf;gewinner;1;Bayerische Versorgungskammer schreibt gerade Lizenzverlängerung Atlassian Confluence und Jira aus. Frist 05.11.2026. Dort habt ihr 01/2026 schon geliefert (https://ted.europa.eu/de/notice/8079-2026/pdf).
Ratiodata SE;ratiodata.de;belegt;Münster;S4 Ausschreibung beim bekannten Auftraggeber;2026-09-15;85;85;ja;5;Team;unveraendert;;Deutsche Bundesbank, Zentralbereich Beschaffungen: Bereitstellung eines Weitverkehrsnetzes (WAN).;https://ted.europa.eu/de/notice/634770-2026/pdf;Deutsche Bundesbank, Zentralbereich Beschaffungen;https://ted.europa.eu/de/notice/3832-2024/pdf;bieter;1;Deutsche Bundesbank, Zentralbereich Beschaffungen schreibt gerade Bereitstellung eines Weitverkehrsnetzes (WAN) aus. Dort habt ihr 01/2024 schon geboten (https://ted.europa.eu/de/notice/3832-2024/pdf).
Ratiodata SE;ratiodata.de;belegt;Münster;S4 Ausschreibung beim bekannten Auftraggeber;2026-09-01;85;85;ja;5;Team;unveraendert;;Stadt Münster - Zentrale Rechtsdienstleistungen und Vergabemanagement: Migration TK-System Open Scape Voice inkl. Applikationen für die Stadt Münster - citeq.;https://ted.europa.eu/de/notice/600170-2026/pdf;Stadt Münster - Zentrale Rechtsdienstleistungen und Vergabemanagement;https://ted.europa.eu/de/notice/711304-2025/pdf;gewinner;1;Stadt Münster - Zentrale Rechtsdienstleistungen... schreibt gerade Migration TK-System Open Scape Voice inkl. Applikationen... aus. Dort habt ihr 10/2025 schon geliefert (https://ted.europa.eu/de/notice/711304-2025/pdf).
SOHNIX AG;sohnix.de;belegt;Lambrechtshagen;S4 Ausschreibung beim bekannten Auftraggeber;2026-09-24;85;85;ja;4;Team;unveraendert;;kommunit IT-Zweckverband Schleswig-Holstein: Managed SOC und Digital Forensics and Incident Response (DFIR).;https://ted.europa.eu/de/notice/659884-2026/pdf;kommunit IT-Zweckverband Schleswig-Holstein;https://ted.europa.eu/de/notice/781479-2024/pdf;gewinner;1;kommunit IT-Zweckverband Schleswig-Holstein schreibt gerade Managed SOC und Digital Forensics and Incident Response... aus. Dort habt ihr 12/2024 schon geliefert (https://ted.europa.eu/de/notice/781479-2024/pdf).
Softline AG;softline.de;belegt;Leipzig;S4 Ausschreibung beim bekannten Auftraggeber;2026-10-06;85;85;ja;4;Team;neu;;Informationstechnikzentrum Bund (ITZBund): Rahmenvertrag für externe Dienstleistungen zur Durchführung des IT gestützten.... Frist 04.11.2026.;https://ted.europa.eu/de/notice/687035-2026/pdf;Informationstechnikzentrum Bund (ITZBund);https://ted.europa.eu/de/notice/400479-2026/pdf;gewinner;1;Informationstechnikzentrum Bund (ITZBund) schreibt gerade Rahmenvertrag für externe Dienstleistungen zur Durchführung... aus. Frist 04.11.2026. Dort habt ihr 06/2026 schon geliefert (https://ted.europa.eu/de/notice/400479-2026/pdf).
Softline AG;softline.de;belegt;Leipzig;S4 Ausschreibung beim bekannten Auftraggeber;2026-10-05;85;85;ja;4;Team;unveraendert;;Informationstechnikzentrum Bund (ITZBund): Rahmenvertrag Druck- und Scanservice Bund (DSSB) - Fortführung eines zentralen Druck....;https://ted.europa.eu/de/notice/682766-2026/pdf;Informationstechnikzentrum Bund (ITZBund);https://ted.europa.eu/de/notice/400479-2026/pdf;gewinner;1;Informationstechnikzentrum Bund (ITZBund) schreibt gerade Rahmenvertrag Druck- und Scanservice Bund (DSSB)... aus. Dort habt ihr 06/2026 schon geliefert (https://ted.europa.eu/de/notice/400479-2026/pdf).
Softline AG;softline.de;belegt;Leipzig;S4 Ausschreibung beim bekannten Auftraggeber;2026-10-02;85;85;ja;4;Team;unveraendert;;Informationstechnikzentrum Bund (ITZBund): Rahmenvertrag für Dienstleistungen und Plattformservices im Bereich Multicloud. Frist 06.11.2026.;https://ted.europa.eu/de/notice/680882-2026/pdf;Informationstechnikzentrum Bund (ITZBund);https://ted.europa.eu/de/notice/400479-2026/pdf;gewinner;1;Informationstechnikzentrum Bund (ITZBund) schreibt gerade Rahmenvertrag für Dienstleistungen und Plattformservices... aus. Frist 06.11.2026. Dort habt ihr 06/2026 schon geliefert (https://ted.europa.eu/de/notice/400479-2026/pdf).
Serverhero GmbH;serverhero.de;belegt;Köln;S4 Ausschreibung beim bekannten Auftraggeber;2026-09-15;85;85;ja;4;Team;unveraendert;;Institut der Feuerwehr NRW: Bildungsmanagementsoftware.;https://ted.europa.eu/de/notice/634313-2026/pdf;Institut der Feuerwehr NRW;https://ted.europa.eu/de/notice/833221-2025/pdf;gewinner;1;Institut der Feuerwehr NRW schreibt gerade Bildungsmanagementsoftware aus. Dort habt ihr 12/2025 schon geliefert (https://ted.europa.eu/de/notice/833221-2025/pdf).
SCALCOM GmbH;scalcom.de;belegt;Waltenhofen;S4 Ausschreibung beim bekannten Auftraggeber;2026-10-05;85;85;ja;4;Team;unveraendert;;Bezirk Oberbayern: Windows Notebooks, Mobile Workstations und passender Ladekoffer. Frist 04.11.2026.;https://ted.europa.eu/de/notice/684042-2026/pdf;Bezirk Oberbayern;https://ted.europa.eu/de/notice/3903-2024/pdf;gewinner;1;Bezirk Oberbayern schreibt gerade Windows Notebooks, Mobile Workstations und passender... aus. Frist 04.11.2026. Dort habt ihr 01/2024 schon geliefert (https://ted.europa.eu/de/notice/3903-2024/pdf).
r-tec IT Security GmbH;r-tec.net;belegt;Wuppertal;S4 Ausschreibung beim bekannten Auftraggeber;2026-08-31;85;85;ja;4;Team;unveraendert;;"Bundesstadt Bonn - Referat Vergabedienste: Bundesstadt Bonn, Arbeitspaket ""Migrationsunterstützung UDP"" im Rahmen des Projekts Urban....";https://ted.europa.eu/de/notice/599317-2026/pdf;Bundesstadt Bonn - Referat Vergabedienste;https://ted.europa.eu/de/notice/2036-2025/pdf;gewinner;1;"Bundesstadt Bonn - Referat Vergabedienste schreibt gerade Bundesstadt Bonn, Arbeitspaket ""Migrationsunterstützung... aus. Dort habt ihr 01/2025 schon geliefert (https://ted.europa.eu/de/notice/2036-2025/pdf)."
Ostertag DeTeWe GmbH;ostertagdetewe.de;belegt;Berlin;S4 Ausschreibung beim bekannten Auftraggeber;2026-09-02;85;85;ja;4;Team;unveraendert;;Landeshauptstadt Düsseldorf, Der Oberbürgermeister, Amt für Recht...: Einführung einer Conversational-AI-Plattform (CAI-Plattform).;https://ted.europa.eu/de/notice/604492-2026/pdf;Landeshauptstadt Düsseldorf, Der Oberbürgermeister, Amt für Recht...;https://ted.europa.eu/de/notice/817505-2025/pdf;gewinner;1;Landeshauptstadt Düsseldorf, Der Oberbürgermeister, Amt... schreibt gerade Einführung einer Conversational-AI-Plattform (CAI-Plattform) aus. Dort habt ihr 12/2025 schon geliefert (https://ted.europa.eu/de/notice/817505-2025/pdf).
Medialine EuroTrade AG;medialine.de;belegt;Bad Sobernheim;S4 Ausschreibung beim bekannten Auftraggeber;2026-10-08;85;85;ja;4;Team;neu;;Fraunhofer-Gesellschaft - Einkauf B12: DELL PowerEdge - Erweiterung Storage-Server für KI-System - PR1287846-2880-I. Frist 09.11.2026.;https://ted.europa.eu/de/notice/693389-2026/pdf;Fraunhofer-Gesellschaft - Einkauf B12;https://ted.europa.eu/de/notice/586785-2026/pdf;gewinner;1;Fraunhofer-Gesellschaft - Einkauf B12 schreibt gerade DELL PowerEdge - Erweiterung Storage-Server für KI-System... aus. Frist 09.11.2026. Dort habt ihr 08/2026 schon geliefert (https://ted.europa.eu/de/notice/586785-2026/pdf).
Medialine EuroTrade AG;medialine.de;belegt;Bad Sobernheim;S4 Ausschreibung beim bekannten Auftraggeber;2026-10-07;85;85;ja;4;Team;neu;;Fraunhofer-Gesellschaft - Einkauf B12: Los 1 - Hersteller Lenovo. Frist 09.11.2026.;https://ted.europa.eu/de/notice/689906-2026/pdf;Fraunhofer-Gesellschaft - Einkauf B12;https://ted.europa.eu/de/notice/586785-2026/pdf;gewinner;1;Fraunhofer-Gesellschaft - Einkauf B12 schreibt gerade Los 1 - Hersteller Lenovo aus. Frist 09.11.2026. Dort habt ihr 08/2026 schon geliefert (https://ted.europa.eu/de/notice/586785-2026/pdf).
Medialine EuroTrade AG;medialine.de;belegt;Bad Sobernheim;S4 Ausschreibung beim bekannten Auftraggeber;2026-10-05;85;85;ja;4;Team;unveraendert;;Fraunhofer-Gesellschaft - Einkauf B12: GPU-Cluster Erweiterung - PR1267570-2140-I. Frist 03.11.2026.;https://ted.europa.eu/de/notice/685488-2026/pdf;Fraunhofer-Gesellschaft - Einkauf B12;https://ted.europa.eu/de/notice/586785-2026/pdf;gewinner;1;Fraunhofer-Gesellschaft - Einkauf B12 schreibt gerade GPU-Cluster Erweiterung - PR1267570-2140-I aus. Frist 03.11.2026. Dort habt ihr 08/2026 schon geliefert (https://ted.europa.eu/de/notice/586785-2026/pdf).
DFC-SYSTEMS GmbH;dfcsystems.de;belegt;München;S4 Ausschreibung beim bekannten Auftraggeber;2026-10-06;85;85;ja;4;Team;neu;;BWI GmbH: 1807-AB-Strategische Partnerschaft - KI für die Bw.;https://ted.europa.eu/de/notice/686124-2026/pdf;BWI GmbH;https://ted.europa.eu/de/notice/260575-2025/pdf;gewinner;1;BWI GmbH schreibt gerade 1807-AB-Strategische Partnerschaft - KI für die Bw aus. Dort habt ihr 04/2025 schon geliefert (https://ted.europa.eu/de/notice/260575-2025/pdf).
DFC-SYSTEMS GmbH;dfcsystems.de;belegt;München;S4 Ausschreibung beim bekannten Auftraggeber;2026-09-11;85;85;ja;4;Team;unveraendert;;BWI GmbH: 1607-DE-Breitbandanbindung DMZ Bördeland.;https://ted.europa.eu/de/notice/627740-2026/pdf;BWI GmbH;https://ted.europa.eu/de/notice/260575-2025/pdf;gewinner;1;BWI GmbH schreibt gerade 1607-DE-Breitbandanbindung DMZ Bördeland aus. Dort habt ihr 04/2025 schon geliefert (https://ted.europa.eu/de/notice/260575-2025/pdf).
DFC-SYSTEMS GmbH;dfcsystems.de;belegt;München;S4 Ausschreibung beim bekannten Auftraggeber;2026-09-10;85;85;ja;4;Team;unveraendert;;BWI GmbH: 1906-CK-Minendetektion.;https://ted.europa.eu/de/notice/624240-2026/pdf;BWI GmbH;https://ted.europa.eu/de/notice/260575-2025/pdf;gewinner;1;BWI GmbH schreibt gerade 1906-CK-Minendetektion aus. Dort habt ihr 04/2025 schon geliefert (https://ted.europa.eu/de/notice/260575-2025/pdf).
suresecure GmbH;suresecure.de;belegt;Düsseldorf;S4 Ausschreibung beim bekannten Auftraggeber;2026-08-20;85;85;ja;3;Team;unveraendert;;Stadtwerke München GmbH: SV-KWA-260819-002, Weiterentwicklung Unternehmenswebsite.;https://ted.europa.eu/de/notice/578082-2026/pdf;Stadtwerke München GmbH;https://ted.europa.eu/de/notice/774246-2024/pdf;gewinner;1;Stadtwerke München GmbH schreibt gerade SV-KWA-260819-002, Weiterentwicklung Unternehmenswebsite aus. Dort habt ihr 12/2024 schon geliefert (https://ted.europa.eu/de/notice/774246-2024/pdf).
suresecure GmbH;suresecure.de;belegt;Düsseldorf;S4 Ausschreibung beim bekannten Auftraggeber;2026-08-13;85;85;ja;3;Team;unveraendert;;Stadtwerke München GmbH: SV-FFI-260810-001, MARS Pioneer.;https://ted.europa.eu/de/notice/563289-2026/pdf;Stadtwerke München GmbH;https://ted.europa.eu/de/notice/774246-2024/pdf;gewinner;1;Stadtwerke München GmbH schreibt gerade SV-FFI-260810-001, MARS Pioneer aus. Dort habt ihr 12/2024 schon geliefert (https://ted.europa.eu/de/notice/774246-2024/pdf).
krauth technology GmbH;krauth-technology.de;belegt;Eberbach;S4 Ausschreibung beim bekannten Auftraggeber;2026-10-02;85;85;ja;3;Team;unveraendert;;"Rheinbahn AG: Pilotprojekt „Fahrgemeinschaften als Add-On zum Deutschlandticket-Job"". Frist 03.11.2026.";https://ted.europa.eu/de/notice/677951-2026/pdf;Rheinbahn AG;https://ted.europa.eu/de/notice/813082-2025/pdf;gewinner;1;Rheinbahn AG schreibt gerade Pilotprojekt „Fahrgemeinschaften als Add-On... aus. Frist 03.11.2026. Dort habt ihr 12/2025 schon geliefert (https://ted.europa.eu/de/notice/813082-2025/pdf).
Wenzel Elektronik GmbH;wenzel-elektronik.de;belegt;Bern;S4 Ausschreibung beim bekannten Auftraggeber;2026-10-06;85;85;ja;2;Starter;neu;;DB InfraGO AG – Geschäftsbereich Fahrweg (Bukr 16): Integriertes Bediensystem (iBS).;https://ted.europa.eu/de/notice/688951-2026/pdf;DB InfraGO AG – Geschäftsbereich Fahrweg (Bukr 16);https://ted.europa.eu/de/notice/447484-2024/pdf;gewinner;1;DB InfraGO AG – Geschäftsbereich Fahrweg (Bukr 16) schreibt gerade Integriertes Bediensystem (iBS) aus. Dort habt ihr 07/2024 schon geliefert (https://ted.europa.eu/de/notice/447484-2024/pdf).
Wenzel Elektronik GmbH;wenzel-elektronik.de;belegt;Bern;S4 Ausschreibung beim bekannten Auftraggeber;2026-08-26;85;85;ja;2;Starter;unveraendert;;DB InfraGO AG – Geschäftsbereich Fahrweg (Bukr 16): Softwarelizenzen von OTRS inkl. Support.;https://ted.europa.eu/de/notice/589263-2026/pdf;DB InfraGO AG – Geschäftsbereich Fahrweg (Bukr 16);https://ted.europa.eu/de/notice/447484-2024/pdf;gewinner;1;DB InfraGO AG – Geschäftsbereich Fahrweg (Bukr 16) schreibt gerade Softwarelizenzen von OTRS inkl. Support aus. Dort habt ihr 07/2024 schon geliefert (https://ted.europa.eu/de/notice/447484-2024/pdf).
Wenzel Elektronik GmbH;wenzel-elektronik.de;belegt;Bern;S4 Ausschreibung beim bekannten Auftraggeber;2026-08-25;85;85;ja;2;Starter;unveraendert;;Berliner Verkehrsbetriebe, Bereich Einkauf/ Materialwirtschaft: KRITIS-IT Unterstützung für das Elektroakustische Lautsprechersystem (ELA).;https://ted.europa.eu/de/notice/586123-2026/pdf;Berliner Verkehrsbetriebe, Bereich Einkauf/ Materialwirtschaft;https://ted.europa.eu/de/notice/134991-2024/pdf;gewinner;1;Berliner Verkehrsbetriebe, Bereich Einkauf/... schreibt gerade KRITIS-IT Unterstützung für das Elektroakustische... aus. Dort habt ihr 03/2024 schon geliefert (https://ted.europa.eu/de/notice/134991-2024/pdf).
Smart in Media;smartinmedia.de;belegt;Köln;S4 Ausschreibung beim bekannten Auftraggeber;2026-10-05;85;85;ja;2;Starter;unveraendert;;Universitätsklinikum Münster: Herstellerbezogene Artikel. Frist 03.11.2026.;https://ted.europa.eu/de/notice/684981-2026/pdf;Universitätsklinikum Münster;https://ted.europa.eu/de/notice/717203-2025/pdf;gewinner;1;Universitätsklinikum Münster schreibt gerade Herstellerbezogene Artikel aus. Frist 03.11.2026. Dort habt ihr 10/2025 schon geliefert (https://ted.europa.eu/de/notice/717203-2025/pdf).
Smart in Media;smartinmedia.de;belegt;Köln;S4 Ausschreibung beim bekannten Auftraggeber;2026-10-01;85;85;ja;2;Starter;unveraendert;;Universitätsklinikum Münster: Commvault Lizenzen. Frist 30.10.2026.;https://ted.europa.eu/de/notice/677763-2026/pdf;Universitätsklinikum Münster;https://ted.europa.eu/de/notice/717203-2025/pdf;gewinner;1;Universitätsklinikum Münster schreibt gerade Commvault Lizenzen aus. Frist 30.10.2026. Dort habt ihr 10/2025 schon geliefert (https://ted.europa.eu/de/notice/717203-2025/pdf).
MotionTag GmbH;motiontag.com;belegt;Potsdam;S4 Ausschreibung beim bekannten Auftraggeber;2026-08-25;85;85;ja;2;Starter;unveraendert;;Berliner Verkehrsbetriebe, Bereich Einkauf/ Materialwirtschaft: KRITIS-IT Unterstützung für das Elektroakustische Lautsprechersystem (ELA).;https://ted.europa.eu/de/notice/586123-2026/pdf;Berliner Verkehrsbetriebe, Bereich Einkauf/ Materialwirtschaft;https://ted.europa.eu/de/notice/6256-2025/pdf;gewinner;1;Berliner Verkehrsbetriebe, Bereich Einkauf/... schreibt gerade KRITIS-IT Unterstützung für das Elektroakustische... aus. Dort habt ihr 01/2025 schon geliefert (https://ted.europa.eu/de/notice/6256-2025/pdf).
Huber & Feneberg GmbH;huber-feneberg.de;belegt;München;S4 Ausschreibung beim bekannten Auftraggeber;2026-09-10;85;85;ja;2;Starter;unveraendert;;Freistaat Bayern vertreten durch das Staatsinstitut für Schulqualität...: Dienstleistungen im Bereich Design User-Interface (UI) und User-Experience (UX).;https://ted.europa.eu/de/notice/623485-2026/pdf;Freistaat Bayern vertreten durch das Staatsinstitut für Schulqualität...;https://ted.europa.eu/de/notice/299172-2024/pdf;gewinner;1;Freistaat Bayern vertreten durch das Staatsinstitut... schreibt gerade Dienstleistungen im Bereich Design User-Interface (UI)... aus. Dort habt ihr 05/2024 schon geliefert (https://ted.europa.eu/de/notice/299172-2024/pdf).
Huber & Feneberg GmbH;huber-feneberg.de;belegt;München;S4 Ausschreibung beim bekannten Auftraggeber;2026-08-20;85;85;ja;2;Starter;unveraendert;;Flughafen München GmbH: 2026-1005064_Flughafen München_Rahmenvereinbarung Projektplattform.;https://ted.europa.eu/de/notice/575858-2026/pdf;Flughafen München GmbH;https://ted.europa.eu/de/notice/578187-2024/pdf;gewinner;1;Flughafen München GmbH schreibt gerade 2026-1005064_Flughafen München_Rahmenvereinbarung... aus. Dort habt ihr 09/2024 schon geliefert (https://ted.europa.eu/de/notice/578187-2024/pdf).
pdv-systeme Sachsen GmbH;pdv-sachsen.net;belegt;Dresden;S2 Vertragsende;2026-12-02;80;80;ja;9;Team;unveraendert;;Vertrag endet in 55 Tagen. Auftraggeber Sächsisches Staatsministerium für Soziales, Gesundheit.... Ersatzbeschaffung von vier Servern und einer SAN-Erweiterung des Herstellers HPE;https://ted.europa.eu/de/notice/501530-2026/pdf;Sächsisches Staatsministerium für Soziales, Gesundheit...;;;;Ihr Vertrag mit Sächsisches Staatsministerium für Soziales, Gesundheit... (Ersatzbeschaffung von vier Servern und einer...) endet am 02.12.2026. Die Neuausschreibung steht an.
unique projects GmbH & Co. KG;unique-projects.com;belegt;Duisburg;S2 Vertragsende;2026-10-31;80;80;ja;3;Team;unveraendert;;Vertrag endet in 23 Tagen. Auftraggeber Stadt Herdecke. Beschaffung eines neuen Storage-Systems für die Stadt Herdecke;https://ted.europa.eu/de/notice/275046-2026/pdf;Stadt Herdecke;;;;Ihr Vertrag mit Stadt Herdecke (Beschaffung eines neuen Storage-Systems für die Stadt...) endet am 31.10.2026. Die Neuausschreibung steht an.
AVI.DAT Software&Technology GmbH;avidat.de;belegt;Leipzig;S2 Vertragsende;2026-12-31;80;80;ja;2;Starter;unveraendert;;Vertrag endet in 84 Tagen. Auftraggeber Hessischer Rundfunk, Anstalt des Öffentlichen Rechts.... Softwarewartung und-weiterentwicklung Miraan;https://ted.europa.eu/de/notice/434918-2026/pdf;Hessischer Rundfunk, Anstalt des Öffentlichen Rechts...;;;;Ihr Vertrag mit Hessischer Rundfunk, Anstalt des Öffentlichen Rechts... (Softwarewartung und-weiterentwicklung Miraan) endet am 31.12.2026. Die Neuausschreibung steht an.
235 Media GmbH;235media.de;belegt;Köln;S2 Vertragsende;2026-12-31;80;80;ja;2;Starter;unveraendert;;Vertrag endet in 84 Tagen. Auftraggeber Stadt Forst (Lausitz), Die Bürgermeisterin, Fachbereich Bauverwaltung. M2_VE03_Medientechnik und Medienproduktion;https://ted.europa.eu/de/notice/470460-2026/pdf;Stadt Forst (Lausitz), Die Bürgermeisterin, Fachbereich Bauverwaltung;;;;Ihr Vertrag mit Stadt Forst (Lausitz), Die Bürgermeisterin, Fachbereich... (M2_VE03_Medientechnik und Medienproduktion) endet am 31.12.2026. Die Neuausschreibung steht an.
heinekingmedia GmbH;heinekingmedia.de;belegt;Hannover;S2 Vertragsende;2026-08-20;70;70;ja;6;Team;unveraendert;;Vertrag endete vor 49 Tagen. Auftraggeber Landkreis Dahme-Spreewald. interaktive Touch-Displays fest für die Schule am Neuhaus;https://ted.europa.eu/de/notice/295148-2026/pdf;Landkreis Dahme-Spreewald;;;;Ihr Vertrag mit Landkreis Dahme-Spreewald (interaktive Touch-Displays fest für die Schule am Neuhaus) endete am 20.08.2026. Die Neuausschreibung steht an.
