Rechtsname;Domain;Ort;Tier;Tier_Begruendung;Plan_Vorschlag;Zuschlaege_seit_2024;Verschiedene_Auftraggeber;Auftragsvolumen_EUR;Erster_Zuschlag;Letzter_Zuschlag;Aktiv_12_Monate;CPV_Schwerpunkt;Top_Auftraggeber;Signal_Score;Why_now;Quelle_Beleg;Quelle_weitere;C_Rechtsname;Domain_verworfen;Rechtsname_Website;C_Domain;C_Domain_Beleg;C_Zuschlaege;C_Volumen;C_Plan_Vorschlag;C_Ort
BFE Studio und Medien Systeme GmbH;bfestudio.com;Mainz;4 Pruefen;kein Impressum lesbar, aber ['bfe', 'studio'] auf der Seite und 2 Kernwoerter in der Domain;Team;6;6;10907148;2024-09-09;2026-01-19;ja;720,302,315,323;Stadt Solingen | Fraport AG | Bundesrepublik Deutschland, vertreten durch das Bundesministerium der ;100;Landesbetrieb Daten und Information Rheinland-Pfalz (LDI) schreibt gerade JBoss EAP 2027 aus. Frist 19.10.2026. Dort habt ihr 10/2025 schon geliefert (https://ted.europa.eu/de/notice/698859-2025/pdf).;https://ted.europa.eu/de/notice/538898-2024/pdf;https://ted.europa.eu/de/notice/625229-2024/pdf https://ted.europa.eu/de/notice/366264-2025/pdf https://ted.europa.eu/de/notice/698859-2025/pdf;hoch, Freitext aus der Bekanntmachung, normalisiert;;;geraten, kein Impressum zum Gegenlesen, nicht anrufen;kein Impressum lesbar, aber ['bfe', 'studio'] auf der Seite und 2 Kernwoerter in der Domain;hoch, gesetzliche Bekanntmachungspflicht, TED;hoch, Wert in der Bekanntmachung;mittel, abgeleitet aus Zuschlagsfrequenz und Preisliste;mittel, Ort aus der Bekanntmachung. Das ist nicht immer der eingetragene Sitz, manchmal die Niederlassung oder der Projektort
netgo Ost GmbH;netgoost.de;Berlin;4 Pruefen;kein Impressum lesbar, aber ['netgo', 'ost'] auf der Seite und 2 Kernwoerter in der Domain;Scale;27;21;173737480;2024-01-30;2026-09-22;ja;302,488,480,722;"ProVitako Marketing- und Dienstleistungsgesellschaft der Kommunalen IT | Max-Planck-Gesellschaft z.F.d.W. Generalverwaltung; | Helios Kliniken GmbH";98;Fraunhofer-Gesellschaft - Einkauf B12 schreibt gerade Serversystem für KI Interferenz Workloads - PR1237100-3190-I aus. Frist 16.10.2026. Dort habt ihr 09/2025 schon geliefert (https://ted.europa.eu/de/notice/622533-2025/pdf).;https://ted.europa.eu/de/notice/61709-2024/pdf;https://ted.europa.eu/de/notice/93812-2024/pdf https://ted.europa.eu/de/notice/380634-2024/pdf https://ted.europa.eu/de/notice/431014-2024/pdf;hoch, Freitext aus der Bekanntmachung, normalisiert;;;geraten, kein Impressum zum Gegenlesen, nicht anrufen;kein Impressum lesbar, aber ['netgo', 'ost'] auf der Seite und 2 Kernwoerter in der Domain;hoch, gesetzliche Bekanntmachungspflicht, TED;hoch, Wert in der Bekanntmachung;mittel, abgeleitet aus Zuschlagsfrequenz und Preisliste;mittel, Ort aus der Bekanntmachung. Das ist nicht immer der eingetragene Sitz, manchmal die Niederlassung oder der Projektort
Converge Technology Solutions Germany GmbH;;Mainz;4 Pruefen;nur ['converge', 'technology'] auf der Seite, kein Impressum, zu wenig fuer einen Beleg;Scale;23;23;389994510;2025-10-20;2026-09-10;ja;302,323,720,488;Landesbetrieb Daten und Information Rheinland-Pfalz (LDI) | Rhein-Erft-Kreis | Landratsamt Ansbach - Zentrale Vergabestelle;98;Ihr Vertrag mit Stadt Halle (Saale), Fachbereich Recht, Abt. Vergabe, Team... (Lieferung von iPads und Hüllen) endet am 31.12.2026. Rahmenvertrag, die Neuausschreibung kommt.;https://ted.europa.eu/de/notice/686461-2025/pdf;https://ted.europa.eu/de/notice/766457-2025/pdf https://ted.europa.eu/de/notice/827865-2025/pdf https://ted.europa.eu/de/notice/5786-2026/pdf;hoch, Freitext aus der Bekanntmachung, normalisiert;converge.com;;offen, nicht belegbar;nur ['converge', 'technology'] auf der Seite, kein Impressum, zu wenig fuer einen Beleg;hoch, gesetzliche Bekanntmachungspflicht, TED;hoch, Wert in der Bekanntmachung;mittel, abgeleitet aus Zuschlagsfrequenz und Preisliste;mittel, Ort aus der Bekanntmachung. Das ist nicht immer der eingetragene Sitz, manchmal die Niederlassung oder der Projektort
Innovative Datensysteme GmbH indasys;;Stuttgart;4 Pruefen;Seite lebt, Firmenname kommt nicht vor;Scale;17;14;15830865;2024-03-27;2026-08-03;ja;302,726,720,725;Landkreis Breisgau-Hochschwarzwald | Stadt Aschaffenburg | Landratsamt Enzkreis;98;Landeshauptstadt Stuttgart, Haupt- und Personalamt, Abt.... schreibt gerade Weltraum-Simulationsanlage Planetarium Stuttgart aus. Frist 08.10.2026. Dort habt ihr 05/2026 schon geliefert (https://ted.europa.eu/de/notice/326329-2026/pdf).;https://ted.europa.eu/de/notice/182090-2024/pdf;https://ted.europa.eu/de/notice/553760-2024/pdf https://ted.europa.eu/de/notice/758763-2024/pdf https://ted.europa.eu/de/notice/98032-2025/pdf;hoch, Freitext aus der Bekanntmachung, normalisiert;indasys.com;;offen, nicht belegbar;Seite lebt, Firmenname kommt nicht vor;hoch, gesetzliche Bekanntmachungspflicht, TED;hoch, Wert in der Bekanntmachung;mittel, abgeleitet aus Zuschlagsfrequenz und Preisliste;mittel, Ort aus der Bekanntmachung. Das ist nicht immer der eingetragene Sitz, manchmal die Niederlassung oder der Projektort
H&G Hansen & Gieraths EDV Vertriebsgesellschaft mbH;;Bonn;4 Pruefen;kein Kandidat hat geantwortet;Scale;15;13;35513986;2024-09-05;2026-09-18;ja;302,488,300,483;KoPart eG | Deutsches Zentrum für Neurodegenerative Erkrankungen e.V. | Stadt Bergisch Gladbach;98;Ihr Vertrag mit Deutsches Zentrum für Neurodegenerative Erkrankungen e.V. (Client-Systeme) endet am 31.12.2026. Rahmenvertrag, die Neuausschreibung kommt.;https://ted.europa.eu/de/notice/532117-2024/pdf;https://ted.europa.eu/de/notice/608398-2024/pdf https://ted.europa.eu/de/notice/729691-2024/pdf https://ted.europa.eu/de/notice/774936-2024/pdf;hoch, Freitext aus der Bekanntmachung, normalisiert;;;offen, nicht belegbar;kein Kandidat hat geantwortet;hoch, gesetzliche Bekanntmachungspflicht, TED;hoch, Wert in der Bekanntmachung;mittel, abgeleitet aus Zuschlagsfrequenz und Preisliste;mittel, Ort aus der Bekanntmachung. Das ist nicht immer der eingetragene Sitz, manchmal die Niederlassung oder der Projektort
]init[ AG;;Berlin;4 Pruefen;"Domain gehoert laut Impressum zu ""DataCo GmbH""";Scale;14;13;19614557;2024-03-12;2026-08-06;ja;720,722,324,488;BARMER Beschaffung und Vergabe | byte - Bayerische Agentur für Digitales GmbH | Land Brandenburg, vertreten durch das Ministerium für Landwirtschaft, ;98;Ihr Vertrag mit BARMER Beschaffung und Vergabe (Änderung/Erweiterung 0024-Intra-WIM-2020) endet am 31.12.2026. Rahmenvertrag, die Neuausschreibung kommt.;https://ted.europa.eu/de/notice/150466-2024/pdf;https://ted.europa.eu/de/notice/160475-2024/pdf https://ted.europa.eu/de/notice/645787-2024/pdf https://ted.europa.eu/de/notice/673314-2024/pdf;hoch, Freitext aus der Bekanntmachung, normalisiert;init.de;DataCo GmbH;fraglich, Impressum nennt eine andere Firma;"Impressum nennt ""DataCo GmbH"". kein gemeinsames Wort: ['init'] gegen ['dataco']";hoch, gesetzliche Bekanntmachungspflicht, TED;hoch, Wert in der Bekanntmachung;mittel, abgeleitet aus Zuschlagsfrequenz und Preisliste;mittel, Ort aus der Bekanntmachung. Das ist nicht immer der eingetragene Sitz, manchmal die Niederlassung oder der Projektort
Kramer & Crew GmbH & Co. KG;;Köln;4 Pruefen;"Domain gehoert laut Impressum zu ""DIE CREW AG""";Scale;13;8;153567358;2024-07-02;2026-06-25;ja;480,720,722,487;Universitätsklinikum Frankfurt | Klinikum Wilhelmshaven | Stadt Münster;98;"Stadt Nürnberg - Zentrale Dienste schreibt gerade Dienstleistung ""M365 - Solution Architect /... aus. Frist 19.10.2026. Dort habt ihr 08/2025 schon geliefert (https://ted.europa.eu/de/notice/554406-2025/pdf).";https://ted.europa.eu/de/notice/392178-2024/pdf;https://ted.europa.eu/de/notice/457471-2024/pdf https://ted.europa.eu/de/notice/584482-2024/pdf https://ted.europa.eu/de/notice/793119-2024/pdf;hoch, Freitext aus der Bekanntmachung, normalisiert;crew.de;DIE CREW AG;fraglich, Impressum nennt eine andere Firma;"Impressum nennt ""DIE CREW AG"". Kennwort kommt vor, aber nicht am Anfang: ['crew'], und der Ort ""Köln"" steht nicht drin. Vermutlich eine andere Firma";hoch, gesetzliche Bekanntmachungspflicht, TED;hoch, Wert in der Bekanntmachung;mittel, abgeleitet aus Zuschlagsfrequenz und Preisliste;mittel, Ort aus der Bekanntmachung. Das ist nicht immer der eingetragene Sitz, manchmal die Niederlassung oder der Projektort
Office Partner GmbH;;Gescher;4 Pruefen;nur ['office', 'partner'] auf der Seite, kein Impressum, zu wenig fuer einen Beleg;Scale;13;8;28233561;2024-09-23;2026-09-18;ja;302,322,488;BWI GmbH | Bundesrepublik Deutschland, vertreten durch das Bundesministerium des  | Land Niedersachsen vertreten durch IT.Niedersachsen FG 24 - Zentrale V;98;Land Niedersachsen vertreten durch IT.Niedersachsen FG 24... schreibt gerade Rahmenvereinbarung Snow aus. Frist 05.10.2026. Dort habt ihr 09/2024 schon geliefert (https://ted.europa.eu/de/notice/570663-2024/pdf).;https://ted.europa.eu/de/notice/570663-2024/pdf;https://ted.europa.eu/de/notice/637976-2025/pdf https://ted.europa.eu/de/notice/837941-2025/pdf https://ted.europa.eu/de/notice/70368-2026/pdf;hoch, Freitext aus der Bekanntmachung, normalisiert;officepartner.de;;offen, nicht belegbar;nur ['office', 'partner'] auf der Seite, kein Impressum, zu wenig fuer einen Beleg;hoch, gesetzliche Bekanntmachungspflicht, TED;hoch, Wert in der Bekanntmachung;mittel, abgeleitet aus Zuschlagsfrequenz und Preisliste;mittel, Ort aus der Bekanntmachung. Das ist nicht immer der eingetragene Sitz, manchmal die Niederlassung oder der Projektort
circular Informationssysteme GmbH;;Stuttgart;4 Pruefen;kein Kandidat hat geantwortet;Scale;12;9;2117278;2024-03-25;2025-10-01;nein;302,488,480,487;LMU München, Referat VI.1 | Universität Potsdam | Freistaat Bayern vertreten durch den Bayerischen Landtag - Landtagsamt;98;Fraunhofer-Gesellschaft - Einkauf B12 schreibt gerade Serversystem für KI Interferenz Workloads - PR1237100-3190-I aus. Frist 16.10.2026. Dort habt ihr 12/2024 schon geliefert (https://ted.europa.eu/de/notice/749060-2024/pdf).;https://ted.europa.eu/de/notice/178296-2024/pdf;https://ted.europa.eu/de/notice/270146-2024/pdf https://ted.europa.eu/de/notice/598784-2024/pdf https://ted.europa.eu/de/notice/641488-2024/pdf;hoch, Freitext aus der Bekanntmachung, normalisiert;;;offen, nicht belegbar;kein Kandidat hat geantwortet;hoch, gesetzliche Bekanntmachungspflicht, TED;hoch, Wert in der Bekanntmachung;mittel, abgeleitet aus Zuschlagsfrequenz und Preisliste;mittel, Ort aus der Bekanntmachung. Das ist nicht immer der eingetragene Sitz, manchmal die Niederlassung oder der Projektort
ESG Elektroniksystem- und Logistik-GmbH;;Fürstenfeldbruck;4 Pruefen;kein Kandidat hat geantwortet;Team;9;4;1713448;2024-05-22;2026-05-27;ja;722,720,506,516;Bundesamt für Ausrüstung, Informationstechnik und Nutzung der Bundeswe | BAAINBw G2.1 | BWI GmbH;98;Bundesamt für Ausrüstung, Informationstechnik und Nutzung... schreibt gerade Beschaffung von Microsoft Lizenzen aus. Frist 21.10.2026. Dort habt ihr 02/2025 schon geliefert (https://ted.europa.eu/de/notice/105431-2025/pdf).;https://ted.europa.eu/de/notice/299581-2024/pdf;https://ted.europa.eu/de/notice/717130-2024/pdf https://ted.europa.eu/de/notice/741393-2024/pdf https://ted.europa.eu/de/notice/47131-2025/pdf;hoch, Freitext aus der Bekanntmachung, normalisiert;;;offen, nicht belegbar;kein Kandidat hat geantwortet;hoch, gesetzliche Bekanntmachungspflicht, TED;hoch, Wert in der Bekanntmachung;mittel, abgeleitet aus Zuschlagsfrequenz und Preisliste;mittel, Ort aus der Bekanntmachung. Das ist nicht immer der eingetragene Sitz, manchmal die Niederlassung oder der Projektort
4voice AG;;Hirschaid;4 Pruefen;nur ['4voice'] auf der Seite, kein Impressum, zu wenig fuer einen Beleg;Scale;8;8;4951131;2024-01-19;2026-02-10;ja;483,488,480,323;Albertinen-Krankenhaus/Albertinen-Haus gGmbH Süntelstraße 11a 22457 Ha | Evangelisches Krankenhaus Königin Elisabeth Herzberge | Krankenhausgesellschaft St. Vincenz mbH (St. Vincenz Krankenhaus Limbu;98;BG Klinikum Hamburg gGmbH schreibt gerade Individuelle Teletherapie (ITT) aus. Frist 21.10.2026. Gemeinsame Beschaffung von 12 Stellen. Dort habt ihr 03/2025 schon geliefert (https://ted.europa.eu/de/notice/162629-2025/pdf).;https://ted.europa.eu/de/notice/40255-2024/pdf;https://ted.europa.eu/de/notice/530709-2024/pdf https://ted.europa.eu/de/notice/596683-2024/pdf https://ted.europa.eu/de/notice/776841-2024/pdf;hoch, Freitext aus der Bekanntmachung, normalisiert;4voice.de;;offen, nicht belegbar;nur ['4voice'] auf der Seite, kein Impressum, zu wenig fuer einen Beleg;hoch, gesetzliche Bekanntmachungspflicht, TED;hoch, Wert in der Bekanntmachung;mittel, abgeleitet aus Zuschlagsfrequenz und Preisliste;mittel, Ort aus der Bekanntmachung. Das ist nicht immer der eingetragene Sitz, manchmal die Niederlassung oder der Projektort
URANO Informationssysteme GmbH;;Bad Kreuznach;4 Pruefen;kein Kandidat hat geantwortet;Starter;5;2;77017001;2024-02-01;2026-03-17;ja;302,720,722,796;Land Hessen, vertreten durch die Hessische Zentrale für Datenverarbeit | Zentrale Beschaffungsstelle des Landes Rheinland-Pfalz (ZBL) im Landes;98;Land Hessen, vertreten durch die Hessische Zentrale... schreibt gerade Secure-Web-Gateway-Systeme aus. Frist 05.10.2026. Dort habt ihr 03/2026 schon geliefert (https://ted.europa.eu/de/notice/184638-2026/pdf).;https://ted.europa.eu/de/notice/67309-2024/pdf;https://ted.europa.eu/de/notice/484132-2024/pdf https://ted.europa.eu/de/notice/766794-2024/pdf https://ted.europa.eu/de/notice/173236-2025/pdf;hoch, Freitext aus der Bekanntmachung, normalisiert;;;offen, nicht belegbar;kein Kandidat hat geantwortet;hoch, gesetzliche Bekanntmachungspflicht, TED;hoch, Wert in der Bekanntmachung;mittel, abgeleitet aus Zuschlagsfrequenz und Preisliste;mittel, Ort aus der Bekanntmachung. Das ist nicht immer der eingetragene Sitz, manchmal die Niederlassung oder der Projektort
SHC Netzwerktechnik GmbH;;Frankfurt a.M.;4 Pruefen;kein Kandidat hat geantwortet;Team;3;3;243112;2025-03-07;2026-08-03;ja;722,487;Bundesamt für Ausrüstung, Informationstechnik und Nutzung der Bundeswe | Philipps-Universität Marburg | Museum für Naturkunde Leibniz-Institut für Evolutions- und Biodiversit;98;Ihr Vertrag mit Bundesamt für Ausrüstung, Informationstechnik und Nutzung... (OPCIS - Zentrale Infrastruktur) endet am 31.12.2026. Rahmenvertrag, die Neuausschreibung kommt.;https://ted.europa.eu/de/notice/150335-2025/pdf;https://ted.europa.eu/de/notice/828878-2025/pdf https://ted.europa.eu/de/notice/533509-2026/pdf;hoch, Freitext aus der Bekanntmachung, normalisiert;;;offen, nicht belegbar;kein Kandidat hat geantwortet;hoch, gesetzliche Bekanntmachungspflicht, TED;hoch, Wert in der Bekanntmachung;mittel, abgeleitet aus Zuschlagsfrequenz und Preisliste;mittel, Ort aus der Bekanntmachung. Das ist nicht immer der eingetragene Sitz, manchmal die Niederlassung oder der Projektort
netgo group GmbH;;Berlin;4 Pruefen;nur ['netgo'] auf der Seite, kein Impressum, zu wenig fuer einen Beleg;Starter;3;2;539069918;2025-02-27;2026-07-02;ja;488,722,324,720;Dataport AöR | WirtschaftsEntwicklungsGesellschaft Bochum mbH;98;Dataport AöR schreibt gerade Rahmenvertrag Standardsoftware aus. Frist 20.10.2026. Dort habt ihr 07/2026 schon geliefert (https://ted.europa.eu/de/notice/454263-2026/pdf).;https://ted.europa.eu/de/notice/130254-2025/pdf;https://ted.europa.eu/de/notice/155515-2026/pdf https://ted.europa.eu/de/notice/454263-2026/pdf;hoch, Freitext aus der Bekanntmachung, normalisiert;netgo.de;;offen, nicht belegbar;nur ['netgo'] auf der Seite, kein Impressum, zu wenig fuer einen Beleg;hoch, gesetzliche Bekanntmachungspflicht, TED;hoch, Wert in der Bekanntmachung;mittel, abgeleitet aus Zuschlagsfrequenz und Preisliste;mittel, Ort aus der Bekanntmachung. Das ist nicht immer der eingetragene Sitz, manchmal die Niederlassung oder der Projektort
MR Datentechnik Vertriebs- und Service GmbH;;Nürnberg;4 Pruefen;nur ['mr'] auf der Seite, kein Impressum, zu wenig fuer einen Beleg;Scale;25;22;36884326;2024-01-09;2026-09-28;ja;302,488,301,486;Stadt Regensburg | Stadt Würzburg | Stadt Bayreuth Amt für Informationstechnik;93;Technische Universität Ilmenau, Dezernat Finanzen, Zentrale... schreibt gerade Standard VM-Ware ESX Server inkl. 5 Jahre Wartung aus. Frist 10.11.2026. Dort habt ihr 09/2026 schon geliefert (https://ted.europa.eu/de/notice/664907-2026/pdf).;https://ted.europa.eu/de/notice/13390-2024/pdf;https://ted.europa.eu/de/notice/286339-2024/pdf https://ted.europa.eu/de/notice/302053-2024/pdf https://ted.europa.eu/de/notice/312574-2024/pdf;hoch, Freitext aus der Bekanntmachung, normalisiert;mr-datentechnik.de;;offen, nicht belegbar;nur ['mr'] auf der Seite, kein Impressum, zu wenig fuer einen Beleg;hoch, gesetzliche Bekanntmachungspflicht, TED;hoch, Wert in der Bekanntmachung;mittel, abgeleitet aus Zuschlagsfrequenz und Preisliste;mittel, Ort aus der Bekanntmachung. Das ist nicht immer der eingetragene Sitz, manchmal die Niederlassung oder der Projektort
pro-com DATENSYSTEME GmbH;;Eislingen;4 Pruefen;"Domain gehoert laut Impressum zu ""ProCom Automation GmbH""";Scale;19;12;63457146;2024-02-14;2026-09-09;ja;302,300,324,486;Kerntechnische Entsorgung Karlsruhe GmbH | Karlsruher Institut für Technologie | Universität Stuttgart;93;Universität Stuttgart schreibt gerade Beschaffung und Implementierung einer... aus. Dort habt ihr 02/2024 schon geliefert (https://ted.europa.eu/de/notice/94175-2024/pdf).;https://ted.europa.eu/de/notice/94175-2024/pdf;https://ted.europa.eu/de/notice/94389-2024/pdf https://ted.europa.eu/de/notice/96235-2024/pdf https://ted.europa.eu/de/notice/513439-2024/pdf;hoch, Freitext aus der Bekanntmachung, normalisiert;procom.eu;ProCom Automation GmbH;fraglich, Impressum nennt eine andere Firma;"Impressum nennt ""ProCom Automation GmbH"". kein gemeinsames Wort: ['datensysteme'] gegen ['procom', 'automation']";hoch, gesetzliche Bekanntmachungspflicht, TED;hoch, Wert in der Bekanntmachung;mittel, abgeleitet aus Zuschlagsfrequenz und Preisliste;mittel, Ort aus der Bekanntmachung. Das ist nicht immer der eingetragene Sitz, manchmal die Niederlassung oder der Projektort
SHD System-Haus-Dresden GmbH;;Dresden;4 Pruefen;kein Kandidat hat geantwortet;Scale;14;13;36167958;2024-03-18;2026-07-28;ja;302,488,487,480;Stiftung Humboldt Forum im Berliner Schloss | Landeshauptstadt Dresden, GB Bildung, Jugend und Sport, Amt für Schule | Landkreis Wittenberg;93;Hamburger Energienetze GmbH schreibt gerade Entsorgung Alt-Hardware aus. Dort habt ihr 06/2026 schon geliefert (https://ted.europa.eu/de/notice/439598-2026/pdf).;https://ted.europa.eu/de/notice/160568-2024/pdf;https://ted.europa.eu/de/notice/169638-2024/pdf https://ted.europa.eu/de/notice/222690-2024/pdf https://ted.europa.eu/de/notice/447343-2024/pdf;hoch, Freitext aus der Bekanntmachung, normalisiert;;;offen, nicht belegbar;kein Kandidat hat geantwortet;hoch, gesetzliche Bekanntmachungspflicht, TED;hoch, Wert in der Bekanntmachung;mittel, abgeleitet aus Zuschlagsfrequenz und Preisliste;mittel, Ort aus der Bekanntmachung. Das ist nicht immer der eingetragene Sitz, manchmal die Niederlassung oder der Projektort
dynasys Datentechnik GmbH;;Augsburg;4 Pruefen;nur ['dynasys'] auf der Seite, kein Impressum, zu wenig fuer einen Beleg;Team;6;3;3694016;2024-06-11;2026-07-27;ja;302,482,300,720;Landkreis Augsburg - Vergabestelle | Landkreis Aichach-Friedberg | Schulwerk der Diözese Augsburg (kirchliche Stiftung d.Ö.R.);93;Schulwerk der Diözese Augsburg (kirchliche Stiftung d.Ö.R.) schreibt gerade Tablets mit iPadOS aus. Frist 05.11.2026. Dort habt ihr 04/2026 schon geliefert (https://ted.europa.eu/de/notice/255973-2026/pdf).;https://ted.europa.eu/de/notice/344109-2024/pdf;https://ted.europa.eu/de/notice/572578-2024/pdf https://ted.europa.eu/de/notice/345603-2025/pdf https://ted.europa.eu/de/notice/396043-2025/pdf;hoch, Freitext aus der Bekanntmachung, normalisiert;dynasys.de;;offen, nicht belegbar;nur ['dynasys'] auf der Seite, kein Impressum, zu wenig fuer einen Beleg;hoch, gesetzliche Bekanntmachungspflicht, TED;hoch, Wert in der Bekanntmachung;mittel, abgeleitet aus Zuschlagsfrequenz und Preisliste;mittel, Ort aus der Bekanntmachung. Das ist nicht immer der eingetragene Sitz, manchmal die Niederlassung oder der Projektort
WTG communication GmbH;;Waghäusel;4 Pruefen;kein Kandidat hat geantwortet;Team;5;5;2330883;2024-08-29;2026-06-04;ja;722,720,302,480;Wald und Holz NRW | Deutscher Wetterdienst | Kreis Unna - Der Landrat;93;Deutscher Wetterdienst schreibt gerade Ersatz der Datenserversysteme aus. Dort habt ihr 11/2024 schon geliefert (https://ted.europa.eu/de/notice/677117-2024/pdf).;https://ted.europa.eu/de/notice/519918-2024/pdf;https://ted.europa.eu/de/notice/677117-2024/pdf https://ted.europa.eu/de/notice/355918-2025/pdf https://ted.europa.eu/de/notice/353923-2026/pdf;hoch, Freitext aus der Bekanntmachung, normalisiert;;;offen, nicht belegbar;kein Kandidat hat geantwortet;hoch, gesetzliche Bekanntmachungspflicht, TED;hoch, Wert in der Bekanntmachung;mittel, abgeleitet aus Zuschlagsfrequenz und Preisliste;mittel, Ort aus der Bekanntmachung. Das ist nicht immer der eingetragene Sitz, manchmal die Niederlassung oder der Projektort
Pan Dacom Networking AG;;Dreieich-Sprendlingen;4 Pruefen;nur ['pan'] auf der Seite, kein Impressum, zu wenig fuer einen Beleg;Team;3;3;2474481;2024-08-19;2026-04-21;ja;324,482,488,503;GSI Helmholtzzentrum für Schwerionenforschung GmbH | Hochschule Merseburg Körperschaft des Öffentlichen Rechts | Hochschule Merseburg;93;GSI Helmholtzzentrum für Schwerionenforschung GmbH schreibt gerade Ertüchtigung & Erweiterung der MSR-Technik-Green IT-Cube aus. Frist 03.11.2026. Dort habt ihr 08/2024 schon geliefert (https://ted.europa.eu/de/notice/496796-2024/pdf).;https://ted.europa.eu/de/notice/496796-2024/pdf;https://ted.europa.eu/de/notice/869338-2025/pdf https://ted.europa.eu/de/notice/271400-2026/pdf;hoch, Freitext aus der Bekanntmachung, normalisiert;pandacom.net;;offen, nicht belegbar;nur ['pan'] auf der Seite, kein Impressum, zu wenig fuer einen Beleg;hoch, gesetzliche Bekanntmachungspflicht, TED;hoch, Wert in der Bekanntmachung;mittel, abgeleitet aus Zuschlagsfrequenz und Preisliste;mittel, Ort aus der Bekanntmachung. Das ist nicht immer der eingetragene Sitz, manchmal die Niederlassung oder der Projektort
nds Netzwerksysteme GmbH;;Metzingen;4 Pruefen;"Domain gehoert laut Impressum zu ""Wahl GmbH""";Starter;2;2;942569;2024-11-22;2026-08-28;ja;323,302,516,720;Stadt Göppingen | Kassenärztliche Vereinigung Baden-Württemberg;93;Kassenärztliche Vereinigung Baden-Württemberg schreibt gerade Rahmenvertrag Dienstleistung PET-Entwicklung aus. Frist 03.11.2026. Dort habt ihr 08/2026 schon geliefert (https://ted.europa.eu/de/notice/595557-2026/pdf).;https://ted.europa.eu/de/notice/714403-2024/pdf;https://ted.europa.eu/de/notice/595557-2026/pdf;hoch, Freitext aus der Bekanntmachung, normalisiert;nds-systemhaus.de;Wahl GmbH;fraglich, Impressum nennt eine andere Firma;"Impressum nennt ""Wahl GmbH"". kein gemeinsames Wort: ['nds', 'netzwerksysteme'] gegen ['wahl']";hoch, gesetzliche Bekanntmachungspflicht, TED;hoch, Wert in der Bekanntmachung;mittel, abgeleitet aus Zuschlagsfrequenz und Preisliste;mittel, Ort aus der Bekanntmachung. Das ist nicht immer der eingetragene Sitz, manchmal die Niederlassung oder der Projektort
interface systems GmbH;interfacesystems.com;Dresden;4 Pruefen;kein Impressum lesbar, aber ['interface', 'systems'] auf der Seite und 2 Kernwoerter in der Domain;Scale;24;20;216340835;2024-03-05;2026-08-04;ja;302,480,488,482;Technische Universität Dresden, Dezernat Finanzen und Beschaffung, Sac | Technische Universität Chemnitz | Erzgebirgsklinikum gGmbH;90;Dataport AöR schreibt gerade Rahmenvertrag Standardsoftware aus. Frist 20.10.2026. Dort habt ihr 11/2025 schon geliefert (https://ted.europa.eu/de/notice/742199-2025/pdf).;https://ted.europa.eu/de/notice/134412-2024/pdf;https://ted.europa.eu/de/notice/355271-2024/pdf https://ted.europa.eu/de/notice/393621-2024/pdf https://ted.europa.eu/de/notice/411768-2024/pdf;hoch, Freitext aus der Bekanntmachung, normalisiert;;;geraten, kein Impressum zum Gegenlesen, nicht anrufen;kein Impressum lesbar, aber ['interface', 'systems'] auf der Seite und 2 Kernwoerter in der Domain;hoch, gesetzliche Bekanntmachungspflicht, TED;hoch, Wert in der Bekanntmachung;mittel, abgeleitet aus Zuschlagsfrequenz und Preisliste;mittel, Ort aus der Bekanntmachung. Das ist nicht immer der eingetragene Sitz, manchmal die Niederlassung oder der Projektort
Advanced UniByte GmbH;;Metzingen;4 Pruefen;nur ['unibyte'] auf der Seite, kein Impressum, zu wenig fuer einen Beleg;Scale;13;11;19938262;2024-06-14;2026-07-08;ja;302,488,723,480;Fraunhofer-Gesellschaft - Einkauf B12 | Stadt Bayreuth Amt für Informationstechnik | Fraunhofer-Gesellschaft zur Förderung der angewandten Forschung Einkau;90;Fraunhofer-Gesellschaft - Einkauf B12 schreibt gerade Serversystem für KI Interferenz Workloads - PR1237100-3190-I aus. Frist 16.10.2026. Dort habt ihr 12/2025 schon geliefert (https://ted.europa.eu/de/notice/802459-2025/pdf).;https://ted.europa.eu/de/notice/352704-2024/pdf;https://ted.europa.eu/de/notice/508231-2024/pdf https://ted.europa.eu/de/notice/568275-2024/pdf https://ted.europa.eu/de/notice/630150-2024/pdf;hoch, Freitext aus der Bekanntmachung, normalisiert;unibyte.com;;offen, nicht belegbar;nur ['unibyte'] auf der Seite, kein Impressum, zu wenig fuer einen Beleg;hoch, gesetzliche Bekanntmachungspflicht, TED;hoch, Wert in der Bekanntmachung;mittel, abgeleitet aus Zuschlagsfrequenz und Preisliste;mittel, Ort aus der Bekanntmachung. Das ist nicht immer der eingetragene Sitz, manchmal die Niederlassung oder der Projektort
Enterprise Communications & Services GmbH;;Leipzig;4 Pruefen;nur ['communications', 'enterprise'] auf der Seite, kein Impressum, zu wenig fuer einen Beleg;Scale;11;11;34322528;2024-02-08;2025-03-07;nein;302,324,482,480;Zentrale Vergabestelle im Bayerischen Landesamt für Steuern | Stadt Oberhausen Dezernat 4 / Bereich 4-4, IT | Landkreis Eichsfeld - Zentrale Vergabestelle;90;Zentrale Vergabestelle im Bayerischen Landesamt für Steuern schreibt gerade KI-Server 2026 aus. Frist 16.10.2026. Dort habt ihr 02/2024 schon geliefert (https://ted.europa.eu/de/notice/82973-2024/pdf).;https://ted.europa.eu/de/notice/82973-2024/pdf;https://ted.europa.eu/de/notice/354802-2024/pdf https://ted.europa.eu/de/notice/397945-2024/pdf https://ted.europa.eu/de/notice/411267-2024/pdf;hoch, Freitext aus der Bekanntmachung, normalisiert;enterprisecommunications.net;;offen, nicht belegbar;nur ['communications', 'enterprise'] auf der Seite, kein Impressum, zu wenig fuer einen Beleg;hoch, gesetzliche Bekanntmachungspflicht, TED;hoch, Wert in der Bekanntmachung;mittel, abgeleitet aus Zuschlagsfrequenz und Preisliste;mittel, Ort aus der Bekanntmachung. Das ist nicht immer der eingetragene Sitz, manchmal die Niederlassung oder der Projektort
ACP TechRent GmbH;;Wien;4 Pruefen;kein Kandidat hat geantwortet;Scale;11;11;9537825;2024-05-16;2026-02-23;ja;302,480,300,323;Landkreis Neu-Ulm | Stadt Harsewinkel Zentrale Vergabestelle | Landkreis Göppingen;90;ProVitako Marketing- und Dienstleistungsgesellschaft... schreibt gerade Basis-Virtualisierung aus. Frist 12.10.2026. Dort habt ihr 02/2026 schon geliefert (https://ted.europa.eu/de/notice/127075-2026/pdf).;https://ted.europa.eu/de/notice/289354-2024/pdf;https://ted.europa.eu/de/notice/345853-2024/pdf https://ted.europa.eu/de/notice/358963-2024/pdf https://ted.europa.eu/de/notice/710740-2024/pdf;hoch, Freitext aus der Bekanntmachung, normalisiert;;;offen, nicht belegbar;kein Kandidat hat geantwortet;hoch, gesetzliche Bekanntmachungspflicht, TED;hoch, Wert in der Bekanntmachung;mittel, abgeleitet aus Zuschlagsfrequenz und Preisliste;mittel, Ort aus der Bekanntmachung. Das ist nicht immer der eingetragene Sitz, manchmal die Niederlassung oder der Projektort
primeLine Solutions GmbH;;Bad Oeynhausen;4 Pruefen;nur ['primeline'] auf der Seite, kein Impressum, zu wenig fuer einen Beleg;Scale;11;10;3693806;2024-02-21;2026-07-02;ja;488,302,480,486;Universität Münster | Stadt Freiburg i. Br. - Vergabemanagement | Max-Planck-Gesellschaft zur Förderung der Wissenschaften e.V., Max-Pla;90;Helmholtz-Zentrum Dresden-Rossendorf e. V. schreibt gerade Rahmenvereinbarung Proxmox aus. Frist 19.10.2026. Gemeinsame Beschaffung von 13 Stellen. Dort habt ihr 10/2025 schon geliefert (https://ted.europa.eu/de/notice/655639-2025/pdf).;https://ted.europa.eu/de/notice/108293-2024/pdf;https://ted.europa.eu/de/notice/362896-2024/pdf https://ted.europa.eu/de/notice/639270-2024/pdf https://ted.europa.eu/de/notice/762828-2024/pdf;hoch, Freitext aus der Bekanntmachung, normalisiert;primeline-solutions.net;;offen, nicht belegbar;nur ['primeline'] auf der Seite, kein Impressum, zu wenig fuer einen Beleg;hoch, gesetzliche Bekanntmachungspflicht, TED;hoch, Wert in der Bekanntmachung;mittel, abgeleitet aus Zuschlagsfrequenz und Preisliste;mittel, Ort aus der Bekanntmachung. Das ist nicht immer der eingetragene Sitz, manchmal die Niederlassung oder der Projektort
IS4IT GmbH;;Oberhaching;4 Pruefen;nur ['is4it'] auf der Seite, kein Impressum, zu wenig fuer einen Beleg;Scale;10;10;3150355;2024-01-31;2026-07-13;ja;302,720,301,323;Landratsamt Ansbach - Zentrale Vergabestelle | Zweckverband berufliche Schulen Landshut | Landkreis Freising;90;Stadt Trier schreibt gerade 44EU/26 Austausch und Erweiterung der Core-Netz-Komponenten aus. Frist 13.10.2026. Dort habt ihr 02/2026 schon geliefert (https://ted.europa.eu/de/notice/79325-2026/pdf).;https://ted.europa.eu/de/notice/64033-2024/pdf;https://ted.europa.eu/de/notice/121307-2024/pdf https://ted.europa.eu/de/notice/137952-2024/pdf https://ted.europa.eu/de/notice/260589-2024/pdf;hoch, Freitext aus der Bekanntmachung, normalisiert;is4it.com;;offen, nicht belegbar;nur ['is4it'] auf der Seite, kein Impressum, zu wenig fuer einen Beleg;hoch, gesetzliche Bekanntmachungspflicht, TED;hoch, Wert in der Bekanntmachung;mittel, abgeleitet aus Zuschlagsfrequenz und Preisliste;mittel, Ort aus der Bekanntmachung. Das ist nicht immer der eingetragene Sitz, manchmal die Niederlassung oder der Projektort
Hugo Hamann GmbH & Co. KG;hugohamann.de;Kiel;4 Pruefen;kein Impressum lesbar, aber ['hamann', 'hugo'] auf der Seite und 2 Kernwoerter in der Domain;Scale;10;10;4374230;2024-06-13;2026-07-15;ja;302,516,483,301;Stadt Bargteheide | Elly-Heuss-Knapp-Schule, RBZ der Stadt Neumünster AöR | Hochschule für nachhaltige Entwicklung Eberswalde;90;Handwerkskammer Braunschweig-Lüneburg-Stade schreibt gerade VgV, TZH Lüneburg, Digitalisierung BAFA, Block 1, LV 7 aus. Frist 06.10.2026. Dort habt ihr 06/2026 schon geliefert (https://ted.europa.eu/de/notice/414349-2026/pdf).;https://ted.europa.eu/de/notice/349349-2024/pdf;https://ted.europa.eu/de/notice/490203-2024/pdf https://ted.europa.eu/de/notice/741517-2024/pdf https://ted.europa.eu/de/notice/184006-2025/pdf;hoch, Freitext aus der Bekanntmachung, normalisiert;;;geraten, kein Impressum zum Gegenlesen, nicht anrufen;kein Impressum lesbar, aber ['hamann', 'hugo'] auf der Seite und 2 Kernwoerter in der Domain;hoch, gesetzliche Bekanntmachungspflicht, TED;hoch, Wert in der Bekanntmachung;mittel, abgeleitet aus Zuschlagsfrequenz und Preisliste;mittel, Ort aus der Bekanntmachung. Das ist nicht immer der eingetragene Sitz, manchmal die Niederlassung oder der Projektort
fernao magellan GmbH;;Köln;4 Pruefen;"Domain gehoert laut Impressum zu ""AXIANS Deutschland NW&S GmbH""";Scale;10;8;3002104;2024-08-14;2025-07-10;nein;480,720,487,302;Klinikum Dortmund gGmbH | Essener Systemhaus | Klinikum der Landeshauptstadt Stuttgart gKAöR;90;Essener Systemhaus schreibt gerade Beschaffung einer Lösung zur Standardisierten Notrufabfrage... aus. Frist 15.10.2026. Dort habt ihr 07/2025 schon geliefert (https://ted.europa.eu/de/notice/448925-2025/pdf).;https://ted.europa.eu/de/notice/489084-2024/pdf;https://ted.europa.eu/de/notice/494129-2024/pdf https://ted.europa.eu/de/notice/563463-2024/pdf https://ted.europa.eu/de/notice/643703-2024/pdf;hoch, Freitext aus der Bekanntmachung, normalisiert;fernao.com;AXIANS Deutschland NW&S GmbH;fraglich, Impressum nennt eine andere Firma;"Impressum nennt ""AXIANS Deutschland NW&S GmbH"". kein gemeinsames Wort: ['fernao', 'magellan'] gegen ['axians', 'nw']";hoch, gesetzliche Bekanntmachungspflicht, TED;hoch, Wert in der Bekanntmachung;mittel, abgeleitet aus Zuschlagsfrequenz und Preisliste;mittel, Ort aus der Bekanntmachung. Das ist nicht immer der eingetragene Sitz, manchmal die Niederlassung oder der Projektort
secunet Security Networks AG;;Essen;4 Pruefen;nur ['secunet'] auf der Seite, kein Impressum, zu wenig fuer einen Beleg;Team;10;7;9561557;2024-01-23;2026-07-29;ja;720,480,302,503;Bundesrepublik Deutschland, vertreten durch das Bundesministerium des  | Zentrale Polizeidirektion Niedersachsen | Bundesamt für Auswärtige Angelegenheiten;90;Bundesrepublik Deutschland, vertreten durch... schreibt gerade Nachhaltige Notebooks (produktneutral) der Kategorie... aus. Frist 20.10.2026. Dort habt ihr 04/2025 schon geliefert (https://ted.europa.eu/de/notice/225666-2025/pdf).;https://ted.europa.eu/de/notice/45820-2024/pdf;https://ted.europa.eu/de/notice/484230-2024/pdf https://ted.europa.eu/de/notice/5207-2025/pdf https://ted.europa.eu/de/notice/225666-2025/pdf;hoch, Freitext aus der Bekanntmachung, normalisiert;secunet.de;;offen, nicht belegbar;nur ['secunet'] auf der Seite, kein Impressum, zu wenig fuer einen Beleg;hoch, gesetzliche Bekanntmachungspflicht, TED;hoch, Wert in der Bekanntmachung;mittel, abgeleitet aus Zuschlagsfrequenz und Preisliste;mittel, Ort aus der Bekanntmachung. Das ist nicht immer der eingetragene Sitz, manchmal die Niederlassung oder der Projektort
DATAGROUP Stuttgart GmbH;;Pliezhausen;4 Pruefen;"Domain gehoert laut Impressum zu ""AXA Versicherung AG""";Team;9;6;18580837;2024-02-27;2026-09-07;ja;722,720,751,302;NVBW - Nahverkehrsgesellschaft Baden-Württemberg mbH | Land Baden-Württemberg vertreten durch die IT-Baden-Württemberg (BITBW | Land Baden-Württemberg vertreten durch die IT Baden-Württemberg;90;Dataport AöR schreibt gerade Rahmenvertrag Standardsoftware aus. Frist 20.10.2026. Dort habt ihr 03/2026 schon geliefert (https://ted.europa.eu/de/notice/215773-2026/pdf).;https://ted.europa.eu/de/notice/118403-2024/pdf;https://ted.europa.eu/de/notice/591699-2024/pdf https://ted.europa.eu/de/notice/130968-2025/pdf https://ted.europa.eu/de/notice/131435-2025/pdf;hoch, Freitext aus der Bekanntmachung, normalisiert;datagroup.de;AXA Versicherung AG;fraglich, Impressum nennt eine andere Firma;"Impressum nennt ""AXA Versicherung AG"". kein gemeinsames Wort: ['datagroup', 'stuttgart'] gegen ['axa', 'versicherung']";hoch, gesetzliche Bekanntmachungspflicht, TED;hoch, Wert in der Bekanntmachung;mittel, abgeleitet aus Zuschlagsfrequenz und Preisliste;mittel, Ort aus der Bekanntmachung. Das ist nicht immer der eingetragene Sitz, manchmal die Niederlassung oder der Projektort
scitech it solutions GmbH;;Hennigsdorf;4 Pruefen;Seite lebt, Firmenname kommt nicht vor;Team;8;4;4990027;2024-07-04;2026-06-05;ja;488,302,723,503;Zentraler IT-Dienstleister der Justiz des Landes Brandenburg | Landkreis Wittenberg | Oberhavel Kliniken GmbH;90;Berliner Feuerwehr schreibt gerade Gamifizierte Lösungen für RESILIA Innohub aus. Frist 23.10.2026. Dort habt ihr 05/2025 schon geliefert (https://ted.europa.eu/de/notice/345369-2025/pdf).;https://ted.europa.eu/de/notice/397304-2024/pdf;https://ted.europa.eu/de/notice/708773-2024/pdf https://ted.europa.eu/de/notice/104206-2025/pdf https://ted.europa.eu/de/notice/306430-2025/pdf;hoch, Freitext aus der Bekanntmachung, normalisiert;scitechit.com;;offen, nicht belegbar;Seite lebt, Firmenname kommt nicht vor;hoch, gesetzliche Bekanntmachungspflicht, TED;hoch, Wert in der Bekanntmachung;mittel, abgeleitet aus Zuschlagsfrequenz und Preisliste;mittel, Ort aus der Bekanntmachung. Das ist nicht immer der eingetragene Sitz, manchmal die Niederlassung oder der Projektort
MUP Bürohandels GmbH;;Fulda;4 Pruefen;kein Kandidat hat geantwortet;Team;7;7;21086454;2024-08-30;2026-08-25;ja;301,300,480,302;Rundfunk Berlin-Brandenburg | Bundesamt für Infrastruktur, Umweltschutz und Dienstleistungen der Bun | AMEOS Klinikum Bernburg GmbH;90;Rundfunk Berlin-Brandenburg schreibt gerade Beratungs- und Entwicklungsleistungen aus. Frist 14.10.2026. Dort habt ihr 08/2024 schon geliefert (https://ted.europa.eu/de/notice/520862-2024/pdf).;https://ted.europa.eu/de/notice/520862-2024/pdf;https://ted.europa.eu/de/notice/586112-2024/pdf https://ted.europa.eu/de/notice/674855-2024/pdf https://ted.europa.eu/de/notice/754850-2024/pdf;hoch, Freitext aus der Bekanntmachung, normalisiert;;;offen, nicht belegbar;kein Kandidat hat geantwortet;hoch, gesetzliche Bekanntmachungspflicht, TED;hoch, Wert in der Bekanntmachung;mittel, abgeleitet aus Zuschlagsfrequenz und Preisliste;mittel, Ort aus der Bekanntmachung. Das ist nicht immer der eingetragene Sitz, manchmal die Niederlassung oder der Projektort
Systempartner IT-Vertriebs GmbH & Co. KG;;Lüneburg;4 Pruefen;nur ['systempartner'] auf der Seite, kein Impressum, zu wenig fuer einen Beleg;Team;7;2;58000;2024-02-01;2026-06-09;ja;302,722,488,485;Handwerkskammer Braunschweig-Lüneburg-Stade | Zentrale Vergabestelle - Kooperation Landkreis Lüneburg - Harburg;90;Handwerkskammer Braunschweig-Lüneburg-Stade schreibt gerade VgV, TZH Lüneburg, Digitalisierung BAFA, Block 1, LV 7 aus. Frist 06.10.2026. Dort habt ihr 06/2026 schon geliefert (https://ted.europa.eu/de/notice/392788-2026/pdf).;https://ted.europa.eu/de/notice/67522-2024/pdf;https://ted.europa.eu/de/notice/76442-2024/pdf https://ted.europa.eu/de/notice/88125-2024/pdf https://ted.europa.eu/de/notice/245967-2024/pdf;hoch, Freitext aus der Bekanntmachung, normalisiert;systempartner.eu;;offen, nicht belegbar;nur ['systempartner'] auf der Seite, kein Impressum, zu wenig fuer einen Beleg;hoch, gesetzliche Bekanntmachungspflicht, TED;hoch, Wert in der Bekanntmachung;mittel, abgeleitet aus Zuschlagsfrequenz und Preisliste;mittel, Ort aus der Bekanntmachung. Das ist nicht immer der eingetragene Sitz, manchmal die Niederlassung oder der Projektort
Axians IT Security GmbH;;Hamburg;4 Pruefen;nur ['axians'] auf der Seite, kein Impressum, zu wenig fuer einen Beleg;Team;6;6;1781990;2025-03-04;2026-07-22;ja;480,302,487,720;Eigenbetrieb Kommunale Objektbewirtschaftung und -entwicklung der Hans | Fernleitungs-Betriebsgesellschaft mbH | Universitätsklinikum Hamburg-Eppendorf;90;ÜSTRA Hannoversche Verkehrsbetriebe Aktiengesellschaft schreibt gerade ÜSTRA C-ITS OBU KOM aus. Frist 16.10.2026. Dort habt ihr 04/2026 schon geliefert (https://ted.europa.eu/de/notice/250483-2026/pdf).;https://ted.europa.eu/de/notice/142273-2025/pdf;https://ted.europa.eu/de/notice/601309-2025/pdf https://ted.europa.eu/de/notice/689770-2025/pdf https://ted.europa.eu/de/notice/250483-2026/pdf;hoch, Freitext aus der Bekanntmachung, normalisiert;axians.de;;offen, nicht belegbar;nur ['axians'] auf der Seite, kein Impressum, zu wenig fuer einen Beleg;hoch, gesetzliche Bekanntmachungspflicht, TED;hoch, Wert in der Bekanntmachung;mittel, abgeleitet aus Zuschlagsfrequenz und Preisliste;mittel, Ort aus der Bekanntmachung. Das ist nicht immer der eingetragene Sitz, manchmal die Niederlassung oder der Projektort
H&G Hansen & Gieraths EDV Vetriebsgesellschaft mbH;;Bonn;4 Pruefen;kein Kandidat hat geantwortet;Team;5;5;1274933;2024-11-08;2026-09-08;ja;488,487,720,302;Sekretariat der Kultusministerkonferenz | Techniker Krankenkasse | Stadtverwaltung Frankenthal (Pfalz);90;Land Niedersachsen vertreten durch IT.Niedersachsen FG 24... schreibt gerade Rahmenvereinbarung Snow aus. Frist 05.10.2026. Dort habt ihr 03/2026 schon geliefert (https://ted.europa.eu/de/notice/154383-2026/pdf).;https://ted.europa.eu/de/notice/680924-2024/pdf;https://ted.europa.eu/de/notice/789651-2024/pdf https://ted.europa.eu/de/notice/715687-2025/pdf https://ted.europa.eu/de/notice/154383-2026/pdf;hoch, Freitext aus der Bekanntmachung, normalisiert;;;offen, nicht belegbar;kein Kandidat hat geantwortet;hoch, gesetzliche Bekanntmachungspflicht, TED;hoch, Wert in der Bekanntmachung;mittel, abgeleitet aus Zuschlagsfrequenz und Preisliste;mittel, Ort aus der Bekanntmachung. Das ist nicht immer der eingetragene Sitz, manchmal die Niederlassung oder der Projektort
DATAGROUP Frankfurt GmbH;;Neu-Isenburg;4 Pruefen;"Domain gehoert laut Impressum zu ""AXA Versicherung AG""";Team;5;5;6752095;2025-02-04;2026-02-23;ja;488,720,487,480;DB Systel GmbH (Bukr 2B, 44) | Mainova AG | ALDB GmbH;90;ALDB GmbH schreibt gerade Erbringung von Dienstleistungen eines externen... aus. Frist 23.10.2026. Dort habt ihr 12/2025 schon geliefert (https://ted.europa.eu/de/notice/816204-2025/pdf).;https://ted.europa.eu/de/notice/76021-2025/pdf;https://ted.europa.eu/de/notice/641537-2025/pdf https://ted.europa.eu/de/notice/816204-2025/pdf https://ted.europa.eu/de/notice/75923-2026/pdf;hoch, Freitext aus der Bekanntmachung, normalisiert;datagroup-frankfurt.de;AXA Versicherung AG;fraglich, Impressum nennt eine andere Firma;"Impressum nennt ""AXA Versicherung AG"". kein gemeinsames Wort: ['datagroup', 'frankfurt'] gegen ['axa', 'versicherung']";hoch, gesetzliche Bekanntmachungspflicht, TED;hoch, Wert in der Bekanntmachung;mittel, abgeleitet aus Zuschlagsfrequenz und Preisliste;mittel, Ort aus der Bekanntmachung. Das ist nicht immer der eingetragene Sitz, manchmal die Niederlassung oder der Projektort
KST Moschkau GmbH;;Kreuzau;4 Pruefen;geparkte oder zum Verkauf stehende Domain;Team;5;3;959805;2024-02-15;2025-01-21;nein;302,323,488,722;Eigenbetrieb Kommunale Objektbewirtschaftung und -entwicklung der Hans | Ministerium des Innern und für Kommunales des Landes Brandenburg | Bundesamt für Ausrüstung, Informationstechnik und Nutzung der Bundeswe;90;Bundesamt für Ausrüstung, Informationstechnik und Nutzung... schreibt gerade Beschaffung von Microsoft Lizenzen aus. Frist 21.10.2026. Dort habt ihr 01/2025 schon geliefert (https://ted.europa.eu/de/notice/41834-2025/pdf).;https://ted.europa.eu/de/notice/95759-2024/pdf;https://ted.europa.eu/de/notice/100368-2024/pdf https://ted.europa.eu/de/notice/102479-2024/pdf https://ted.europa.eu/de/notice/410888-2024/pdf;hoch, Freitext aus der Bekanntmachung, normalisiert;kst-moschkau.de;;offen, nicht belegbar;geparkte oder zum Verkauf stehende Domain;hoch, gesetzliche Bekanntmachungspflicht, TED;hoch, Wert in der Bekanntmachung;mittel, abgeleitet aus Zuschlagsfrequenz und Preisliste;mittel, Ort aus der Bekanntmachung. Das ist nicht immer der eingetragene Sitz, manchmal die Niederlassung oder der Projektort
Helmich IT-Security GmbH;;Marl;4 Pruefen;nur ['helmich', 'security'] auf der Seite, kein Impressum, zu wenig fuer einen Beleg;Team;4;4;1465331;2024-05-14;2026-07-02;ja;487,722,488,720;Märkischer Kreis - Der Landrat | Rhein-Kreis Neuss - Der Landrat - ZS 4/Zentrale Steuerung | Stadt Rheine;90;Märkischer Kreis - Der Landrat schreibt gerade 2026 - Beschaffung von iPads inkl. Zubehör... aus. Frist 16.10.2026. Dort habt ihr 05/2024 schon geliefert (https://ted.europa.eu/de/notice/282049-2024/pdf).;https://ted.europa.eu/de/notice/282049-2024/pdf;https://ted.europa.eu/de/notice/617996-2025/pdf https://ted.europa.eu/de/notice/220843-2026/pdf https://ted.europa.eu/de/notice/456036-2026/pdf;hoch, Freitext aus der Bekanntmachung, normalisiert;helmich.de;;offen, nicht belegbar;nur ['helmich', 'security'] auf der Seite, kein Impressum, zu wenig fuer einen Beleg;hoch, gesetzliche Bekanntmachungspflicht, TED;hoch, Wert in der Bekanntmachung;mittel, abgeleitet aus Zuschlagsfrequenz und Preisliste;mittel, Ort aus der Bekanntmachung. Das ist nicht immer der eingetragene Sitz, manchmal die Niederlassung oder der Projektort
Sinus Nachrichtentechnik GmbH;;Barsbüttel;4 Pruefen;Seite lebt, Firmenname kommt nicht vor;Team;4;4;2070245;2025-05-15;2026-07-14;ja;722,302,503,453;Landkreis Goslar | Kreiswerke Olpe | Stadt Göttingen;90;Landkreis Goslar schreibt gerade Los 1: Oberschule (OBS) Vienenburg (2026-72-01) aus. Frist 20.10.2026. Dort habt ihr 05/2025 schon geliefert (https://ted.europa.eu/de/notice/313849-2025/pdf).;https://ted.europa.eu/de/notice/313849-2025/pdf;https://ted.europa.eu/de/notice/484144-2025/pdf https://ted.europa.eu/de/notice/713183-2025/pdf https://ted.europa.eu/de/notice/485373-2026/pdf;hoch, Freitext aus der Bekanntmachung, normalisiert;nachrichtentechnik.de;;offen, nicht belegbar;Seite lebt, Firmenname kommt nicht vor;hoch, gesetzliche Bekanntmachungspflicht, TED;hoch, Wert in der Bekanntmachung;mittel, abgeleitet aus Zuschlagsfrequenz und Preisliste;mittel, Ort aus der Bekanntmachung. Das ist nicht immer der eingetragene Sitz, manchmal die Niederlassung oder der Projektort
K+B E-Tech GmbH & Co. KG;;Cham;4 Pruefen;nur ['tech'] auf der Seite, kein Impressum, zu wenig fuer einen Beleg;Team;4;3;1033881;2024-07-22;2026-06-10;ja;438,302,323,488;Landkreis Deggendorf | Handwerkskammer Niederbayern-Oberpfalz | Deutsche Rentenversicherung Bayern Süd, Abteilung Verwaltung und IT;90;Handwerkskammer Niederbayern-Oberpfalz schreibt gerade Notebook mit Monitor aus. Frist 19.10.2026. Dort habt ihr 04/2026 schon geliefert (https://ted.europa.eu/de/notice/250910-2026/pdf).;https://ted.europa.eu/de/notice/437987-2024/pdf;https://ted.europa.eu/de/notice/758224-2025/pdf https://ted.europa.eu/de/notice/250910-2026/pdf https://ted.europa.eu/de/notice/397271-2026/pdf;hoch, Freitext aus der Bekanntmachung, normalisiert;tech.eu;;offen, nicht belegbar;nur ['tech'] auf der Seite, kein Impressum, zu wenig fuer einen Beleg;hoch, gesetzliche Bekanntmachungspflicht, TED;hoch, Wert in der Bekanntmachung;mittel, abgeleitet aus Zuschlagsfrequenz und Preisliste;mittel, Ort aus der Bekanntmachung. Das ist nicht immer der eingetragene Sitz, manchmal die Niederlassung oder der Projektort
DTS Systeme GmbH;;Herford;4 Pruefen;Seite lebt, Firmenname kommt nicht vor;Team;4;3;28666765;2024-09-17;2026-08-13;ja;324,487,480;Land Niedersachsen vertreten durch IT.Niedersachsen FG 24 - Zentrale V | Städtisches Klinikum Lüneburg gGmbH | Landkreis Celle;90;Land Niedersachsen vertreten durch IT.Niedersachsen FG 24... schreibt gerade Rahmenvereinbarung Snow aus. Frist 05.10.2026. Dort habt ihr 07/2026 schon geliefert (https://ted.europa.eu/de/notice/505873-2026/pdf).;https://ted.europa.eu/de/notice/558331-2024/pdf;https://ted.europa.eu/de/notice/266287-2025/pdf https://ted.europa.eu/de/notice/505873-2026/pdf https://ted.europa.eu/de/notice/561056-2026/pdf;hoch, Freitext aus der Bekanntmachung, normalisiert;dts-systeme.de;;offen, nicht belegbar;Seite lebt, Firmenname kommt nicht vor;hoch, gesetzliche Bekanntmachungspflicht, TED;hoch, Wert in der Bekanntmachung;mittel, abgeleitet aus Zuschlagsfrequenz und Preisliste;mittel, Ort aus der Bekanntmachung. Das ist nicht immer der eingetragene Sitz, manchmal die Niederlassung oder der Projektort
christmann informationstechnik + medien GmbH & Co. KG;;Ilsede;4 Pruefen;nur ['christmann', 'medien'] auf der Seite, kein Impressum, zu wenig fuer einen Beleg;Starter;4;2;2;2024-09-02;2026-01-27;ja;302,720,324,722;Landkreis Hildesheim | Region Hannover;90;Landkreis Hildesheim schreibt gerade Notebooks und Zubehör aus. Frist 12.10.2026. Dort habt ihr 01/2026 schon geliefert (https://ted.europa.eu/de/notice/59475-2026/pdf).;https://ted.europa.eu/de/notice/525533-2024/pdf;https://ted.europa.eu/de/notice/660916-2024/pdf https://ted.europa.eu/de/notice/822848-2025/pdf https://ted.europa.eu/de/notice/59475-2026/pdf;hoch, Freitext aus der Bekanntmachung, normalisiert;christmann-informationstechnik.de;;offen, nicht belegbar;nur ['christmann', 'medien'] auf der Seite, kein Impressum, zu wenig fuer einen Beleg;hoch, gesetzliche Bekanntmachungspflicht, TED;hoch, Wert in der Bekanntmachung;mittel, abgeleitet aus Zuschlagsfrequenz und Preisliste;mittel, Ort aus der Bekanntmachung. Das ist nicht immer der eingetragene Sitz, manchmal die Niederlassung oder der Projektort
Netzwerk Systeme;;Straubing;4 Pruefen;nur ['netzwerk'] auf der Seite, kein Impressum, zu wenig fuer einen Beleg;Starter;4;1;676944;2024-04-23;2026-08-14;ja;438,302,386,482;Handwerkskammer Niederbayern-Oberpfalz;90;Handwerkskammer Niederbayern-Oberpfalz schreibt gerade Notebook mit Monitor aus. Frist 19.10.2026. Dort habt ihr 08/2026 schon geliefert (https://ted.europa.eu/de/notice/564411-2026/pdf).;https://ted.europa.eu/de/notice/240076-2024/pdf;https://ted.europa.eu/de/notice/415714-2025/pdf https://ted.europa.eu/de/notice/456214-2025/pdf https://ted.europa.eu/de/notice/564411-2026/pdf;hoch, Freitext aus der Bekanntmachung, normalisiert;netzwerk-systeme.de;;offen, nicht belegbar;nur ['netzwerk'] auf der Seite, kein Impressum, zu wenig fuer einen Beleg;hoch, gesetzliche Bekanntmachungspflicht, TED;hoch, Wert in der Bekanntmachung;mittel, abgeleitet aus Zuschlagsfrequenz und Preisliste;mittel, Ort aus der Bekanntmachung. Das ist nicht immer der eingetragene Sitz, manchmal die Niederlassung oder der Projektort
HOLOGATE GmbH;;Munich;4 Pruefen;nur ['hologate'] auf der Seite, kein Impressum, zu wenig fuer einen Beleg;Team;3;3;419958;2024-01-02;2025-04-03;nein;722,302,350,352;Polizei Berlin | Hessisches Polizeipräsidium für Technik | Land Niedersachsen vertreten durch IT.Niedersachsen FG 24 - Zentrale V;90;Land Niedersachsen vertreten durch IT.Niedersachsen FG 24... schreibt gerade Rahmenvereinbarung Snow aus. Frist 05.10.2026. Dort habt ihr 04/2025 schon geliefert (https://ted.europa.eu/de/notice/215597-2025/pdf).;https://ted.europa.eu/de/notice/1465-2024/pdf;https://ted.europa.eu/de/notice/428653-2024/pdf https://ted.europa.eu/de/notice/215597-2025/pdf;hoch, Freitext aus der Bekanntmachung, normalisiert;hologate.com;;offen, nicht belegbar;nur ['hologate'] auf der Seite, kein Impressum, zu wenig fuer einen Beleg;hoch, gesetzliche Bekanntmachungspflicht, TED;hoch, Wert in der Bekanntmachung;mittel, abgeleitet aus Zuschlagsfrequenz und Preisliste;mittel, Ort aus der Bekanntmachung. Das ist nicht immer der eingetragene Sitz, manchmal die Niederlassung oder der Projektort
dignum GmbH;;Kissing;4 Pruefen;kein Kandidat hat geantwortet;Team;3;3;1350000;2024-05-02;2024-08-28;nein;480,302,720,729;Deutsche Rentenversicherung Bund , Betriebswirtschaftlicher Service | Bundesdruckerei GmbH | LVR-InfoKom;90;LVR-InfoKom schreibt gerade ZSD III aus. Frist 13.10.2026. Dort habt ihr 08/2024 schon geliefert (https://ted.europa.eu/de/notice/515889-2024/pdf).;https://ted.europa.eu/de/notice/259684-2024/pdf;https://ted.europa.eu/de/notice/509808-2024/pdf https://ted.europa.eu/de/notice/515889-2024/pdf;hoch, Freitext aus der Bekanntmachung, normalisiert;;;offen, nicht belegbar;kein Kandidat hat geantwortet;hoch, gesetzliche Bekanntmachungspflicht, TED;hoch, Wert in der Bekanntmachung;mittel, abgeleitet aus Zuschlagsfrequenz und Preisliste;mittel, Ort aus der Bekanntmachung. Das ist nicht immer der eingetragene Sitz, manchmal die Niederlassung oder der Projektort
AMBER AI & Data Science Solutions GmbH;;Oberhaching;4 Pruefen;Seite lebt, Firmenname kommt nicht vor;Team;3;3;3775050;2024-10-03;2026-03-03;ja;488,302;Fraunhofer-Gesellschaft - Einkauf B12 | Hochschule Heilbronn | Der Kanzler der Johann Wolfgang Goethe-Universität, Bereich Finanzen u;90;Fraunhofer-Gesellschaft - Einkauf B12 schreibt gerade Serversystem für KI Interferenz Workloads - PR1237100-3190-I aus. Frist 16.10.2026. Dort habt ihr 10/2024 schon geliefert (https://ted.europa.eu/de/notice/597039-2024/pdf).;https://ted.europa.eu/de/notice/597039-2024/pdf;https://ted.europa.eu/de/notice/724785-2024/pdf https://ted.europa.eu/de/notice/147045-2026/pdf;hoch, Freitext aus der Bekanntmachung, normalisiert;aiscience.net;;offen, nicht belegbar;Seite lebt, Firmenname kommt nicht vor;hoch, gesetzliche Bekanntmachungspflicht, TED;hoch, Wert in der Bekanntmachung;mittel, abgeleitet aus Zuschlagsfrequenz und Preisliste;mittel, Ort aus der Bekanntmachung. Das ist nicht immer der eingetragene Sitz, manchmal die Niederlassung oder der Projektort
DPS Engineering GmbH;;Leinfelden-Echterdingen;4 Pruefen;nur ['dps', 'engineering'] auf der Seite, kein Impressum, zu wenig fuer einen Beleg;Team;3;3;251400;2024-11-15;2026-03-02;ja;722,486,300,723;ekom21 - KGRZ Hessen | VBB Verkehrsverbund Berlin-Brandenburg GmbH | Landwirtschaftliche Rentenbank;90;Landwirtschaftliche Rentenbank schreibt gerade Beschaffung Microsoft-Lizenzen inkl. Support aus. Frist 09.10.2026. Dort habt ihr 03/2026 schon geliefert (https://ted.europa.eu/de/notice/144191-2026/pdf).;https://ted.europa.eu/de/notice/698914-2024/pdf;https://ted.europa.eu/de/notice/81154-2026/pdf https://ted.europa.eu/de/notice/144191-2026/pdf;hoch, Freitext aus der Bekanntmachung, normalisiert;dpsengineering.net;;offen, nicht belegbar;nur ['dps', 'engineering'] auf der Seite, kein Impressum, zu wenig fuer einen Beleg;hoch, gesetzliche Bekanntmachungspflicht, TED;hoch, Wert in der Bekanntmachung;mittel, abgeleitet aus Zuschlagsfrequenz und Preisliste;mittel, Ort aus der Bekanntmachung. Das ist nicht immer der eingetragene Sitz, manchmal die Niederlassung oder der Projektort
ECS Enterprise Communications & Services GmbH;;Leipzig;4 Pruefen;geparkte oder zum Verkauf stehende Domain;Team;3;3;;2025-02-20;2025-06-05;nein;324,720,302,722;Klinikum der Stadt Ludwigshafen am Rhein gGmbH | Deutsche Gesellschaft für Internationale Zusammenarbeit (GIZ) GmbH | BKK mkk - meine Krankenkasse;90;BKK mkk - meine Krankenkasse schreibt gerade Beschaffung von Qlik Sense Enterprise Lizenzen aus. Frist 05.10.2026. Dort habt ihr 06/2025 schon geliefert (https://ted.europa.eu/de/notice/363027-2025/pdf).;https://ted.europa.eu/de/notice/116286-2025/pdf;https://ted.europa.eu/de/notice/150705-2025/pdf https://ted.europa.eu/de/notice/363027-2025/pdf;hoch, Freitext aus der Bekanntmachung, normalisiert;ecsenterprise.com;;offen, nicht belegbar;geparkte oder zum Verkauf stehende Domain;hoch, gesetzliche Bekanntmachungspflicht, TED;fehlt, Bekanntmachung nennt keinen Wert;mittel, abgeleitet aus Zuschlagsfrequenz und Preisliste;mittel, Ort aus der Bekanntmachung. Das ist nicht immer der eingetragene Sitz, manchmal die Niederlassung oder der Projektort
INFODAS Gesellschaft für Systementwicklung und Informationsverarbeitung mbH;;Köln;4 Pruefen;kein Kandidat hat geantwortet;Team;3;3;1000000;2026-02-19;2026-05-13;ja;516,720,794;Deutscher Akademischer Austauschdienst e. V. | FhG (München), Adresse am Wolfsmantel 33 | Fraunhofer-Gesellschaft zur Förderung der angewandten Forschung e. V.;90;Fraunhofer-Gesellschaft zur Förderung der angewandten... schreibt gerade Rahmenvereinbarung Softwareentw.... aus. Frist 19.10.2026. Dort habt ihr 05/2026 schon geliefert (https://ted.europa.eu/de/notice/329475-2026/pdf).;https://ted.europa.eu/de/notice/118747-2026/pdf;https://ted.europa.eu/de/notice/147899-2026/pdf https://ted.europa.eu/de/notice/329475-2026/pdf;hoch, Freitext aus der Bekanntmachung, normalisiert;;;offen, nicht belegbar;kein Kandidat hat geantwortet;hoch, gesetzliche Bekanntmachungspflicht, TED;hoch, Wert in der Bekanntmachung;mittel, abgeleitet aus Zuschlagsfrequenz und Preisliste;mittel, Ort aus der Bekanntmachung. Das ist nicht immer der eingetragene Sitz, manchmal die Niederlassung oder der Projektort
Arno Kindler EDV-Systemhaus;;Anger;4 Pruefen;kein Kandidat hat geantwortet;Starter;3;2;2118591;2024-01-02;2025-05-13;nein;300,480,302,317;Landesinstitut für Schulqualität und Lehrerbildung Sachsen Anhalt (LIS | Landkreis Berchtesgadener Land;90;Landesinstitut für Schulqualität und Lehrerbildung Sachsen... schreibt gerade Position 1 aus. Frist 09.10.2026. Dort habt ihr 05/2025 schon geliefert (https://ted.europa.eu/de/notice/302663-2025/pdf).;https://ted.europa.eu/de/notice/2175-2024/pdf;https://ted.europa.eu/de/notice/178455-2025/pdf https://ted.europa.eu/de/notice/302663-2025/pdf;hoch, Freitext aus der Bekanntmachung, normalisiert;;;offen, nicht belegbar;kein Kandidat hat geantwortet;hoch, gesetzliche Bekanntmachungspflicht, TED;hoch, Wert in der Bekanntmachung;mittel, abgeleitet aus Zuschlagsfrequenz und Preisliste;mittel, Ort aus der Bekanntmachung. Das ist nicht immer der eingetragene Sitz, manchmal die Niederlassung oder der Projektort
Nachrichtentechnik Bielefeld GmbH;nachrichtentechnik-bielefeld.de;Bielefeld;4 Pruefen;kein Impressum lesbar, aber ['bielefeld', 'nachrichtentechnik'] auf der Seite und 2 Kernwoerter in der Domain;Starter;3;2;1274947;2024-03-05;2026-05-28;ja;302,324,720;Kreis Steinfurt | Universität Duisburg-Essen;90;Universität Duisburg-Essen schreibt gerade Rahmenvertrag Server, Storage, Software aus. Frist 16.10.2026. Dort habt ihr 05/2026 schon geliefert (https://ted.europa.eu/de/notice/367016-2026/pdf).;https://ted.europa.eu/de/notice/135151-2024/pdf;https://ted.europa.eu/de/notice/198209-2024/pdf https://ted.europa.eu/de/notice/367016-2026/pdf;hoch, Freitext aus der Bekanntmachung, normalisiert;;;geraten, kein Impressum zum Gegenlesen, nicht anrufen;kein Impressum lesbar, aber ['bielefeld', 'nachrichtentechnik'] auf der Seite und 2 Kernwoerter in der Domain;hoch, gesetzliche Bekanntmachungspflicht, TED;hoch, Wert in der Bekanntmachung;mittel, abgeleitet aus Zuschlagsfrequenz und Preisliste;mittel, Ort aus der Bekanntmachung. Das ist nicht immer der eingetragene Sitz, manchmal die Niederlassung oder der Projektort
Dedalus HealthCare GmbH BONN;;Bonn;4 Pruefen;nur ['dedalus', 'healthcare'] auf der Seite, kein Impressum, zu wenig fuer einen Beleg;Starter;3;2;2001;2024-05-03;2025-09-30;nein;488,302,481;Klinikum Worms gGmbH | Städtisches Klinikum Karlsruhe gGmbH;90;Städtisches Klinikum Karlsruhe gGmbH schreibt gerade Erweiterung Pure Storage aus. Frist 12.10.2026. Dort habt ihr 05/2024 schon geliefert (https://ted.europa.eu/de/notice/263948-2024/pdf).;https://ted.europa.eu/de/notice/263948-2024/pdf;https://ted.europa.eu/de/notice/104463-2025/pdf https://ted.europa.eu/de/notice/639524-2025/pdf;hoch, Freitext aus der Bekanntmachung, normalisiert;dedalus.com;;offen, nicht belegbar;nur ['dedalus', 'healthcare'] auf der Seite, kein Impressum, zu wenig fuer einen Beleg;hoch, gesetzliche Bekanntmachungspflicht, TED;hoch, Wert in der Bekanntmachung;mittel, abgeleitet aus Zuschlagsfrequenz und Preisliste;mittel, Ort aus der Bekanntmachung. Das ist nicht immer der eingetragene Sitz, manchmal die Niederlassung oder der Projektort
Arktis GmbH;;Berlin;4 Pruefen;nur ['arktis'] auf der Seite, kein Impressum, zu wenig fuer einen Beleg;Starter;3;2;1405999;2025-05-14;2026-06-18;ja;480,302,301,488;Land Niedersachsen vertreten durch IT.Niedersachsen FG 24 - Zentrale V | DVZ Datenverarbeitungszentrum Mecklenburg-Vorpommern GmbH;90;Land Niedersachsen vertreten durch IT.Niedersachsen FG 24... schreibt gerade Rahmenvereinbarung Snow aus. Frist 05.10.2026. Dort habt ihr 06/2026 schon geliefert (https://ted.europa.eu/de/notice/418458-2026/pdf).;https://ted.europa.eu/de/notice/310797-2025/pdf;https://ted.europa.eu/de/notice/702168-2025/pdf https://ted.europa.eu/de/notice/418458-2026/pdf;hoch, Freitext aus der Bekanntmachung, normalisiert;arktis.com;;offen, nicht belegbar;nur ['arktis'] auf der Seite, kein Impressum, zu wenig fuer einen Beleg;hoch, gesetzliche Bekanntmachungspflicht, TED;hoch, Wert in der Bekanntmachung;mittel, abgeleitet aus Zuschlagsfrequenz und Preisliste;mittel, Ort aus der Bekanntmachung. Das ist nicht immer der eingetragene Sitz, manchmal die Niederlassung oder der Projektort
Fsas GmbH;;Hannover;4 Pruefen;nur ['fsas'] auf der Seite, kein Impressum, zu wenig fuer einen Beleg;Starter;3;1;217670000;2026-05-04;2026-08-28;ja;488,324,302,723;Land Niedersachsen vertreten durch IT.Niedersachsen FG 24 - Zentrale V;90;Land Niedersachsen vertreten durch IT.Niedersachsen FG 24... schreibt gerade Rahmenvereinbarung Snow aus. Frist 05.10.2026. Dort habt ihr 08/2026 schon geliefert (https://ted.europa.eu/de/notice/593817-2026/pdf).;https://ted.europa.eu/de/notice/300992-2026/pdf;https://ted.europa.eu/de/notice/593817-2026/pdf https://ted.europa.eu/de/notice/596156-2026/pdf;hoch, Freitext aus der Bekanntmachung, normalisiert;fsas.de;;offen, nicht belegbar;nur ['fsas'] auf der Seite, kein Impressum, zu wenig fuer einen Beleg;hoch, gesetzliche Bekanntmachungspflicht, TED;hoch, Wert in der Bekanntmachung;mittel, abgeleitet aus Zuschlagsfrequenz und Preisliste;mittel, Ort aus der Bekanntmachung. Das ist nicht immer der eingetragene Sitz, manchmal die Niederlassung oder der Projektort
Ralf Ibe Datentechnik e.K.;;Hamburg;4 Pruefen;kein Kandidat hat geantwortet;Starter;2;2;406965;2024-08-05;2025-05-15;nein;302,488,487;Stiftung Tierärztliche Hochschule Hannover | Berliner Wasserbetriebe;90;Berliner Wasserbetriebe schreibt gerade Confluence Lizenzen Abo aus. Frist 21.10.2026. Dort habt ihr 05/2025 schon geliefert (https://ted.europa.eu/de/notice/314151-2025/pdf).;https://ted.europa.eu/de/notice/468849-2024/pdf;https://ted.europa.eu/de/notice/314151-2025/pdf;hoch, Freitext aus der Bekanntmachung, normalisiert;;;offen, nicht belegbar;kein Kandidat hat geantwortet;hoch, gesetzliche Bekanntmachungspflicht, TED;hoch, Wert in der Bekanntmachung;mittel, abgeleitet aus Zuschlagsfrequenz und Preisliste;mittel, Ort aus der Bekanntmachung. Das ist nicht immer der eingetragene Sitz, manchmal die Niederlassung oder der Projektort
DriveLock SE;;München;4 Pruefen;nur ['drivelock'] auf der Seite, kein Impressum, zu wenig fuer einen Beleg;Starter;2;2;5300000;2024-12-16;2025-09-11;nein;480,487;Bundesrepublik Deutschland, vertreten durch das Bundesministerium des  | Sana Lichtenfels Verwaltungs GmbH;90;Bundesrepublik Deutschland, vertreten durch... schreibt gerade Nachhaltige Notebooks (produktneutral) der Kategorie... aus. Frist 20.10.2026. Dort habt ihr 12/2024 schon geliefert (https://ted.europa.eu/de/notice/769825-2024/pdf).;https://ted.europa.eu/de/notice/769825-2024/pdf;https://ted.europa.eu/de/notice/593383-2025/pdf;hoch, Freitext aus der Bekanntmachung, normalisiert;drivelock.de;;offen, nicht belegbar;nur ['drivelock'] auf der Seite, kein Impressum, zu wenig fuer einen Beleg;hoch, gesetzliche Bekanntmachungspflicht, TED;hoch, Wert in der Bekanntmachung;mittel, abgeleitet aus Zuschlagsfrequenz und Preisliste;mittel, Ort aus der Bekanntmachung. Das ist nicht immer der eingetragene Sitz, manchmal die Niederlassung oder der Projektort
Systema GmbH;;Leipzig;4 Pruefen;nur ['systema'] auf der Seite, kein Impressum, zu wenig fuer einen Beleg;Starter;2;2;;2024-12-18;2025-02-17;nein;480,720,302;Martin-Luther-Universität Halle-Wittenberg, IT-Servicezentrum | Landkreis Rosenheim;90;Landkreis Rosenheim schreibt gerade Landkreis Rosenheim - Vergabe Drucker aus. Frist 16.10.2026. Dort habt ihr 02/2025 schon geboten (https://ted.europa.eu/de/notice/103625-2025/pdf).;https://ted.europa.eu/de/notice/775017-2024/pdf;https://ted.europa.eu/de/notice/103625-2025/pdf;hoch, Freitext aus der Bekanntmachung, normalisiert;systema.net;;offen, nicht belegbar;nur ['systema'] auf der Seite, kein Impressum, zu wenig fuer einen Beleg;hoch, gesetzliche Bekanntmachungspflicht, TED;fehlt, Bekanntmachung nennt keinen Wert;mittel, abgeleitet aus Zuschlagsfrequenz und Preisliste;mittel, Ort aus der Bekanntmachung. Das ist nicht immer der eingetragene Sitz, manchmal die Niederlassung oder der Projektort
Bauer Elektroanlagen Süd GmbH & Co.KG;;Buchbach;4 Pruefen;"Domain gehoert laut Impressum zu ""Spectrum Werbeagentur GmbH""";Starter;2;2;602666;2025-07-03;2026-08-07;ja;453,323,302,488;Freistaat Bayern vertreten durch das Bayerische Staatsministerium für  | Landratsamt Erlangen-Höchstadt;90;Freistaat Bayern vertreten durch das Bayerische... schreibt gerade Support für den Betrieb des Förderinformations... aus. Frist 06.10.2026. Dort habt ihr 07/2025 schon geliefert (https://ted.europa.eu/de/notice/433071-2025/pdf).;https://ted.europa.eu/de/notice/433071-2025/pdf;https://ted.europa.eu/de/notice/549950-2026/pdf;hoch, Freitext aus der Bekanntmachung, normalisiert;bauerelektroanlagen.de;Spectrum Werbeagentur GmbH;fraglich, Impressum nennt eine andere Firma;"Impressum nennt ""Spectrum Werbeagentur GmbH"". kein gemeinsames Wort: ['bauer', 'elektroanlagen', 'sued'] gegen ['spectrum', 'werbeagentur']";hoch, gesetzliche Bekanntmachungspflicht, TED;hoch, Wert in der Bekanntmachung;mittel, abgeleitet aus Zuschlagsfrequenz und Preisliste;mittel, Ort aus der Bekanntmachung. Das ist nicht immer der eingetragene Sitz, manchmal die Niederlassung oder der Projektort
Ribbon Communications Germany GmbH;ribboncommunications.com;Kerpen;4 Pruefen;kein Impressum lesbar, aber ['communications', 'ribbon'] auf der Seite und 2 Kernwoerter in der Domain;Starter;2;2;496738399;2025-11-19;2026-01-16;ja;324,487,482,720;Deutsche Bahn AG Konzernleitung (Bukr 10) | Universität Stuttgart;90;Universität Stuttgart schreibt gerade Betrieb CAMPUSonline-System (C@MPUS) aus. Frist 09.10.2026. Dort habt ihr 01/2026 schon geliefert (https://ted.europa.eu/de/notice/31812-2026/pdf).;https://ted.europa.eu/de/notice/766710-2025/pdf;https://ted.europa.eu/de/notice/31812-2026/pdf;hoch, Freitext aus der Bekanntmachung, normalisiert;;;geraten, kein Impressum zum Gegenlesen, nicht anrufen;kein Impressum lesbar, aber ['communications', 'ribbon'] auf der Seite und 2 Kernwoerter in der Domain;hoch, gesetzliche Bekanntmachungspflicht, TED;hoch, Wert in der Bekanntmachung;mittel, abgeleitet aus Zuschlagsfrequenz und Preisliste;mittel, Ort aus der Bekanntmachung. Das ist nicht immer der eingetragene Sitz, manchmal die Niederlassung oder der Projektort
StepIT.net GmbH;;Hagen;4 Pruefen;nur ['stepit'] auf der Seite, kein Impressum, zu wenig fuer einen Beleg;Starter;2;1;7000000;2024-04-04;2025-06-27;nein;324,488,302;Märkischer Kreis - Der Landrat;90;Märkischer Kreis - Der Landrat schreibt gerade 2026 - Beschaffung von iPads inkl. Zubehör... aus. Frist 16.10.2026. Dort habt ihr 06/2025 schon geliefert (https://ted.europa.eu/de/notice/415316-2025/pdf).;https://ted.europa.eu/de/notice/196916-2024/pdf;https://ted.europa.eu/de/notice/415316-2025/pdf;hoch, Freitext aus der Bekanntmachung, normalisiert;stepit.de;;offen, nicht belegbar;nur ['stepit'] auf der Seite, kein Impressum, zu wenig fuer einen Beleg;hoch, gesetzliche Bekanntmachungspflicht, TED;hoch, Wert in der Bekanntmachung;mittel, abgeleitet aus Zuschlagsfrequenz und Preisliste;mittel, Ort aus der Bekanntmachung. Das ist nicht immer der eingetragene Sitz, manchmal die Niederlassung oder der Projektort
Janetschek GmbH;;Cham;4 Pruefen;"Domain gehoert laut Impressum zu ""KV GmbH""";Starter;2;1;572438;2025-08-21;2026-02-09;ja;438,426,302,485;Handwerkskammer Niederbayern-Oberpfalz;90;Handwerkskammer Niederbayern-Oberpfalz schreibt gerade Notebook mit Monitor aus. Frist 19.10.2026. Dort habt ihr 02/2026 schon geliefert (https://ted.europa.eu/de/notice/92175-2026/pdf).;https://ted.europa.eu/de/notice/547822-2025/pdf;https://ted.europa.eu/de/notice/92175-2026/pdf;hoch, Freitext aus der Bekanntmachung, normalisiert;janetschek.de;KV GmbH;fraglich, Impressum nennt eine andere Firma;"Impressum nennt ""KV GmbH"". kein gemeinsames Wort: ['janetschek'] gegen ['kv']";hoch, gesetzliche Bekanntmachungspflicht, TED;hoch, Wert in der Bekanntmachung;mittel, abgeleitet aus Zuschlagsfrequenz und Preisliste;mittel, Ort aus der Bekanntmachung. Das ist nicht immer der eingetragene Sitz, manchmal die Niederlassung oder der Projektort
SYSTEMA Gesellschaft für angewandte Datentechnik mbH;;Potsdam;4 Pruefen;kein Kandidat hat geantwortet;Scale;17;13;6145831;2024-01-09;2026-06-29;ja;324,302,722,720;Zentraler IT-Dienstleister der Justiz des Landes Brandenburg | Universität zu Lübeck | Kassenzahnärztliche Vereinigung WL;85;Brandenburgischer IT-Dienstleister schreibt gerade Bereitstellung einer HPE GreenLake Storage-Umgebung... aus. Frist 02.11.2026. Dort habt ihr 07/2025 schon geliefert (https://ted.europa.eu/de/notice/424765-2025/pdf).;https://ted.europa.eu/de/notice/13049-2024/pdf;https://ted.europa.eu/de/notice/91576-2024/pdf https://ted.europa.eu/de/notice/373280-2024/pdf https://ted.europa.eu/de/notice/384120-2024/pdf;hoch, Freitext aus der Bekanntmachung, normalisiert;;;offen, nicht belegbar;kein Kandidat hat geantwortet;hoch, gesetzliche Bekanntmachungspflicht, TED;hoch, Wert in der Bekanntmachung;mittel, abgeleitet aus Zuschlagsfrequenz und Preisliste;mittel, Ort aus der Bekanntmachung. Das ist nicht immer der eingetragene Sitz, manchmal die Niederlassung oder der Projektort
SITS Deutschland GmbH;;Wiesbaden;4 Pruefen;nur ['sits'] auf der Seite, kein Impressum, zu wenig fuer einen Beleg;Scale;13;9;146706245;2024-07-03;2026-07-20;ja;720,722,516,727;Land Hessen, vertreten durch die Hessische Zentrale für Datenverarbeit | Sächsische Lotto-GmbH | Klinikum Saarbrücken gGmbH;85;Informationstechnikzentrum Bund (ITZBund) schreibt gerade Rahmenvertrag für Dienstleistungen und Plattformservices... aus. Frist 06.11.2026. Dort habt ihr 07/2025 schon geliefert (https://ted.europa.eu/de/notice/461493-2025/pdf).;https://ted.europa.eu/de/notice/395207-2024/pdf;https://ted.europa.eu/de/notice/4888-2025/pdf https://ted.europa.eu/de/notice/22475-2025/pdf https://ted.europa.eu/de/notice/145127-2025/pdf;hoch, Freitext aus der Bekanntmachung, normalisiert;sits.de;;offen, nicht belegbar;nur ['sits'] auf der Seite, kein Impressum, zu wenig fuer einen Beleg;hoch, gesetzliche Bekanntmachungspflicht, TED;hoch, Wert in der Bekanntmachung;mittel, abgeleitet aus Zuschlagsfrequenz und Preisliste;mittel, Ort aus der Bekanntmachung. Das ist nicht immer der eingetragene Sitz, manchmal die Niederlassung oder der Projektort
Axians Networks & Solutions GmbH;;Köln;4 Pruefen;nur ['axians'] auf der Seite, kein Impressum, zu wenig fuer einen Beleg;Team;10;7;10952978;2024-07-03;2026-09-23;ja;302,324,488,480;Technische Universität Dortmund | ÜSTRA Hannoversche Verkehrsbetriebe Aktiengesellschaft | Albertinen-Krankenhaus/Albertinen-Haus gGmbH;85;Technische Universität Dresden, Dezernat Finanzen... schreibt gerade Softwarelösung Dezentrale Beschaffung aus. Dort habt ihr 09/2025 schon geliefert (https://ted.europa.eu/de/notice/589560-2025/pdf).;https://ted.europa.eu/de/notice/396282-2024/pdf;https://ted.europa.eu/de/notice/517876-2024/pdf https://ted.europa.eu/de/notice/737906-2024/pdf https://ted.europa.eu/de/notice/745411-2024/pdf;hoch, Freitext aus der Bekanntmachung, normalisiert;axians.de;;offen, nicht belegbar;nur ['axians'] auf der Seite, kein Impressum, zu wenig fuer einen Beleg;hoch, gesetzliche Bekanntmachungspflicht, TED;hoch, Wert in der Bekanntmachung;mittel, abgeleitet aus Zuschlagsfrequenz und Preisliste;mittel, Ort aus der Bekanntmachung. Das ist nicht immer der eingetragene Sitz, manchmal die Niederlassung oder der Projektort
Colt Technology Services GmbH;colt-technology.com;Frankfurt am Main;4 Pruefen;kein Impressum lesbar, aber ['colt', 'technology'] auf der Seite und 2 Kernwoerter in der Domain;Team;7;7;5321910;2024-09-09;2026-05-29;ja;724,720,325,723;Land Baden-Württemberg vertreten durch die IT Baden-Württemberg | Informationstechnikzentrum Bund (ITZBund) | kubus IT - Arbeitsgemeinschaft von Körperschaften des öffentlichen Rec;85;IT-Dienstleistungszentrum Berlin (AöR) schreibt gerade ITDZ Berlin: RV Vor-Ort-Service aus. Frist 02.11.2026. Dort habt ihr 04/2025 schon geliefert (https://ted.europa.eu/de/notice/278083-2025/pdf).;https://ted.europa.eu/de/notice/540148-2024/pdf;https://ted.europa.eu/de/notice/734388-2024/pdf https://ted.europa.eu/de/notice/789589-2024/pdf https://ted.europa.eu/de/notice/278083-2025/pdf;hoch, Freitext aus der Bekanntmachung, normalisiert;;;geraten, kein Impressum zum Gegenlesen, nicht anrufen;kein Impressum lesbar, aber ['colt', 'technology'] auf der Seite und 2 Kernwoerter in der Domain;hoch, gesetzliche Bekanntmachungspflicht, TED;hoch, Wert in der Bekanntmachung;mittel, abgeleitet aus Zuschlagsfrequenz und Preisliste;mittel, Ort aus der Bekanntmachung. Das ist nicht immer der eingetragene Sitz, manchmal die Niederlassung oder der Projektort
NTTCable Deutschland KG;;Idstein;4 Pruefen;nur ['nttcable'] auf der Seite, kein Impressum, zu wenig fuer einen Beleg;Team;6;6;855498;2024-08-02;2026-08-28;ja;724,720,725,325;Medizinischer Dienst Baden-Württemberg | Deutsche Akkreditierungsstelle GmbH (DAkkS) | BIM Berliner Immobilienmanagement GmbH;85;Stadt Bochum, Referat Zentrale Vergabestelle schreibt gerade Stark - und Schwachstrom, Haus der Musik, Marienplatz 2... aus. Frist 28.10.2026. Dort habt ihr 08/2026 schon geliefert (https://ted.europa.eu/de/notice/593684-2026/pdf).;https://ted.europa.eu/de/notice/465979-2024/pdf;https://ted.europa.eu/de/notice/614287-2024/pdf https://ted.europa.eu/de/notice/750911-2024/pdf https://ted.europa.eu/de/notice/103942-2025/pdf;hoch, Freitext aus der Bekanntmachung, normalisiert;nttcable.de;;offen, nicht belegbar;nur ['nttcable'] auf der Seite, kein Impressum, zu wenig fuer einen Beleg;hoch, gesetzliche Bekanntmachungspflicht, TED;hoch, Wert in der Bekanntmachung;mittel, abgeleitet aus Zuschlagsfrequenz und Preisliste;mittel, Ort aus der Bekanntmachung. Das ist nicht immer der eingetragene Sitz, manchmal die Niederlassung oder der Projektort
SHE Informationstechnologie AG;;Ludwigshafen;4 Pruefen;kein Kandidat hat geantwortet;Team;5;4;167762;2024-04-12;2025-10-28;ja;722,480,487,481;Stadt Ludwigshafen, Zentrale Vergabestelle und Baukoordinierung | Stadtverwaltung Gera | Kreis Gütersloh;85;Kreis Gütersloh schreibt gerade 16394 Einführung einer HR-Suite für den Kreis Gütersloh aus. Frist 02.11.2026. Dort habt ihr 03/2025 schon geliefert (https://ted.europa.eu/de/notice/149737-2025/pdf).;https://ted.europa.eu/de/notice/217193-2024/pdf;https://ted.europa.eu/de/notice/353812-2024/pdf https://ted.europa.eu/de/notice/505764-2024/pdf https://ted.europa.eu/de/notice/149737-2025/pdf;hoch, Freitext aus der Bekanntmachung, normalisiert;;;offen, nicht belegbar;kein Kandidat hat geantwortet;hoch, gesetzliche Bekanntmachungspflicht, TED;hoch, Wert in der Bekanntmachung;mittel, abgeleitet aus Zuschlagsfrequenz und Preisliste;mittel, Ort aus der Bekanntmachung. Das ist nicht immer der eingetragene Sitz, manchmal die Niederlassung oder der Projektort
sysGen Systeme und Informatikanwendungen Nikisch GmbH;;Bremen;4 Pruefen;kein Kandidat hat geantwortet;Team;5;4;2702198;2024-11-12;2026-09-08;ja;302,488;Deutsches Krebsforschungszentrum | Deutsche Forschungsgemeinschaft e.V. | Hansestadt Lüneburg;85;Deutsches Krebsforschungszentrum schreibt gerade Lieferung, Installation und Inbetriebnahme von zwei... aus. Frist 28.10.2026. Dort habt ihr 11/2025 schon geliefert (https://ted.europa.eu/de/notice/781919-2025/pdf).;https://ted.europa.eu/de/notice/687344-2024/pdf;https://ted.europa.eu/de/notice/26893-2025/pdf https://ted.europa.eu/de/notice/702754-2025/pdf https://ted.europa.eu/de/notice/781919-2025/pdf;hoch, Freitext aus der Bekanntmachung, normalisiert;;;offen, nicht belegbar;kein Kandidat hat geantwortet;hoch, gesetzliche Bekanntmachungspflicht, TED;hoch, Wert in der Bekanntmachung;mittel, abgeleitet aus Zuschlagsfrequenz und Preisliste;mittel, Ort aus der Bekanntmachung. Das ist nicht immer der eingetragene Sitz, manchmal die Niederlassung oder der Projektort
Pan Dacom Direkt GmbH;pandacomdirekt.de;Dreieich;4 Pruefen;kein Impressum lesbar, aber ['dacom', 'pan'] auf der Seite und 3 Kernwoerter in der Domain;Team;4;4;9738399;2024-01-25;2026-01-16;ja;720,324,488;Landeshauptstadt Dresden, GB Wirtschaft, Digitales, Personal und Siche | Stadtwerke Konstanz GmbH | Medizinischer Dienst Nordrhein;85;Universität Stuttgart schreibt gerade Beschaffung und Implementierung einer... aus. Dort habt ihr 01/2026 schon geliefert (https://ted.europa.eu/de/notice/31812-2026/pdf).;https://ted.europa.eu/de/notice/51199-2024/pdf;https://ted.europa.eu/de/notice/135907-2024/pdf https://ted.europa.eu/de/notice/460538-2024/pdf https://ted.europa.eu/de/notice/31812-2026/pdf;hoch, Freitext aus der Bekanntmachung, normalisiert;;;geraten, kein Impressum zum Gegenlesen, nicht anrufen;kein Impressum lesbar, aber ['dacom', 'pan'] auf der Seite und 3 Kernwoerter in der Domain;hoch, gesetzliche Bekanntmachungspflicht, TED;hoch, Wert in der Bekanntmachung;mittel, abgeleitet aus Zuschlagsfrequenz und Preisliste;mittel, Ort aus der Bekanntmachung. Das ist nicht immer der eingetragene Sitz, manchmal die Niederlassung oder der Projektort
netgo Süd GmbH;;Potsdam;4 Pruefen;nur ['netgo'] auf der Seite, kein Impressum, zu wenig fuer einen Beleg;Team;3;3;829679;2024-07-18;2026-10-01;ja;391,302,722,300;Freistaat Bayern Vertreten durch die Akademie für Lehrerfortbildung un | SRH Gesundheit GmbH | Universitätsklinikum Heidelberg / UK Mannheim GmbH;85;Freistaat Bayern Vertreten durch die Akademie... schreibt gerade Projektmanagement, Konzeption der Systemarchitektur... aus. Frist 09.11.2026. Dort habt ihr 07/2024 schon geliefert (https://ted.europa.eu/de/notice/431274-2024/pdf).;https://ted.europa.eu/de/notice/431274-2024/pdf;https://ted.europa.eu/de/notice/78708-2025/pdf https://ted.europa.eu/de/notice/677741-2026/pdf;hoch, Freitext aus der Bekanntmachung, normalisiert;netgosued.de;;offen, nicht belegbar;nur ['netgo'] auf der Seite, kein Impressum, zu wenig fuer einen Beleg;hoch, gesetzliche Bekanntmachungspflicht, TED;hoch, Wert in der Bekanntmachung;mittel, abgeleitet aus Zuschlagsfrequenz und Preisliste;mittel, Ort aus der Bekanntmachung. Das ist nicht immer der eingetragene Sitz, manchmal die Niederlassung oder der Projektort
New Work SE;newwork.de;Hamburg;4 Pruefen;kein Impressum lesbar, aber ['new', 'work'] auf der Seite und 2 Kernwoerter in der Domain;Team;3;3;680648;2024-08-08;2026-08-10;ja;480,391,516,484;Stadt Leipzig | Hamburg Port Authority AöR | Universitätsklinikum Köln (AöR);85;Universitätsklinikum Köln AöR schreibt gerade Rahmenvereinbarung Labor - Digitalisierungsprojekte aus. Dort habt ihr 08/2026 schon geliefert (https://ted.europa.eu/de/notice/550379-2026/pdf).;https://ted.europa.eu/de/notice/477901-2024/pdf;https://ted.europa.eu/de/notice/450066-2025/pdf https://ted.europa.eu/de/notice/550379-2026/pdf;hoch, Freitext aus der Bekanntmachung, normalisiert;;;geraten, kein Impressum zum Gegenlesen, nicht anrufen;kein Impressum lesbar, aber ['new', 'work'] auf der Seite und 2 Kernwoerter in der Domain;hoch, gesetzliche Bekanntmachungspflicht, TED;hoch, Wert in der Bekanntmachung;mittel, abgeleitet aus Zuschlagsfrequenz und Preisliste;mittel, Ort aus der Bekanntmachung. Das ist nicht immer der eingetragene Sitz, manchmal die Niederlassung oder der Projektort
LYNX Media Systems GmbH;lynxsystems.com;Hamburg;4 Pruefen;kein Impressum lesbar, aber ['lynx', 'media', 'systems'] auf der Seite und 2 Kernwoerter in der Domain;Team;3;3;650000;2024-12-06;2025-11-26;ja;722,485,487,925;Stadt Freiburg i. Br. - Vergabemanagement | Stiftung Humboldt Forum im Berliner Schloss | Zweckverband Historisches Museum Saar;85;Stadt Freiburg i. Br. - Vergabemanagement schreibt gerade Lieferung von SentinelOne Software aus. Frist 03.11.2026. Dort habt ihr 12/2024 schon geliefert (https://ted.europa.eu/de/notice/748465-2024/pdf).;https://ted.europa.eu/de/notice/748465-2024/pdf;https://ted.europa.eu/de/notice/270369-2025/pdf https://ted.europa.eu/de/notice/783786-2025/pdf;hoch, Freitext aus der Bekanntmachung, normalisiert;;;geraten, kein Impressum zum Gegenlesen, nicht anrufen;kein Impressum lesbar, aber ['lynx', 'media', 'systems'] auf der Seite und 2 Kernwoerter in der Domain;hoch, gesetzliche Bekanntmachungspflicht, TED;hoch, Wert in der Bekanntmachung;mittel, abgeleitet aus Zuschlagsfrequenz und Preisliste;mittel, Ort aus der Bekanntmachung. Das ist nicht immer der eingetragene Sitz, manchmal die Niederlassung oder der Projektort
Sysmex Deutschland GmbH;;Norderstedt;4 Pruefen;nur ['sysmex'] auf der Seite, kein Impressum, zu wenig fuer einen Beleg;Starter;2;2;2220152;2024-06-07;2025-10-30;ja;483,380,487,722;Universitätsklinikum Frankfurt | Universitätsklinikum Münster;85;Universitätsklinikum Frankfurt schreibt gerade Security Managed Services aus. Dort habt ihr 06/2024 schon geliefert (https://ted.europa.eu/de/notice/338916-2024/pdf).;https://ted.europa.eu/de/notice/338916-2024/pdf;https://ted.europa.eu/de/notice/717203-2025/pdf;hoch, Freitext aus der Bekanntmachung, normalisiert;sysmex.com;;offen, nicht belegbar;nur ['sysmex'] auf der Seite, kein Impressum, zu wenig fuer einen Beleg;hoch, gesetzliche Bekanntmachungspflicht, TED;hoch, Wert in der Bekanntmachung;mittel, abgeleitet aus Zuschlagsfrequenz und Preisliste;mittel, Ort aus der Bekanntmachung. Das ist nicht immer der eingetragene Sitz, manchmal die Niederlassung oder der Projektort
Lexmark Deutschland GmbH;;Hannover;4 Pruefen;nur ['lexmark'] auf der Seite, kein Impressum, zu wenig fuer einen Beleg;Starter;2;2;-1;2026-02-04;2026-03-03;ja;302,480;Deutsche Bahn AG Konzernleitung (Bukr 10) | DRV Bund Einkaufsmanagement;85;DRV Bund Einkaufsmanagement schreibt gerade Online-Wahlprodukt Sozialwahl 2029 aus. Dort habt ihr 03/2026 schon geliefert (https://ted.europa.eu/de/notice/148226-2026/pdf).;https://ted.europa.eu/de/notice/80520-2026/pdf;https://ted.europa.eu/de/notice/148226-2026/pdf;hoch, Freitext aus der Bekanntmachung, normalisiert;lexmark.de;;offen, nicht belegbar;nur ['lexmark'] auf der Seite, kein Impressum, zu wenig fuer einen Beleg;hoch, gesetzliche Bekanntmachungspflicht, TED;hoch, Wert in der Bekanntmachung;mittel, abgeleitet aus Zuschlagsfrequenz und Preisliste;mittel, Ort aus der Bekanntmachung. Das ist nicht immer der eingetragene Sitz, manchmal die Niederlassung oder der Projektort
Axians Networks und Solutions GmbH;;Dortmund;4 Pruefen;nur ['axians'] auf der Seite, kein Impressum, zu wenig fuer einen Beleg;Starter;2;1;;2024-11-26;2025-01-17;nein;302,482;Mühlenkreiskliniken (AöR);85;Mühlenkreiskliniken (AöR) schreibt gerade HPE Server + Zubehör aus. Frist 27.10.2026. Dort habt ihr 01/2025 schon geliefert (https://ted.europa.eu/de/notice/35760-2025/pdf).;https://ted.europa.eu/de/notice/719146-2024/pdf;https://ted.europa.eu/de/notice/35760-2025/pdf;hoch, Freitext aus der Bekanntmachung, normalisiert;axians.de;;offen, nicht belegbar;nur ['axians'] auf der Seite, kein Impressum, zu wenig fuer einen Beleg;hoch, gesetzliche Bekanntmachungspflicht, TED;fehlt, Bekanntmachung nennt keinen Wert;mittel, abgeleitet aus Zuschlagsfrequenz und Preisliste;mittel, Ort aus der Bekanntmachung. Das ist nicht immer der eingetragene Sitz, manchmal die Niederlassung oder der Projektort
Cosylab;;Ljubljana;4 Pruefen;nur ['cosylab'] auf der Seite, kein Impressum, zu wenig fuer einen Beleg;Starter;2;1;3955625;2024-11-27;2026-07-16;ja;722,429,302,317;FAIR - Facility for Antiproton and Ion Research in Europe GmbH;85;GSI Helmholtzzentrum für Schwerionenforschung GmbH schreibt gerade Ertüchtigung & Erweiterung der MSR-Technik-Green IT-Cube aus. Frist 03.11.2026. Dort habt ihr 07/2026 schon geliefert (https://ted.europa.eu/de/notice/492140-2026/pdf).;https://ted.europa.eu/de/notice/722060-2024/pdf;https://ted.europa.eu/de/notice/492140-2026/pdf;hoch, Freitext aus der Bekanntmachung, normalisiert;cosylab.com;;offen, nicht belegbar;nur ['cosylab'] auf der Seite, kein Impressum, zu wenig fuer einen Beleg;hoch, gesetzliche Bekanntmachungspflicht, TED;hoch, Wert in der Bekanntmachung;mittel, abgeleitet aus Zuschlagsfrequenz und Preisliste;mittel, Ort aus der Bekanntmachung. Das ist nicht immer der eingetragene Sitz, manchmal die Niederlassung oder der Projektort
DATAGROUP Business Solutions GmbH - Berlin;;Berlin;4 Pruefen;kein Kandidat hat geantwortet;Starter;2;1;1750001;2025-08-05;2026-06-03;ja;721,720,480,487;BEW Berliner Energie und Wärme GmbH;85;BEW Berliner Energie und Wärme GmbH schreibt gerade Application Management SAP ERP aus. Dort habt ihr 06/2026 schon geliefert (https://ted.europa.eu/de/notice/381959-2026/pdf).;https://ted.europa.eu/de/notice/512029-2025/pdf;https://ted.europa.eu/de/notice/381959-2026/pdf;hoch, Freitext aus der Bekanntmachung, normalisiert;;;offen, nicht belegbar;kein Kandidat hat geantwortet;hoch, gesetzliche Bekanntmachungspflicht, TED;hoch, Wert in der Bekanntmachung;mittel, abgeleitet aus Zuschlagsfrequenz und Preisliste;mittel, Ort aus der Bekanntmachung. Das ist nicht immer der eingetragene Sitz, manchmal die Niederlassung oder der Projektort
AirITSystems GmbH;;Langenhagen;4 Pruefen;"Domain gehoert laut Impressum zu ""Topsonic Systemhaus GmbH""";Team;7;4;1876700;2024-04-04;2026-08-12;ja;722,324,302,480;Kassenärztliche Vereinigung Sachsen | Asklepios Service IT GmbH | Medizinische Hochschule Hannover;80;Ihr Vertrag mit Kassenärztliche Vereinigung Sachsen (Lieferung und Inbetriebnahme eines Virtualisierungsclusters...) endet am 31.12.2026. Die Neuausschreibung steht an.;https://ted.europa.eu/de/notice/198540-2024/pdf;https://ted.europa.eu/de/notice/379118-2024/pdf https://ted.europa.eu/de/notice/379118-2024/pdf https://ted.europa.eu/de/notice/637435-2024/pdf;hoch, Freitext aus der Bekanntmachung, normalisiert;airitsystems.de;Topsonic Systemhaus GmbH;fraglich, Impressum nennt eine andere Firma;"Impressum nennt ""Topsonic Systemhaus GmbH"". kein gemeinsames Wort: ['airitsystems'] gegen ['topsonic']";hoch, gesetzliche Bekanntmachungspflicht, TED;hoch, Wert in der Bekanntmachung;mittel, abgeleitet aus Zuschlagsfrequenz und Preisliste;mittel, Ort aus der Bekanntmachung. Das ist nicht immer der eingetragene Sitz, manchmal die Niederlassung oder der Projektort
Dirk Hallen Datensysteme e.K.;;Velbert;4 Pruefen;kein Kandidat hat geantwortet;Team;3;3;613530;2025-08-13;2026-06-15;ja;302,488,722,482;Wupperverband | Medizinischer Dienst Nordrhein | Gartenstadt Haan, Der Bürgermeister, Kaiserstr. 85, 42781 Haan.;80;"Ihr Vertrag mit Gartenstadt Haan, Der Bürgermeister, Kaiserstr. 85, 42781... (""Erneuerung Server- und Speicherlandschaft und Migration...) endet am 31.12.2026. Die Neuausschreibung steht an.";https://ted.europa.eu/de/notice/530263-2025/pdf;https://ted.europa.eu/de/notice/689447-2025/pdf https://ted.europa.eu/de/notice/406636-2026/pdf;hoch, Freitext aus der Bekanntmachung, normalisiert;;;offen, nicht belegbar;kein Kandidat hat geantwortet;hoch, gesetzliche Bekanntmachungspflicht, TED;hoch, Wert in der Bekanntmachung;mittel, abgeleitet aus Zuschlagsfrequenz und Preisliste;mittel, Ort aus der Bekanntmachung. Das ist nicht immer der eingetragene Sitz, manchmal die Niederlassung oder der Projektort
WTG Leitstellentechnik GmbH;;Coesfeld;4 Pruefen;kein Kandidat hat geantwortet;Starter;3;2;3600257;2025-12-03;2026-07-24;ja;722,503,488,323;Stadt Hamm, Bauverwaltungsamt, Zentrales Beschaffungsmanagement | Kreis Coesfeld;80;Ihr Vertrag mit Stadt Hamm, Bauverwaltungsamt, Zentrales... (Durchführung von Projekttagen zur Überarbeitung der Alarm...) endet am 31.12.2026. Die Neuausschreibung steht an.;https://ted.europa.eu/de/notice/799911-2025/pdf;https://ted.europa.eu/de/notice/447619-2026/pdf https://ted.europa.eu/de/notice/513882-2026/pdf;hoch, Freitext aus der Bekanntmachung, normalisiert;;;offen, nicht belegbar;kein Kandidat hat geantwortet;hoch, gesetzliche Bekanntmachungspflicht, TED;hoch, Wert in der Bekanntmachung;mittel, abgeleitet aus Zuschlagsfrequenz und Preisliste;mittel, Ort aus der Bekanntmachung. Das ist nicht immer der eingetragene Sitz, manchmal die Niederlassung oder der Projektort
S.E.A. Datentechnik GmbH;;Troisdorf;4 Pruefen;Seite lebt, Firmenname kommt nicht vor;Starter;2;2;327000;2025-12-12;2026-02-20;ja;720,302;Präsidium Technik, Logistik, Service der Polizei Baden-Württemberg | Deutsches Zentrum für Luft- und Raumfahrt e.V. (DLR) - Lampoldshausen;80;Ihr Vertrag mit Präsidium Technik, Logistik, Service der Polizei... (SW Pflege SEA Lizenzen) endet am 31.12.2026. Die Neuausschreibung steht an.;https://ted.europa.eu/de/notice/827190-2025/pdf;https://ted.europa.eu/de/notice/122847-2026/pdf;hoch, Freitext aus der Bekanntmachung, normalisiert;datentechnik.de;;offen, nicht belegbar;Seite lebt, Firmenname kommt nicht vor;hoch, gesetzliche Bekanntmachungspflicht, TED;hoch, Wert in der Bekanntmachung;mittel, abgeleitet aus Zuschlagsfrequenz und Preisliste;mittel, Ort aus der Bekanntmachung. Das ist nicht immer der eingetragene Sitz, manchmal die Niederlassung oder der Projektort
MR Datentechnik GmbH;;Würzburg;4 Pruefen;nur ['mr'] auf der Seite, kein Impressum, zu wenig fuer einen Beleg;Team;5;4;17510964;2024-05-15;2026-03-05;ja;302,480,488,429;Landratsamt Rhön-Grabfeld | Landeshauptstadt Magdeburg, Die Oberbürgermeisterin | Stadt Osnabrück - Fachdienst Öffentliche Aufträge;70;Ihr Vertrag mit Landeshauptstadt Magdeburg, Die Oberbürgermeisterin (Los 1 Auslieferung von Standard-Laptops und Laptops...) endete am 30.09.2026. Rahmenvertrag, die Neuausschreibung kommt.;https://ted.europa.eu/de/notice/286915-2024/pdf;https://ted.europa.eu/de/notice/288394-2024/pdf https://ted.europa.eu/de/notice/779531-2024/pdf https://ted.europa.eu/de/notice/10656-2025/pdf;hoch, Freitext aus der Bekanntmachung, normalisiert;mr-datentechnik.de;;offen, nicht belegbar;nur ['mr'] auf der Seite, kein Impressum, zu wenig fuer einen Beleg;hoch, gesetzliche Bekanntmachungspflicht, TED;hoch, Wert in der Bekanntmachung;mittel, abgeleitet aus Zuschlagsfrequenz und Preisliste;mittel, Ort aus der Bekanntmachung. Das ist nicht immer der eingetragene Sitz, manchmal die Niederlassung oder der Projektort
WS IT-Systeme GmbH;;Dornach;4 Pruefen;nur ['ws'] auf der Seite, kein Impressum, zu wenig fuer einen Beleg;Starter;2;2;1123155;2024-05-15;2026-08-12;ja;323,302,482,488;Stadt Landshut | Landkreis Augsburg - Vergabestelle;70;Ihr Vertrag mit Landkreis Augsburg - Vergabestelle (Notebooks) endete am 31.08.2026. Die Neuausschreibung steht an.;https://ted.europa.eu/de/notice/285508-2024/pdf;https://ted.europa.eu/de/notice/559188-2026/pdf;hoch, Freitext aus der Bekanntmachung, normalisiert;ws-it.de;;offen, nicht belegbar;nur ['ws'] auf der Seite, kein Impressum, zu wenig fuer einen Beleg;hoch, gesetzliche Bekanntmachungspflicht, TED;hoch, Wert in der Bekanntmachung;mittel, abgeleitet aus Zuschlagsfrequenz und Preisliste;mittel, Ort aus der Bekanntmachung. Das ist nicht immer der eingetragene Sitz, manchmal die Niederlassung oder der Projektort
GORDION Data Systems Technology GmbH;;Sulzberg;4 Pruefen;kein Kandidat hat geantwortet;Starter;2;2;546510;2025-10-17;2026-05-26;ja;302,488,311,324;Kreisausschuss des Hochtaunuskreises | Diakonie Klinikum Kirchen gGmbH;70;Ihr Vertrag mit Diakonie Klinikum Kirchen gGmbH (EDV-Netzwerk - Switching) endete am 30.09.2026. Die Neuausschreibung steht an.;https://ted.europa.eu/de/notice/683983-2025/pdf;https://ted.europa.eu/de/notice/356519-2026/pdf;hoch, Freitext aus der Bekanntmachung, normalisiert;;;offen, nicht belegbar;kein Kandidat hat geantwortet;hoch, gesetzliche Bekanntmachungspflicht, TED;hoch, Wert in der Bekanntmachung;mittel, abgeleitet aus Zuschlagsfrequenz und Preisliste;mittel, Ort aus der Bekanntmachung. Das ist nicht immer der eingetragene Sitz, manchmal die Niederlassung oder der Projektort
M.S.E. GmbH;;Unna;4 Pruefen;"Domain gehoert laut Impressum zu ""MSE GmbH""";Starter;2;2;1122580;2025-11-10;2026-09-10;ja;302,300,488,301;Rhein-Kreis Neuss - Der Landrat - Zentrales Vergabemanagement (Veröffe | Kreis Unna - Der Landrat;70;Ihr Vertrag mit Kreis Unna - Der Landrat (Notebooks) endete am 25.09.2026. Die Neuausschreibung steht an.;https://ted.europa.eu/de/notice/744050-2025/pdf;https://ted.europa.eu/de/notice/623887-2026/pdf;hoch, Freitext aus der Bekanntmachung, normalisiert;msegmbh.de;MSE GmbH;fraglich, Impressum nennt eine andere Firma;"Impressum nennt ""MSE GmbH"". zu wenig kennzeichnende Woerter";hoch, gesetzliche Bekanntmachungspflicht, TED;hoch, Wert in der Bekanntmachung;mittel, abgeleitet aus Zuschlagsfrequenz und Preisliste;mittel, Ort aus der Bekanntmachung. Das ist nicht immer der eingetragene Sitz, manchmal die Niederlassung oder der Projektort
Degen GmbH & Co. KG;;Nürnberg;4 Pruefen;nur ['degen'] auf der Seite, kein Impressum, zu wenig fuer einen Beleg;Scale;11;11;3727851;2024-01-12;2026-03-04;ja;302,392,488,323;Landratsamt Forchheim | Stadt Thale | Bezirk Mittelfranken;;;https://ted.europa.eu/de/notice/22712-2024/pdf;https://ted.europa.eu/de/notice/166777-2024/pdf https://ted.europa.eu/de/notice/203118-2024/pdf https://ted.europa.eu/de/notice/211313-2024/pdf;hoch, Freitext aus der Bekanntmachung, normalisiert;degen.com;;offen, nicht belegbar;nur ['degen'] auf der Seite, kein Impressum, zu wenig fuer einen Beleg;hoch, gesetzliche Bekanntmachungspflicht, TED;hoch, Wert in der Bekanntmachung;mittel, abgeleitet aus Zuschlagsfrequenz und Preisliste;mittel, Ort aus der Bekanntmachung. Das ist nicht immer der eingetragene Sitz, manchmal die Niederlassung oder der Projektort
NetCom BW GmbH;;Ellwangen;4 Pruefen;nur ['netcom'] auf der Seite, kein Impressum, zu wenig fuer einen Beleg;Team;7;7;4459442;2025-05-27;2026-08-14;ja;642,325,724,324;Gemeinde Fremdingen | Gemeinde Zöschingen | Gemeinde Ziertheim;;;https://ted.europa.eu/de/notice/340835-2025/pdf;https://ted.europa.eu/de/notice/101919-2026/pdf https://ted.europa.eu/de/notice/233643-2026/pdf https://ted.europa.eu/de/notice/330415-2026/pdf;hoch, Freitext aus der Bekanntmachung, normalisiert;netcom.de;;offen, nicht belegbar;nur ['netcom'] auf der Seite, kein Impressum, zu wenig fuer einen Beleg;hoch, gesetzliche Bekanntmachungspflicht, TED;hoch, Wert in der Bekanntmachung;mittel, abgeleitet aus Zuschlagsfrequenz und Preisliste;mittel, Ort aus der Bekanntmachung. Das ist nicht immer der eingetragene Sitz, manchmal die Niederlassung oder der Projektort
ACP;;Leinfelden-Echterdingen;4 Pruefen;kein Kandidat hat geantwortet;Team;6;6;1;2024-05-10;2026-09-04;ja;302,723,488,720;Große Kreisstadt Bad Mergentheim | Landkreis Gießen - Der Kreisausschuss - | Flughafen Stuttgart GmbH;;;https://ted.europa.eu/de/notice/277436-2024/pdf;https://ted.europa.eu/de/notice/822320-2025/pdf https://ted.europa.eu/de/notice/6808-2026/pdf https://ted.europa.eu/de/notice/263404-2026/pdf;hoch, Freitext aus der Bekanntmachung, normalisiert;;;offen, nicht belegbar;kein Kandidat hat geantwortet;hoch, gesetzliche Bekanntmachungspflicht, TED;hoch, Wert in der Bekanntmachung;mittel, abgeleitet aus Zuschlagsfrequenz und Preisliste;mittel, Ort aus der Bekanntmachung. Das ist nicht immer der eingetragene Sitz, manchmal die Niederlassung oder der Projektort
INIT Innovative Informatikanwendungen in Transport-, Verkehrs- und Leitsystemen GmbH;;Karlsruhe;4 Pruefen;kein Kandidat hat geantwortet;Team;5;5;3552453;2024-01-22;2025-11-28;ja;488,302,322,323;Stadtbus-Gesellschaft Mühlhausen und Sondershausen mbH | Regionalbus-Gesellschaft Unstrut-Hainich- und Kyffhäuserkreis mbH | das Stadtwerk Regensburg.Mobilität GmbH;;;https://ted.europa.eu/de/notice/42919-2024/pdf;https://ted.europa.eu/de/notice/43338-2024/pdf https://ted.europa.eu/de/notice/661817-2024/pdf https://ted.europa.eu/de/notice/719077-2024/pdf;hoch, Freitext aus der Bekanntmachung, normalisiert;;;offen, nicht belegbar;kein Kandidat hat geantwortet;hoch, gesetzliche Bekanntmachungspflicht, TED;hoch, Wert in der Bekanntmachung;mittel, abgeleitet aus Zuschlagsfrequenz und Preisliste;mittel, Ort aus der Bekanntmachung. Das ist nicht immer der eingetragene Sitz, manchmal die Niederlassung oder der Projektort
ATRON electronic GmbH;;Markt Schwaben;4 Pruefen;Seite lebt, Firmenname kommt nicht vor;Team;4;4;608446;2024-05-27;2025-10-08;ja;488,429,301,322;Harzer Verkehrsbetriebe GmbH | Wolfsburger Verkehrs - GmbH | Landkreis St. Wendel;;;https://ted.europa.eu/de/notice/310240-2024/pdf;https://ted.europa.eu/de/notice/430182-2024/pdf https://ted.europa.eu/de/notice/581813-2025/pdf https://ted.europa.eu/de/notice/660725-2025/pdf;hoch, Freitext aus der Bekanntmachung, normalisiert;atron-electronic.com;;offen, nicht belegbar;Seite lebt, Firmenname kommt nicht vor;hoch, gesetzliche Bekanntmachungspflicht, TED;hoch, Wert in der Bekanntmachung;mittel, abgeleitet aus Zuschlagsfrequenz und Preisliste;mittel, Ort aus der Bekanntmachung. Das ist nicht immer der eingetragene Sitz, manchmal die Niederlassung oder der Projektort
Weinrich GmbH & Co.KG;;Fulda;4 Pruefen;nur ['weinrich'] auf der Seite, kein Impressum, zu wenig fuer einen Beleg;Team;4;4;3396612;2024-06-17;2026-08-27;ja;301,302,720;Der Magistrat der Stadt Bad Soden am Taunus | Kreisausschuss des Landkreises Darmstadt-Dieburg für die Kreiskliniken | Kommunales Vergabezentrum Kreis Groß-Gerau für den Kreis Groß-Gerau;;;https://ted.europa.eu/de/notice/357668-2024/pdf;https://ted.europa.eu/de/notice/504593-2024/pdf https://ted.europa.eu/de/notice/542283-2024/pdf https://ted.europa.eu/de/notice/592672-2026/pdf;hoch, Freitext aus der Bekanntmachung, normalisiert;weinrich.de;;offen, nicht belegbar;nur ['weinrich'] auf der Seite, kein Impressum, zu wenig fuer einen Beleg;hoch, gesetzliche Bekanntmachungspflicht, TED;hoch, Wert in der Bekanntmachung;mittel, abgeleitet aus Zuschlagsfrequenz und Preisliste;mittel, Ort aus der Bekanntmachung. Das ist nicht immer der eingetragene Sitz, manchmal die Niederlassung oder der Projektort
Bücker IT-Security GmbH;;Hille;4 Pruefen;"Domain gehoert laut Impressum zu ""Zweiradcenter Bücker e.K.""";Team;4;4;1886531;2024-10-14;2025-10-01;nein;487,725;Zentraler IT-Dienstleister der Justiz des Landes Brandenburg | Helios Kliniken GmbH | Universitätsklinikum Schleswig-Holstein AöR;;;https://ted.europa.eu/de/notice/620095-2024/pdf;https://ted.europa.eu/de/notice/743484-2024/pdf https://ted.europa.eu/de/notice/303405-2025/pdf https://ted.europa.eu/de/notice/640301-2025/pdf;hoch, Freitext aus der Bekanntmachung, normalisiert;buecker.de;Zweiradcenter Bücker e.K.;fraglich, Impressum nennt eine andere Firma;"Impressum nennt ""Zweiradcenter Bücker e.K."". Kennwort kommt vor, aber nicht am Anfang: ['buecker'], und der Ort ""Hille"" steht nicht drin. Vermutlich eine andere Firma";hoch, gesetzliche Bekanntmachungspflicht, TED;hoch, Wert in der Bekanntmachung;mittel, abgeleitet aus Zuschlagsfrequenz und Preisliste;mittel, Ort aus der Bekanntmachung. Das ist nicht immer der eingetragene Sitz, manchmal die Niederlassung oder der Projektort
Tproneth The Storage Company GmbH & Co. KG;;Puchheim;4 Pruefen;kein Kandidat hat geantwortet;Team;3;3;2222481;2024-02-27;2025-12-11;ja;302,480,487,722;Niersverband | Niersverband Viersen | Münchner Volkshochschule GmbH;;;https://ted.europa.eu/de/notice/118612-2024/pdf;https://ted.europa.eu/de/notice/540784-2025/pdf https://ted.europa.eu/de/notice/821792-2025/pdf;hoch, Freitext aus der Bekanntmachung, normalisiert;;;offen, nicht belegbar;kein Kandidat hat geantwortet;hoch, gesetzliche Bekanntmachungspflicht, TED;hoch, Wert in der Bekanntmachung;mittel, abgeleitet aus Zuschlagsfrequenz und Preisliste;mittel, Ort aus der Bekanntmachung. Das ist nicht immer der eingetragene Sitz, manchmal die Niederlassung oder der Projektort
ACP IT-Solution GmbH;;Halle;4 Pruefen;"Domain gehoert laut Impressum zu ""advanced clean production Information Technology AG""";Team;3;3;219641;2024-03-15;2026-01-07;ja;302,480,720;Landratsamt Weilheim-Schongau / Z 11.13 Vergaben und Beschaffungen | Asklepios Klinik Gauting GmbH | Gesundheitsverbund Landkreis Konstanz;;;https://ted.europa.eu/de/notice/159010-2024/pdf;https://ted.europa.eu/de/notice/493303-2024/pdf https://ted.europa.eu/de/notice/7264-2026/pdf;hoch, Freitext aus der Bekanntmachung, normalisiert;acp-it.com;advanced clean production Information Technology AG;fraglich, Impressum nennt eine andere Firma;"Impressum nennt ""advanced clean production Information Technology AG"". kein gemeinsames Wort: ['acp', 'solution'] gegen ['advanced', 'clean', 'production', 'information', 'technology']";hoch, gesetzliche Bekanntmachungspflicht, TED;hoch, Wert in der Bekanntmachung;mittel, abgeleitet aus Zuschlagsfrequenz und Preisliste;mittel, Ort aus der Bekanntmachung. Das ist nicht immer der eingetragene Sitz, manchmal die Niederlassung oder der Projektort
Seventythree Networks GmbH;;Puchheim;4 Pruefen;geparkte oder zum Verkauf stehende Domain;Team;3;3;;2024-04-29;2025-02-03;nein;392,302,324,481;Zweckverband Staatliche weiterführende Schulen im Südosten des Landkre | Jugendsiedlung Traunreut gGmbH | Diözese Eichstätt (KdöR), Bischöfliches Ordinariat;;;https://ted.europa.eu/de/notice/254257-2024/pdf;https://ted.europa.eu/de/notice/325623-2024/pdf https://ted.europa.eu/de/notice/72150-2025/pdf;hoch, Freitext aus der Bekanntmachung, normalisiert;seventythree.de;;offen, nicht belegbar;geparkte oder zum Verkauf stehende Domain;hoch, gesetzliche Bekanntmachungspflicht, TED;fehlt, Bekanntmachung nennt keinen Wert;mittel, abgeleitet aus Zuschlagsfrequenz und Preisliste;mittel, Ort aus der Bekanntmachung. Das ist nicht immer der eingetragene Sitz, manchmal die Niederlassung oder der Projektort
März Network Services GmbH;;Leipzig;4 Pruefen;nur ['maerz'] auf der Seite, kein Impressum, zu wenig fuer einen Beleg;Team;3;3;;2024-09-11;2025-04-16;nein;487,724,488;Neckar-Odenwald-Kliniken gGmbH | Neckar-Odenwald-Kliniken | Deutsches Rotes Kreuz Schwesternschaft Berlin Gemeinnützige Krankenhau;;;https://ted.europa.eu/de/notice/546190-2024/pdf;https://ted.europa.eu/de/notice/98932-2025/pdf https://ted.europa.eu/de/notice/248756-2025/pdf;hoch, Freitext aus der Bekanntmachung, normalisiert;maerz.net;;offen, nicht belegbar;nur ['maerz'] auf der Seite, kein Impressum, zu wenig fuer einen Beleg;hoch, gesetzliche Bekanntmachungspflicht, TED;fehlt, Bekanntmachung nennt keinen Wert;mittel, abgeleitet aus Zuschlagsfrequenz und Preisliste;mittel, Ort aus der Bekanntmachung. Das ist nicht immer der eingetragene Sitz, manchmal die Niederlassung oder der Projektort
Bents Büro GmbH;;Ihlow-Riepe;4 Pruefen;kein Kandidat hat geantwortet;Team;3;3;4605986;2024-11-27;2026-05-26;ja;302,300,722,301;Landkreis Aurich | Stadt Oldenburg (Oldb) | Stadt Oldenburg (Oldb) - 33 -;;;https://ted.europa.eu/de/notice/723036-2024/pdf;https://ted.europa.eu/de/notice/409849-2025/pdf https://ted.europa.eu/de/notice/355396-2026/pdf;hoch, Freitext aus der Bekanntmachung, normalisiert;;;offen, nicht belegbar;kein Kandidat hat geantwortet;hoch, gesetzliche Bekanntmachungspflicht, TED;hoch, Wert in der Bekanntmachung;mittel, abgeleitet aus Zuschlagsfrequenz und Preisliste;mittel, Ort aus der Bekanntmachung. Das ist nicht immer der eingetragene Sitz, manchmal die Niederlassung oder der Projektort
Point EDV - Inh. Jens Teske;;Nieheim;4 Pruefen;kein Kandidat hat geantwortet;Team;3;3;398000;2025-03-11;2026-07-23;ja;302,720;Stadt Horn-Bad Meinberg - Der Bürgermeister | Eigenbetrieb Ha-Py Schul-IT | Eigenbetrieb Ha-Py Schul-IT des Landkreises Hameln-Pyrmont;;;https://ted.europa.eu/de/notice/156239-2025/pdf;https://ted.europa.eu/de/notice/440392-2025/pdf https://ted.europa.eu/de/notice/511588-2026/pdf;hoch, Freitext aus der Bekanntmachung, normalisiert;;;offen, nicht belegbar;kein Kandidat hat geantwortet;hoch, gesetzliche Bekanntmachungspflicht, TED;hoch, Wert in der Bekanntmachung;mittel, abgeleitet aus Zuschlagsfrequenz und Preisliste;mittel, Ort aus der Bekanntmachung. Das ist nicht immer der eingetragene Sitz, manchmal die Niederlassung oder der Projektort
aura Computersysteme GmbH;;Rostock;4 Pruefen;kein Kandidat hat geantwortet;Starter;3;2;;2024-07-16;2025-03-25;nein;302,324,480;Technisches Finanzamt | Universitätsmedizin Rostock;;;https://ted.europa.eu/de/notice/424237-2024/pdf;https://ted.europa.eu/de/notice/7924-2025/pdf https://ted.europa.eu/de/notice/192473-2025/pdf;hoch, Freitext aus der Bekanntmachung, normalisiert;;;offen, nicht belegbar;kein Kandidat hat geantwortet;hoch, gesetzliche Bekanntmachungspflicht, TED;fehlt, Bekanntmachung nennt keinen Wert;mittel, abgeleitet aus Zuschlagsfrequenz und Preisliste;mittel, Ort aus der Bekanntmachung. Das ist nicht immer der eingetragene Sitz, manchmal die Niederlassung oder der Projektort
ergo Computersysteme GmbH;;Essen;4 Pruefen;kein Kandidat hat geantwortet;Starter;3;2;2;2025-01-20;2025-05-21;nein;487,480;Katholisches Klinikum Bochum gGmbH | Gesundheitsverbund Landkreis Konstanz;;;https://ted.europa.eu/de/notice/37161-2025/pdf;https://ted.europa.eu/de/notice/326956-2025/pdf https://ted.europa.eu/de/notice/327825-2025/pdf;hoch, Freitext aus der Bekanntmachung, normalisiert;;;offen, nicht belegbar;kein Kandidat hat geantwortet;hoch, gesetzliche Bekanntmachungspflicht, TED;hoch, Wert in der Bekanntmachung;mittel, abgeleitet aus Zuschlagsfrequenz und Preisliste;mittel, Ort aus der Bekanntmachung. Das ist nicht immer der eingetragene Sitz, manchmal die Niederlassung oder der Projektort
HF-MediaDigital;hf-mediadigital.de;Sulzberg;4 Pruefen;kein Impressum lesbar, aber ['hf', 'mediadigital'] auf der Seite und 2 Kernwoerter in der Domain;Starter;3;2;622658;2025-02-25;2025-06-20;nein;302,488,331,391;Kreisausschuss des Hochtaunuskreises | Barlachstadt Güstrow;;;https://ted.europa.eu/de/notice/123422-2025/pdf;https://ted.europa.eu/de/notice/273464-2025/pdf https://ted.europa.eu/de/notice/400193-2025/pdf;hoch, Freitext aus der Bekanntmachung, normalisiert;;;geraten, kein Impressum zum Gegenlesen, nicht anrufen;kein Impressum lesbar, aber ['hf', 'mediadigital'] auf der Seite und 2 Kernwoerter in der Domain;hoch, gesetzliche Bekanntmachungspflicht, TED;hoch, Wert in der Bekanntmachung;mittel, abgeleitet aus Zuschlagsfrequenz und Preisliste;mittel, Ort aus der Bekanntmachung. Das ist nicht immer der eingetragene Sitz, manchmal die Niederlassung oder der Projektort
AbaMediCus GbR;;Halle;4 Pruefen;nur ['abamedicus'] auf der Seite, kein Impressum, zu wenig fuer einen Beleg;Starter;3;2;743896;2025-06-05;2026-05-15;ja;302,300,488,324;Martin-Luther-Universität Halle-Wittenberg, IT-Servicezentrum | Hochschule Merseburg Körperschaft des Öffentlichen Rechts;;;https://ted.europa.eu/de/notice/362119-2025/pdf;https://ted.europa.eu/de/notice/869338-2025/pdf https://ted.europa.eu/de/notice/332321-2026/pdf;hoch, Freitext aus der Bekanntmachung, normalisiert;abamedicus.de;;offen, nicht belegbar;nur ['abamedicus'] auf der Seite, kein Impressum, zu wenig fuer einen Beleg;hoch, gesetzliche Bekanntmachungspflicht, TED;hoch, Wert in der Bekanntmachung;mittel, abgeleitet aus Zuschlagsfrequenz und Preisliste;mittel, Ort aus der Bekanntmachung. Das ist nicht immer der eingetragene Sitz, manchmal die Niederlassung oder der Projektort
BITS - Brunner IT Services GmbH & Co. KG;;Sulzberg;4 Pruefen;kein Kandidat hat geantwortet;Starter;3;1;614129;2025-04-28;2025-10-17;ja;302,488,331,391;Kreisausschuss des Hochtaunuskreises;;;https://ted.europa.eu/de/notice/273464-2025/pdf;https://ted.europa.eu/de/notice/400193-2025/pdf https://ted.europa.eu/de/notice/683983-2025/pdf;hoch, Freitext aus der Bekanntmachung, normalisiert;;;offen, nicht belegbar;kein Kandidat hat geantwortet;hoch, gesetzliche Bekanntmachungspflicht, TED;hoch, Wert in der Bekanntmachung;mittel, abgeleitet aus Zuschlagsfrequenz und Preisliste;mittel, Ort aus der Bekanntmachung. Das ist nicht immer der eingetragene Sitz, manchmal die Niederlassung oder der Projektort
systemzwo GmbH;;Ulm;4 Pruefen;kein Kandidat hat geantwortet;Starter;2;2;138189;2024-01-09;2024-03-18;nein;302,324,515,722;Stadt Landshut | Zweckverband berufliche Schulen Landshut;;;https://ted.europa.eu/de/notice/13145-2024/pdf;https://ted.europa.eu/de/notice/162208-2024/pdf;hoch, Freitext aus der Bekanntmachung, normalisiert;;;offen, nicht belegbar;kein Kandidat hat geantwortet;hoch, gesetzliche Bekanntmachungspflicht, TED;hoch, Wert in der Bekanntmachung;mittel, abgeleitet aus Zuschlagsfrequenz und Preisliste;mittel, Ort aus der Bekanntmachung. Das ist nicht immer der eingetragene Sitz, manchmal die Niederlassung oder der Projektort
ACP IT Solutions GmbH Standort Würzburg;;Würzburg;4 Pruefen;"Domain gehoert laut Impressum zu ""advanced clean production Information Technology AG""";Starter;2;2;;2024-05-10;2024-05-16;nein;324,480,488,302;Landratsamt Deggendorf | Landratsamt Rhön-Grabfeld;;;https://ted.europa.eu/de/notice/276382-2024/pdf;https://ted.europa.eu/de/notice/288394-2024/pdf;hoch, Freitext aus der Bekanntmachung, normalisiert;acp-it.com;advanced clean production Information Technology AG;fraglich, Impressum nennt eine andere Firma;"Impressum nennt ""advanced clean production Information Technology AG"". kein gemeinsames Wort: ['acp', 'standort', 'wuerzburg'] gegen ['advanced', 'clean', 'production', 'information', 'technology']";hoch, gesetzliche Bekanntmachungspflicht, TED;fehlt, Bekanntmachung nennt keinen Wert;mittel, abgeleitet aus Zuschlagsfrequenz und Preisliste;mittel, Ort aus der Bekanntmachung. Das ist nicht immer der eingetragene Sitz, manchmal die Niederlassung oder der Projektort
Agelero IT-Systeme Erding GmbH;;Erding;4 Pruefen;kein Kandidat hat geantwortet;Starter;2;2;;2024-06-06;2025-03-07;nein;302,324,484,482;Gemeinde Poing | Stadt Gemünden am Main;;;https://ted.europa.eu/de/notice/334729-2024/pdf;https://ted.europa.eu/de/notice/151332-2025/pdf;hoch, Freitext aus der Bekanntmachung, normalisiert;;;offen, nicht belegbar;kein Kandidat hat geantwortet;hoch, gesetzliche Bekanntmachungspflicht, TED;fehlt, Bekanntmachung nennt keinen Wert;mittel, abgeleitet aus Zuschlagsfrequenz und Preisliste;mittel, Ort aus der Bekanntmachung. Das ist nicht immer der eingetragene Sitz, manchmal die Niederlassung oder der Projektort
System Vertrieb Alexander GmbH;;Wiesbaden;4 Pruefen;"Domain gehoert laut Impressum zu ""SystemVertriebs GmbH""";Starter;2;2;2;2024-07-25;2026-08-05;ja;480,324,727;Knappschaft Kliniken Solution GmbH | Ortenau Klinikum;;;https://ted.europa.eu/de/notice/446478-2024/pdf;https://ted.europa.eu/de/notice/543353-2026/pdf;hoch, Freitext aus der Bekanntmachung, normalisiert;systemvertrieb.de;SystemVertriebs GmbH;fraglich, Impressum nennt eine andere Firma;"Impressum nennt ""SystemVertriebs GmbH"". kein gemeinsames Wort: ['alexander'] gegen ['systemvertriebs']";hoch, gesetzliche Bekanntmachungspflicht, TED;hoch, Wert in der Bekanntmachung;mittel, abgeleitet aus Zuschlagsfrequenz und Preisliste;mittel, Ort aus der Bekanntmachung. Das ist nicht immer der eingetragene Sitz, manchmal die Niederlassung oder der Projektort
Datec Netzwerke & Druckerlösungen GmbH;;Heinsdorfergrund;4 Pruefen;Seite lebt, Firmenname kommt nicht vor;Starter;2;2;206664;2024-08-28;2025-05-07;nein;301,503,480,302;Landesdirektion Sachsen | Städtische Altenpflegeheime Leipzig gGmbH;;;https://ted.europa.eu/de/notice/515099-2024/pdf;https://ted.europa.eu/de/notice/294232-2025/pdf;hoch, Freitext aus der Bekanntmachung, normalisiert;datec-netzwerke.de;;offen, nicht belegbar;Seite lebt, Firmenname kommt nicht vor;hoch, gesetzliche Bekanntmachungspflicht, TED;hoch, Wert in der Bekanntmachung;mittel, abgeleitet aus Zuschlagsfrequenz und Preisliste;mittel, Ort aus der Bekanntmachung. Das ist nicht immer der eingetragene Sitz, manchmal die Niederlassung oder der Projektort
GeT IT GmbH;;Bayreuth;4 Pruefen;geparkte oder zum Verkauf stehende Domain;Starter;2;2;31600;2024-11-21;2025-09-10;nein;302,480;Stadt Coburg - Amt für Informations- und Kommunikationstechnik | Kreis Steinfurt;;;https://ted.europa.eu/de/notice/710740-2024/pdf;https://ted.europa.eu/de/notice/591008-2025/pdf;hoch, Freitext aus der Bekanntmachung, normalisiert;get-it.gmbh;;offen, nicht belegbar;geparkte oder zum Verkauf stehende Domain;hoch, gesetzliche Bekanntmachungspflicht, TED;hoch, Wert in der Bekanntmachung;mittel, abgeleitet aus Zuschlagsfrequenz und Preisliste;mittel, Ort aus der Bekanntmachung. Das ist nicht immer der eingetragene Sitz, manchmal die Niederlassung oder der Projektort
MVC Mobile VideoCommunication GmbH;;Kronberg im Taunus;4 Pruefen;kein Kandidat hat geantwortet;Starter;2;2;1;2024-12-12;2025-08-11;nein;302,322,323,480;DB AG - Mietportfolio DB AG (Bukr 1A) | Land Baden-Württemberg vertreten durch die IT-Baden-Württemberg (BITBW;;;https://ted.europa.eu/de/notice/759613-2024/pdf;https://ted.europa.eu/de/notice/524411-2025/pdf;hoch, Freitext aus der Bekanntmachung, normalisiert;;;offen, nicht belegbar;kein Kandidat hat geantwortet;hoch, gesetzliche Bekanntmachungspflicht, TED;hoch, Wert in der Bekanntmachung;mittel, abgeleitet aus Zuschlagsfrequenz und Preisliste;mittel, Ort aus der Bekanntmachung. Das ist nicht immer der eingetragene Sitz, manchmal die Niederlassung oder der Projektort
Global Information Distribution GmbH;;Köln;4 Pruefen;Seite lebt, Firmenname kommt nicht vor;Starter;2;2;49683965;2025-01-07;2025-04-10;nein;302,481;Land NRW vertreten durch den Landesbetrieb Information und Technik NRW | Stadt Wilhelmshaven, FB 30 Rechtsamt, Zentrale Vergabestelle;;;https://ted.europa.eu/de/notice/6053-2025/pdf;https://ted.europa.eu/de/notice/233393-2025/pdf;hoch, Freitext aus der Bekanntmachung, normalisiert;informationdistribution.com;;offen, nicht belegbar;Seite lebt, Firmenname kommt nicht vor;hoch, gesetzliche Bekanntmachungspflicht, TED;hoch, Wert in der Bekanntmachung;mittel, abgeleitet aus Zuschlagsfrequenz und Preisliste;mittel, Ort aus der Bekanntmachung. Das ist nicht immer der eingetragene Sitz, manchmal die Niederlassung oder der Projektort
OPTIMAL SYSTEMS Vertriebsgesellschaft mbH;;Hannover;4 Pruefen;kein Kandidat hat geantwortet;Starter;2;2;322001;2025-03-17;2026-04-29;ja;487,722;Kreisverwaltung Mayen-Koblenz | Institut für medizinische und pharmazeutische Prüfungsfragen;;;https://ted.europa.eu/de/notice/171057-2025/pdf;https://ted.europa.eu/de/notice/292822-2026/pdf;hoch, Freitext aus der Bekanntmachung, normalisiert;;;offen, nicht belegbar;kein Kandidat hat geantwortet;hoch, gesetzliche Bekanntmachungspflicht, TED;hoch, Wert in der Bekanntmachung;mittel, abgeleitet aus Zuschlagsfrequenz und Preisliste;mittel, Ort aus der Bekanntmachung. Das ist nicht immer der eingetragene Sitz, manchmal die Niederlassung oder der Projektort
Green IT GmbH;;Dortmund;4 Pruefen;nur ['green'] auf der Seite, kein Impressum, zu wenig fuer einen Beleg;Starter;2;2;;2025-04-23;2026-09-15;ja;302,720;Stadt Bochum, Referat Zentraler Einkauf | Kreishaus Arnsberg;;;https://ted.europa.eu/de/notice/262056-2025/pdf;https://ted.europa.eu/de/notice/633080-2026/pdf;hoch, Freitext aus der Bekanntmachung, normalisiert;greenit.net;;offen, nicht belegbar;nur ['green'] auf der Seite, kein Impressum, zu wenig fuer einen Beleg;hoch, gesetzliche Bekanntmachungspflicht, TED;fehlt, Bekanntmachung nennt keinen Wert;mittel, abgeleitet aus Zuschlagsfrequenz und Preisliste;mittel, Ort aus der Bekanntmachung. Das ist nicht immer der eingetragene Sitz, manchmal die Niederlassung oder der Projektort
Bürofachhandel & Datentechnik GmbH;;Leipzig;4 Pruefen;Seite lebt, Firmenname kommt nicht vor;Starter;2;2;194910000;2026-01-07;2026-06-02;ja;323,720,391,324;ekom21 - KGRZ Hessen | Stadt Leipzig;;;https://ted.europa.eu/de/notice/5786-2026/pdf;https://ted.europa.eu/de/notice/376538-2026/pdf;hoch, Freitext aus der Bekanntmachung, normalisiert;buerofachhandel.com;;offen, nicht belegbar;Seite lebt, Firmenname kommt nicht vor;hoch, gesetzliche Bekanntmachungspflicht, TED;hoch, Wert in der Bekanntmachung;mittel, abgeleitet aus Zuschlagsfrequenz und Preisliste;mittel, Ort aus der Bekanntmachung. Das ist nicht immer der eingetragene Sitz, manchmal die Niederlassung oder der Projektort
MG Industrieelektronik GmbH;;Ettlingen;4 Pruefen;geparkte oder zum Verkauf stehende Domain;Starter;2;2;2399348;2026-07-14;2026-08-13;ja;488,302,482,480;Personenverkehrsgesellschaft PVG Burgenlandkreis mbH | RVK | Regionalverkehr Köln GmbH;;;https://ted.europa.eu/de/notice/485628-2026/pdf;https://ted.europa.eu/de/notice/560285-2026/pdf;hoch, Freitext aus der Bekanntmachung, normalisiert;mg-industrieelektronik.de;;offen, nicht belegbar;geparkte oder zum Verkauf stehende Domain;hoch, gesetzliche Bekanntmachungspflicht, TED;hoch, Wert in der Bekanntmachung;mittel, abgeleitet aus Zuschlagsfrequenz und Preisliste;mittel, Ort aus der Bekanntmachung. Das ist nicht immer der eingetragene Sitz, manchmal die Niederlassung oder der Projektort
IGT Global Services Limited;;Larnaca;4 Pruefen;nur ['global', 'igt', 'limited'] auf der Seite, kein Impressum, zu wenig fuer einen Beleg;Starter;2;1;1;2024-06-13;2024-12-16;nein;722,480,723,300;Thüringer Staatslotterie AöR;;;https://ted.europa.eu/de/notice/350006-2024/pdf;https://ted.europa.eu/de/notice/768993-2024/pdf;hoch, Freitext aus der Bekanntmachung, normalisiert;igt-global.com;;offen, nicht belegbar;nur ['global', 'igt', 'limited'] auf der Seite, kein Impressum, zu wenig fuer einen Beleg;hoch, gesetzliche Bekanntmachungspflicht, TED;hoch, Wert in der Bekanntmachung;mittel, abgeleitet aus Zuschlagsfrequenz und Preisliste;mittel, Ort aus der Bekanntmachung. Das ist nicht immer der eingetragene Sitz, manchmal die Niederlassung oder der Projektort
GESBRO - Gesellschaft für Boden- und Raumordnung mbH;;Berlin;4 Pruefen;kein Kandidat hat geantwortet;Starter;2;1;1205051;2024-09-25;2025-01-30;nein;720,302,486,722;Breitband-Kompetenzzentrum Schleswig-Holstein e.V.;;;https://ted.europa.eu/de/notice/577638-2024/pdf;https://ted.europa.eu/de/notice/64409-2025/pdf;hoch, Freitext aus der Bekanntmachung, normalisiert;;;offen, nicht belegbar;kein Kandidat hat geantwortet;hoch, gesetzliche Bekanntmachungspflicht, TED;hoch, Wert in der Bekanntmachung;mittel, abgeleitet aus Zuschlagsfrequenz und Preisliste;mittel, Ort aus der Bekanntmachung. Das ist nicht immer der eingetragene Sitz, manchmal die Niederlassung oder der Projektort
M.IT Connect GmbH & Co. KG;;Bayreuth;4 Pruefen;nur ['connect'] auf der Seite, kein Impressum, zu wenig fuer einen Beleg;Starter;2;1;;2024-11-21;2024-12-16;nein;302,480;Stadt Coburg - Amt für Informations- und Kommunikationstechnik;;;https://ted.europa.eu/de/notice/710740-2024/pdf;https://ted.europa.eu/de/notice/766691-2024/pdf;hoch, Freitext aus der Bekanntmachung, normalisiert;itconnect.de;;offen, nicht belegbar;nur ['connect'] auf der Seite, kein Impressum, zu wenig fuer einen Beleg;hoch, gesetzliche Bekanntmachungspflicht, TED;fehlt, Bekanntmachung nennt keinen Wert;mittel, abgeleitet aus Zuschlagsfrequenz und Preisliste;mittel, Ort aus der Bekanntmachung. Das ist nicht immer der eingetragene Sitz, manchmal die Niederlassung oder der Projektort
Königsteiner Büroservice;;Sulzberg;4 Pruefen;"Domain gehoert laut Impressum zu ""rockenstein AG""";Starter;2;1;441942;2025-04-28;2025-09-24;nein;302,488,331,391;Kreisausschuss des Hochtaunuskreises;;;https://ted.europa.eu/de/notice/273464-2025/pdf;https://ted.europa.eu/de/notice/623868-2025/pdf;hoch, Freitext aus der Bekanntmachung, normalisiert;koenigsteiner-bueroservice.de;rockenstein AG;fraglich, Impressum nennt eine andere Firma;"Impressum nennt ""rockenstein AG"". kein gemeinsames Wort: ['koenigsteiner', 'bueroservice'] gegen ['rockenstein']";hoch, gesetzliche Bekanntmachungspflicht, TED;hoch, Wert in der Bekanntmachung;mittel, abgeleitet aus Zuschlagsfrequenz und Preisliste;mittel, Ort aus der Bekanntmachung. Das ist nicht immer der eingetragene Sitz, manchmal die Niederlassung oder der Projektort
ALSTOM Signal GmbH;;Braunschweig;4 Pruefen;nur ['alstom', 'signal'] auf der Seite, kein Impressum, zu wenig fuer einen Beleg;Starter;2;1;455983;2025-05-06;2025-05-26;nein;302,720;Rhein-Neckar-Verkehr GmbH;;;https://ted.europa.eu/de/notice/289391-2025/pdf;https://ted.europa.eu/de/notice/339066-2025/pdf;hoch, Freitext aus der Bekanntmachung, normalisiert;alstom.de;;offen, nicht belegbar;nur ['alstom', 'signal'] auf der Seite, kein Impressum, zu wenig fuer einen Beleg;hoch, gesetzliche Bekanntmachungspflicht, TED;hoch, Wert in der Bekanntmachung;mittel, abgeleitet aus Zuschlagsfrequenz und Preisliste;mittel, Ort aus der Bekanntmachung. Das ist nicht immer der eingetragene Sitz, manchmal die Niederlassung oder der Projektort
ITsolutions24 GmbH;;Rosbach v. d. H.;4 Pruefen;Seite lebt, Firmenname kommt nicht vor;Starter;2;1;2000;2025-09-04;2025-11-05;ja;302,488,725,324;Klinikum Fulda gAG;;;https://ted.europa.eu/de/notice/576320-2025/pdf;https://ted.europa.eu/de/notice/732830-2025/pdf;hoch, Freitext aus der Bekanntmachung, normalisiert;itsolutions24.com;;offen, nicht belegbar;Seite lebt, Firmenname kommt nicht vor;hoch, gesetzliche Bekanntmachungspflicht, TED;hoch, Wert in der Bekanntmachung;mittel, abgeleitet aus Zuschlagsfrequenz und Preisliste;mittel, Ort aus der Bekanntmachung. Das ist nicht immer der eingetragene Sitz, manchmal die Niederlassung oder der Projektort
Frequentis Deutschland GmbH;frequentis.de;Langen;X Raus;Hersteller. Steht oft namentlich in der Ausschreibung, bietet nicht darauf;Scale;15;13;4045982;2024-06-10;2026-08-05;ja;325,480,302,488;Stadt Herne | Bundesamt für Ausrüstung, Informationstechnik und Nutzung der Bundeswe | Flughafen Berlin Brandenburg GmbH;98;Bundesamt für Ausrüstung, Informationstechnik und Nutzung... schreibt gerade Beschaffung von Microsoft Lizenzen aus. Frist 21.10.2026. Dort habt ihr 12/2024 schon geliefert (https://ted.europa.eu/de/notice/793475-2024/pdf).;https://ted.europa.eu/de/notice/340631-2024/pdf;https://ted.europa.eu/de/notice/394679-2024/pdf https://ted.europa.eu/de/notice/506691-2024/pdf https://ted.europa.eu/de/notice/663976-2024/pdf;hoch, Freitext aus der Bekanntmachung, normalisiert;;Frequentis AG;belegt, Rechtsname im Impressum stimmt;"Impressum nennt ""Frequentis AG"". Name identisch: frequentis";hoch, gesetzliche Bekanntmachungspflicht, TED;hoch, Wert in der Bekanntmachung;mittel, abgeleitet aus Zuschlagsfrequenz und Preisliste;mittel, Ort aus der Bekanntmachung. Das ist nicht immer der eingetragene Sitz, manchmal die Niederlassung oder der Projektort
SPIE Information & Communication Services GmbH;;Leipzig;X Raus;Konzern, Telko oder Staatsbetrieb. Eigenes Vergabeteam;Scale;14;11;6783381;2024-05-02;2026-07-14;ja;722,488,302,516;Stadt Nürnberg - Zentrale Dienste | Landkreis Osterholz | Landkreis Nordsachsen;98;"Stadt Nürnberg - Zentrale Dienste schreibt gerade Dienstleistung ""M365 - Solution Architect /... aus. Frist 19.10.2026. Dort habt ihr 12/2024 schon geliefert (https://ted.europa.eu/de/notice/770145-2024/pdf).";https://ted.europa.eu/de/notice/260381-2024/pdf;https://ted.europa.eu/de/notice/770145-2024/pdf https://ted.europa.eu/de/notice/771524-2024/pdf https://ted.europa.eu/de/notice/800030-2024/pdf;hoch, Freitext aus der Bekanntmachung, normalisiert;;;offen, nicht belegbar;kein Kandidat hat geantwortet;hoch, gesetzliche Bekanntmachungspflicht, TED;hoch, Wert in der Bekanntmachung;mittel, abgeleitet aus Zuschlagsfrequenz und Preisliste;mittel, Ort aus der Bekanntmachung. Das ist nicht immer der eingetragene Sitz, manchmal die Niederlassung oder der Projektort
1&1 Versatel Deutschland GmbH;versatel.de;Düsseldorf;X Raus;Konzern, Telko oder Staatsbetrieb. Eigenes Vergabeteam;Scale;9;9;1503225;2024-02-28;2025-11-20;ja;724,325,720,642;Studentenwerk Osnabrück | Dataport AöR | Kreis Borken;98;Dataport AöR schreibt gerade Rahmenvertrag Standardsoftware aus. Frist 20.10.2026. Dort habt ihr 07/2024 schon geliefert (https://ted.europa.eu/de/notice/443788-2024/pdf).;https://ted.europa.eu/de/notice/123559-2024/pdf;https://ted.europa.eu/de/notice/443788-2024/pdf https://ted.europa.eu/de/notice/572232-2024/pdf https://ted.europa.eu/de/notice/616721-2024/pdf;hoch, Freitext aus der Bekanntmachung, normalisiert;;Die 1&1 Versatel GmbH;belegt, Rechtsname im Impressum stimmt;"Impressum nennt ""Die 1&1 Versatel GmbH"". Name identisch: versatel";hoch, gesetzliche Bekanntmachungspflicht, TED;hoch, Wert in der Bekanntmachung;mittel, abgeleitet aus Zuschlagsfrequenz und Preisliste;mittel, Ort aus der Bekanntmachung. Das ist nicht immer der eingetragene Sitz, manchmal die Niederlassung oder der Projektort
DXC Technology Deutschland GmbH;dxctechnology.com;Eschborn;X Raus;Konzern, Telko oder Staatsbetrieb. Eigenes Vergabeteam;Scale;8;8;572888965;2024-07-31;2026-01-15;ja;720,722,480,302;Gebäudemanagement Schleswig-Holstein AöR, Fachbereich 412 | Deutsches Zentrum für Luft- und Raumfahrt e.V. (DLR) | Ministerium für Arbeit, Soziales, Transformation und Digitalisierung;98;Ihr Vertrag mit Gebäudemanagement Schleswig-Holstein AöR, Fachbereich 412 (Beratung und Unterstützung im Umfeld SAP S-4 HANA...) endet am 31.12.2026. Rahmenvertrag, die Neuausschreibung kommt.;https://ted.europa.eu/de/notice/461229-2024/pdf;https://ted.europa.eu/de/notice/43273-2025/pdf https://ted.europa.eu/de/notice/691627-2025/pdf https://ted.europa.eu/de/notice/721624-2025/pdf;hoch, Freitext aus der Bekanntmachung, normalisiert;;DXC Technology Deutschland GmbH;belegt, Rechtsname im Impressum stimmt;"Impressum nennt ""DXC Technology Deutschland GmbH"". Name identisch: dxctechnology";hoch, gesetzliche Bekanntmachungspflicht, TED;hoch, Wert in der Bekanntmachung;mittel, abgeleitet aus Zuschlagsfrequenz und Preisliste;mittel, Ort aus der Bekanntmachung. Das ist nicht immer der eingetragene Sitz, manchmal die Niederlassung oder der Projektort
Conrad Electronic SE;;Nürnberg;X Raus;Hersteller. Steht oft namentlich in der Ausschreibung, bietet nicht darauf;Team;6;4;7739506;2024-12-19;2026-09-11;ja;302,438,386,482;Stadt Gemünden am Main | Handwerkskammer Niederbayern-Oberpfalz | Landeshauptstadt Magdeburg, Die Oberbürgermeisterin;98;Handwerkskammer Niederbayern-Oberpfalz schreibt gerade Notebook mit Monitor aus. Frist 19.10.2026. Dort habt ihr 08/2026 schon geliefert (https://ted.europa.eu/de/notice/564411-2026/pdf).;https://ted.europa.eu/de/notice/779531-2024/pdf;https://ted.europa.eu/de/notice/151332-2025/pdf https://ted.europa.eu/de/notice/151332-2025/pdf https://ted.europa.eu/de/notice/250910-2026/pdf;hoch, Freitext aus der Bekanntmachung, normalisiert;conrad.net;;offen, nicht belegbar;nur ['conrad'] auf der Seite, kein Impressum, zu wenig fuer einen Beleg;hoch, gesetzliche Bekanntmachungspflicht, TED;hoch, Wert in der Bekanntmachung;mittel, abgeleitet aus Zuschlagsfrequenz und Preisliste;mittel, Ort aus der Bekanntmachung. Das ist nicht immer der eingetragene Sitz, manchmal die Niederlassung oder der Projektort
VS Vereinigte Spezialmöbelfabriken GmbH & Co. KG;;Tauberbischofsheim;X Raus;Keine IT. Moebel, Kabel, Schulbedarf, Sensorik, AV-Technik oder Pflegesoftware;Team;5;4;386215;2024-07-22;2026-04-29;ja;392,302,488,391;Landkreis Deggendorf | Erzbistum Köln Erzbischöfliches Generalvikariat Marzellenstraße 32 506 | Landeswohlfahrtsverband Hessen - Zentrale Vergabestelle;98;Landeswohlfahrtsverband Hessen - Zentrale Vergabestelle schreibt gerade Bitdefender Lizenzen und Support, Kassel, LWV Hessen aus. Frist 05.10.2026. Dort habt ihr 07/2025 schon geliefert (https://ted.europa.eu/de/notice/497686-2025/pdf).;https://ted.europa.eu/de/notice/439019-2024/pdf;https://ted.europa.eu/de/notice/685043-2024/pdf https://ted.europa.eu/de/notice/497686-2025/pdf https://ted.europa.eu/de/notice/755635-2025/pdf;hoch, Freitext aus der Bekanntmachung, normalisiert;;;offen, nicht belegbar;kein Kandidat hat geantwortet;hoch, gesetzliche Bekanntmachungspflicht, TED;hoch, Wert in der Bekanntmachung;mittel, abgeleitet aus Zuschlagsfrequenz und Preisliste;mittel, Ort aus der Bekanntmachung. Das ist nicht immer der eingetragene Sitz, manchmal die Niederlassung oder der Projektort
Gantner Electronic GmbH;gantner.com;Bochum;X Raus;Hersteller. Steht oft namentlich in der Ausschreibung, bietet nicht darauf;Team;5;5;2380394;2025-06-19;2026-10-01;ja;301,481,722,429;SWM Services GmbH | Stadt Münster - Zentrale Rechtsdienstleistungen und Vergabemanagement | Stadtverwaltung Gera;93;Stadt Münster - Zentrale Rechtsdienstleistungen... schreibt gerade Migration TK-System Open Scape Voice inkl. Applikationen... aus. Dort habt ihr 02/2026 schon geliefert (https://ted.europa.eu/de/notice/130344-2026/pdf).;https://ted.europa.eu/de/notice/395852-2025/pdf;https://ted.europa.eu/de/notice/130344-2026/pdf https://ted.europa.eu/de/notice/328183-2026/pdf https://ted.europa.eu/de/notice/550289-2026/pdf;hoch, Freitext aus der Bekanntmachung, normalisiert;;Gantner Electronic GmbH;belegt, Rechtsname im Impressum stimmt;"Impressum nennt ""Gantner Electronic GmbH"". Name identisch: gantnerelectronic";hoch, gesetzliche Bekanntmachungspflicht, TED;hoch, Wert in der Bekanntmachung;mittel, abgeleitet aus Zuschlagsfrequenz und Preisliste;mittel, Ort aus der Bekanntmachung. Das ist nicht immer der eingetragene Sitz, manchmal die Niederlassung oder der Projektort
Swarco Traffic Systems GmbH;swarco.de;Trier;X Raus;Hersteller. Steht oft namentlich in der Ausschreibung, bietet nicht darauf;Team;4;4;880059;2024-09-19;2026-09-16;ja;722,512,723,302;Stadt Freiburg i. Br. - Vergabemanagement | Stadt Aschaffenburg | Die Autobahn GmbH des Bundes;93;Stadt Freiburg i. Br. - Vergabemanagement schreibt gerade Lieferung von SentinelOne Software aus. Frist 03.11.2026. Dort habt ihr 09/2024 schon geliefert (https://ted.europa.eu/de/notice/563325-2024/pdf).;https://ted.europa.eu/de/notice/563325-2024/pdf;https://ted.europa.eu/de/notice/792295-2025/pdf https://ted.europa.eu/de/notice/25046-2026/pdf https://ted.europa.eu/de/notice/638304-2026/pdf;hoch, Freitext aus der Bekanntmachung, normalisiert;;SWARCO AG;belegt, Rechtsname im Impressum stimmt;"Impressum nennt ""SWARCO AG"". gleicher Namensanfang ""swarco"", sonst nichts. Ort ""Trier"" steht im Impressum";hoch, gesetzliche Bekanntmachungspflicht, TED;hoch, Wert in der Bekanntmachung;mittel, abgeleitet aus Zuschlagsfrequenz und Preisliste;mittel, Ort aus der Bekanntmachung. Das ist nicht immer der eingetragene Sitz, manchmal die Niederlassung oder der Projektort
TA Triumph-Adler Deutschland GmbH;tatriumph.de;Nürnberg;X Raus;Druck und Output-Management, wie Kyocera, Xerox und Ricoh;Scale;27;25;5560973;2024-01-19;2026-08-10;ja;302,301,503,720;Landkreis Erlangen-Höchstadt | ProVitako Marketing- und Dienstleistungsgesellschaft der Kommunalen IT | Stadt Nürnberg - Zentrale Dienste;90;"Stadt Nürnberg - Zentrale Dienste schreibt gerade Dienstleistung ""M365 - Solution Architect /... aus. Frist 19.10.2026. Dort habt ihr 02/2024 schon geliefert (https://ted.europa.eu/de/notice/85907-2024/pdf).";https://ted.europa.eu/de/notice/38695-2024/pdf;https://ted.europa.eu/de/notice/38695-2024/pdf https://ted.europa.eu/de/notice/85907-2024/pdf https://ted.europa.eu/de/notice/136710-2024/pdf;hoch, Freitext aus der Bekanntmachung, normalisiert;;TA Triumph-Adler GmbH;belegt, Rechtsname im Impressum stimmt;"Impressum nennt ""TA Triumph-Adler GmbH"". Name identisch: tatriumphadler";hoch, gesetzliche Bekanntmachungspflicht, TED;hoch, Wert in der Bekanntmachung;mittel, abgeleitet aus Zuschlagsfrequenz und Preisliste;mittel, Ort aus der Bekanntmachung. Das ist nicht immer der eingetragene Sitz, manchmal die Niederlassung oder der Projektort
Lur SL GmbH;;Leuterod;X Raus;Keine IT. Moebel, Kabel, Schulbedarf, Sensorik, AV-Technik oder Pflegesoftware;Scale;25;21;12926358;2024-03-13;2026-07-09;ja;302,438,480,426;Handwerkskammer Niederbayern-Oberpfalz | Kreis Steinfurt | Deutsche Gesellschaft für Internationale Zusammenarbeit (GIZ) GmbH;90;Bundesrepublik Deutschland, vertreten durch... schreibt gerade Nachhaltige Notebooks (produktneutral) der Kategorie... aus. Frist 20.10.2026. Dort habt ihr 09/2025 schon geliefert (https://ted.europa.eu/de/notice/614485-2025/pdf).;https://ted.europa.eu/de/notice/152483-2024/pdf;https://ted.europa.eu/de/notice/462800-2024/pdf https://ted.europa.eu/de/notice/602620-2024/pdf https://ted.europa.eu/de/notice/725127-2024/pdf;hoch, Freitext aus der Bekanntmachung, normalisiert;lur-sl.de;;offen, nicht belegbar;nur ['sl'] auf der Seite, kein Impressum, zu wenig fuer einen Beleg;hoch, gesetzliche Bekanntmachungspflicht, TED;hoch, Wert in der Bekanntmachung;mittel, abgeleitet aus Zuschlagsfrequenz und Preisliste;mittel, Ort aus der Bekanntmachung. Das ist nicht immer der eingetragene Sitz, manchmal die Niederlassung oder der Projektort
TRADEX SYSTEMS OÜ;tradexsystems.eu;Tallinn;X Raus;Sitz im Ausland;Scale;8;8;1864894;2024-06-19;2026-09-14;ja;302,488,325,722;Universität Greifswald | Helmholtz-Zentrum Dresden-Rossendorf e.V. | Rheinland-Pfälzische Technische Universität Kaiserslautern-Landau;90;Bundesrepublik Deutschland, vertreten durch... schreibt gerade GitLab Lizenzen und Paid Addons (restliche Bundesverwaltung) aus. Frist 15.10.2026. Dort habt ihr 09/2026 schon geliefert (https://ted.europa.eu/de/notice/630037-2026/pdf).;https://ted.europa.eu/de/notice/361832-2024/pdf;https://ted.europa.eu/de/notice/726092-2024/pdf https://ted.europa.eu/de/notice/142055-2025/pdf https://ted.europa.eu/de/notice/604378-2025/pdf;hoch, Freitext aus der Bekanntmachung, normalisiert;;;geraten, kein Impressum zum Gegenlesen, nicht anrufen;kein Impressum lesbar, aber ['oue', 'systems', 'tradex'] auf der Seite und 2 Kernwoerter in der Domain;hoch, gesetzliche Bekanntmachungspflicht, TED;hoch, Wert in der Bekanntmachung;mittel, abgeleitet aus Zuschlagsfrequenz und Preisliste;mittel, Ort aus der Bekanntmachung. Das ist nicht immer der eingetragene Sitz, manchmal die Niederlassung oder der Projektort
Dr.-Ing. Paul Christiani GmbH & Co. KG;dring.de;Konstanz;X Raus;Keine IT. Moebel, Kabel, Schulbedarf, Sensorik, AV-Technik oder Pflegesoftware;Team;8;7;2437733;2024-04-16;2026-08-14;ja;302,482,386,323;Handwerkskammer Niederbayern-Oberpfalz | Stadt Gelsenkirchen, 10/4.1 - Zentrale Beschaffungsstelle | Landratsamt Dingolfing-Landau;90;Handwerkskammer Niederbayern-Oberpfalz schreibt gerade Notebook mit Monitor aus. Frist 19.10.2026. Dort habt ihr 08/2026 schon geliefert (https://ted.europa.eu/de/notice/564411-2026/pdf).;https://ted.europa.eu/de/notice/224220-2024/pdf;https://ted.europa.eu/de/notice/278974-2024/pdf https://ted.europa.eu/de/notice/285508-2024/pdf https://ted.europa.eu/de/notice/286915-2024/pdf;hoch, Freitext aus der Bekanntmachung, normalisiert;;;geraten, kein Impressum zum Gegenlesen, nicht anrufen;kein Impressum lesbar, aber ['dr', 'ing'] auf der Seite und 2 Kernwoerter in der Domain;hoch, gesetzliche Bekanntmachungspflicht, TED;hoch, Wert in der Bekanntmachung;mittel, abgeleitet aus Zuschlagsfrequenz und Preisliste;mittel, Ort aus der Bekanntmachung. Das ist nicht immer der eingetragene Sitz, manchmal die Niederlassung oder der Projektort
Steckerfertig GmbH;;Bad Doberan;X Raus;Keine IT. Moebel, Kabel, Schulbedarf, Sensorik, AV-Technik oder Pflegesoftware;Team;7;7;1593893;2024-02-07;2025-02-21;nein;302,323,488,438;Hochschule Harz | Stadt Thale | Handwerkskammer Niederbayern-Oberpfalz;90;Landkreis Hildesheim schreibt gerade Notebooks und Zubehör aus. Frist 12.10.2026. Dort habt ihr 10/2024 schon geliefert (https://ted.europa.eu/de/notice/660916-2024/pdf).;https://ted.europa.eu/de/notice/79223-2024/pdf;https://ted.europa.eu/de/notice/99197-2024/pdf https://ted.europa.eu/de/notice/240076-2024/pdf https://ted.europa.eu/de/notice/660916-2024/pdf;hoch, Freitext aus der Bekanntmachung, normalisiert;;;offen, nicht belegbar;kein Kandidat hat geantwortet;hoch, gesetzliche Bekanntmachungspflicht, TED;hoch, Wert in der Bekanntmachung;mittel, abgeleitet aus Zuschlagsfrequenz und Preisliste;mittel, Ort aus der Bekanntmachung. Das ist nicht immer der eingetragene Sitz, manchmal die Niederlassung oder der Projektort
Keysight Technologies Deutschland GmbH;;Böblingen;X Raus;Hersteller. Steht oft namentlich in der Ausschreibung, bietet nicht darauf;Team;7;6;1872948;2024-04-24;2026-09-09;ja;302,480,720,722;Deutsche Bundesbank, Zentralbereich Beschaffungen | Ferdinand-Braun-Institut gGmbH, Leibniz-Institut für Höchstfrequenztec | CISPA - Helmholtz-Zentrum für Informationssicherheit gGmbH;90;Fraunhofer-Gesellschaft - Einkauf B12 schreibt gerade Serversystem für KI Interferenz Workloads - PR1237100-3190-I aus. Frist 16.10.2026. Dort habt ihr 08/2026 schon geliefert (https://ted.europa.eu/de/notice/580436-2026/pdf).;https://ted.europa.eu/de/notice/242483-2024/pdf;https://ted.europa.eu/de/notice/748469-2024/pdf https://ted.europa.eu/de/notice/607628-2025/pdf https://ted.europa.eu/de/notice/69970-2026/pdf;hoch, Freitext aus der Bekanntmachung, normalisiert;keysight-technologies.de;;offen, nicht belegbar;nur ['keysight'] auf der Seite, kein Impressum, zu wenig fuer einen Beleg;hoch, gesetzliche Bekanntmachungspflicht, TED;hoch, Wert in der Bekanntmachung;mittel, abgeleitet aus Zuschlagsfrequenz und Preisliste;mittel, Ort aus der Bekanntmachung. Das ist nicht immer der eingetragene Sitz, manchmal die Niederlassung oder der Projektort
Bundesdruckerei GmbH;bundesdruckerei.de;Berlin;X Raus;Konzern, Telko oder Staatsbetrieb. Eigenes Vergabeteam;Team;7;5;46694120;2024-05-29;2026-04-23;ja;720,302;Präsidium Technik, Logistik, Service der Polizei Baden-Württemberg | Bundespolizeipräsidium - Referat 62 | Staatsbetrieb Sächsische Informatik Dienste;90;Bundesrepublik Deutschland, vertreten durch... schreibt gerade GitLab Lizenzen und Paid Addons (restliche Bundesverwaltung) aus. Frist 15.10.2026. Dort habt ihr 04/2026 schon geliefert (https://ted.europa.eu/de/notice/278158-2026/pdf).;https://ted.europa.eu/de/notice/317770-2024/pdf;https://ted.europa.eu/de/notice/375701-2024/pdf https://ted.europa.eu/de/notice/783433-2024/pdf https://ted.europa.eu/de/notice/220800-2025/pdf;hoch, Freitext aus der Bekanntmachung, normalisiert;;Bundesdruckerei Gruppe GmbH;belegt, Rechtsname im Impressum stimmt;"Impressum nennt ""Bundesdruckerei Gruppe GmbH"". Name identisch: bundesdruckerei";hoch, gesetzliche Bekanntmachungspflicht, TED;hoch, Wert in der Bekanntmachung;mittel, abgeleitet aus Zuschlagsfrequenz und Preisliste;mittel, Ort aus der Bekanntmachung. Das ist nicht immer der eingetragene Sitz, manchmal die Niederlassung oder der Projektort
Honeywell Building Solutions GmbH;;Offenbach am Main;X Raus;Hersteller. Steht oft namentlich in der Ausschreibung, bietet nicht darauf;Team;6;6;990910;2024-07-04;2026-10-02;ja;312,453,480,302;Referat ZR 3 - Vergaben | Deutscher Bundestag, Referat ZR 3, Vergaben | Stadt Schwerte - Zentrale Vergabestelle;90;Max-Planck-Gesellschaft Abt.III schreibt gerade MPI für Sicherheit und Privatsphäre, Bochum... aus. Frist 15.10.2026. Dort habt ihr 06/2026 schon geliefert (https://ted.europa.eu/de/notice/392220-2026/pdf).;https://ted.europa.eu/de/notice/399209-2024/pdf;https://ted.europa.eu/de/notice/529312-2025/pdf https://ted.europa.eu/de/notice/639955-2025/pdf https://ted.europa.eu/de/notice/392220-2026/pdf;hoch, Freitext aus der Bekanntmachung, normalisiert;honeywell.de;;offen, nicht belegbar;nur ['building', 'honeywell'] auf der Seite, kein Impressum, zu wenig fuer einen Beleg;hoch, gesetzliche Bekanntmachungspflicht, TED;hoch, Wert in der Bekanntmachung;mittel, abgeleitet aus Zuschlagsfrequenz und Preisliste;mittel, Ort aus der Bekanntmachung. Das ist nicht immer der eingetragene Sitz, manchmal die Niederlassung oder der Projektort
VS Vereinigte Spezialmöbelfabriken GmbH & Co. KG - Vertrieb IT-Lösungen;;Tauberbischofsheim;X Raus;Keine IT. Moebel, Kabel, Schulbedarf, Sensorik, AV-Technik oder Pflegesoftware;Team;5;5;145926397;2024-01-11;2025-11-03;ja;302,480,391,386;Stadt Walldorf | Stadt Coburg - Amt für Informations- und Kommunikationstechnik | Bayerische Kommunale IT Einkaufsgenossenschaft eG (BayKIT eG);90;Gemeinnützige Gesellschaft für soziale Dienste -DAA- mbH schreibt gerade Laptops aus. Frist 07.10.2026. Dort habt ihr 11/2025 schon geliefert (https://ted.europa.eu/de/notice/725458-2025/pdf).;https://ted.europa.eu/de/notice/18251-2024/pdf;https://ted.europa.eu/de/notice/710740-2024/pdf https://ted.europa.eu/de/notice/791049-2024/pdf https://ted.europa.eu/de/notice/56162-2025/pdf;hoch, Freitext aus der Bekanntmachung, normalisiert;;;offen, nicht belegbar;kein Kandidat hat geantwortet;hoch, gesetzliche Bekanntmachungspflicht, TED;hoch, Wert in der Bekanntmachung;mittel, abgeleitet aus Zuschlagsfrequenz und Preisliste;mittel, Ort aus der Bekanntmachung. Das ist nicht immer der eingetragene Sitz, manchmal die Niederlassung oder der Projektort
First Data GmbH;;Bad Homburg v.d.Höhe;X Raus;Konzern, Telko oder Staatsbetrieb. Eigenes Vergabeteam;Team;5;5;651123;2024-03-21;2026-03-25;ja;302,301,481,660;Land Hessen, vertreten durch die Hessische Zentrale für Datenverarbeit | Stadt Essen, Zentrales Vergabe- und Beschaffungsmanagement | Landeshauptstadt Stuttgart, Haupt- und Personalamt, Abt. Allgemeiner S;90;Landeshauptstadt Stuttgart, Haupt- und Personalamt, Abt.... schreibt gerade Weltraum-Simulationsanlage Planetarium Stuttgart aus. Frist 08.10.2026. Dort habt ihr 02/2025 schon geliefert (https://ted.europa.eu/de/notice/126038-2025/pdf).;https://ted.europa.eu/de/notice/172058-2024/pdf;https://ted.europa.eu/de/notice/362653-2024/pdf https://ted.europa.eu/de/notice/126038-2025/pdf https://ted.europa.eu/de/notice/96351-2026/pdf;hoch, Freitext aus der Bekanntmachung, normalisiert;first.com;;offen, nicht belegbar;nur ['data', 'first'] auf der Seite, kein Impressum, zu wenig fuer einen Beleg;hoch, gesetzliche Bekanntmachungspflicht, TED;hoch, Wert in der Bekanntmachung;mittel, abgeleitet aus Zuschlagsfrequenz und Preisliste;mittel, Ort aus der Bekanntmachung. Das ist nicht immer der eingetragene Sitz, manchmal die Niederlassung oder der Projektort
AfB gemeinnützige GmbH;;Düren;X Raus;Softwarehersteller oder Haendler, kein Integrator;Team;5;4;39394621;2024-03-08;2025-12-02;ja;302,720,516,721;Rechenzentrum der Finanzverwaltung des Landes NRW | Bundesagentur für Arbeit (BA), vertreten durch den Vorstand, hier vert | ProVitako Marketing- und Dienstleistungsgesellschaft der Kommunalen IT;90;Bundesagentur für Arbeit (BA), vertreten durch... schreibt gerade IT_TeTraoBe_2026 aus. Frist 05.10.2026. Dort habt ihr 03/2024 schon geliefert (https://ted.europa.eu/de/notice/144771-2024/pdf).;https://ted.europa.eu/de/notice/144771-2024/pdf;https://ted.europa.eu/de/notice/210169-2024/pdf https://ted.europa.eu/de/notice/763881-2024/pdf https://ted.europa.eu/de/notice/541233-2025/pdf;hoch, Freitext aus der Bekanntmachung, normalisiert;;;offen, nicht belegbar;kein Kandidat hat geantwortet;hoch, gesetzliche Bekanntmachungspflicht, TED;hoch, Wert in der Bekanntmachung;mittel, abgeleitet aus Zuschlagsfrequenz und Preisliste;mittel, Ort aus der Bekanntmachung. Das ist nicht immer der eingetragene Sitz, manchmal die Niederlassung oder der Projektort
FS Elektronik GmbH;;Riegelsberg;X Raus;Keine IT. Moebel, Kabel, Schulbedarf, Sensorik, AV-Technik oder Pflegesoftware;Team;4;4;3858213;2024-01-08;2026-09-08;ja;302,726,488,503;Stadt Gütersloh | Rhein-Erft-Kreis | Zentraler IT-Dienstleister der Justiz des Landes Brandenburg;90;Rhein-Erft-Kreis schreibt gerade Rahmenvertrag Microsoft-Lizenzen aus. Frist 20.10.2026. Dort habt ihr 11/2025 schon geliefert (https://ted.europa.eu/de/notice/766457-2025/pdf).;https://ted.europa.eu/de/notice/10917-2024/pdf;https://ted.europa.eu/de/notice/766457-2025/pdf https://ted.europa.eu/de/notice/387783-2026/pdf https://ted.europa.eu/de/notice/617419-2026/pdf;hoch, Freitext aus der Bekanntmachung, normalisiert;fs-elektronik.de;;offen, nicht belegbar;geparkte oder zum Verkauf stehende Domain;hoch, gesetzliche Bekanntmachungspflicht, TED;hoch, Wert in der Bekanntmachung;mittel, abgeleitet aus Zuschlagsfrequenz und Preisliste;mittel, Ort aus der Bekanntmachung. Das ist nicht immer der eingetragene Sitz, manchmal die Niederlassung oder der Projektort
Schenker Technologies GmbH;;Leipzig;X Raus;Hersteller. Steht oft namentlich in der Ausschreibung, bietet nicht darauf;Team;4;4;1726652;2024-04-09;2025-03-19;nein;300,480,302,317;Stadt Leipzig | Landkreis Straubing-Bogen | Landratsamt Rhön-Grabfeld;90;Landesinstitut für Schulqualität und Lehrerbildung Sachsen... schreibt gerade Position 1 aus. Frist 09.10.2026. Dort habt ihr 03/2025 schon geliefert (https://ted.europa.eu/de/notice/178455-2025/pdf).;https://ted.europa.eu/de/notice/206792-2024/pdf;https://ted.europa.eu/de/notice/264411-2024/pdf https://ted.europa.eu/de/notice/286915-2024/pdf https://ted.europa.eu/de/notice/178455-2025/pdf;hoch, Freitext aus der Bekanntmachung, normalisiert;;;offen, nicht belegbar;kein Kandidat hat geantwortet;hoch, gesetzliche Bekanntmachungspflicht, TED;hoch, Wert in der Bekanntmachung;mittel, abgeleitet aus Zuschlagsfrequenz und Preisliste;mittel, Ort aus der Bekanntmachung. Das ist nicht immer der eingetragene Sitz, manchmal die Niederlassung oder der Projektort
Arnulf Betzold GmbH;;Konstanz;X Raus;Keine IT. Moebel, Kabel, Schulbedarf, Sensorik, AV-Technik oder Pflegesoftware;Team;4;4;620240;2024-04-16;2025-05-13;nein;302,481,317,323;Stadt Gelsenkirchen, 10/4.1 - Zentrale Beschaffungsstelle | Landratsamt Rhön-Grabfeld | Ministerium für Schule und Bildung NRW;90;Landesinstitut für Schulqualität und Lehrerbildung Sachsen... schreibt gerade Position 1 aus. Frist 09.10.2026. Dort habt ihr 05/2025 schon geliefert (https://ted.europa.eu/de/notice/302663-2025/pdf).;https://ted.europa.eu/de/notice/224220-2024/pdf;https://ted.europa.eu/de/notice/286915-2024/pdf https://ted.europa.eu/de/notice/469705-2024/pdf https://ted.europa.eu/de/notice/302663-2025/pdf;hoch, Freitext aus der Bekanntmachung, normalisiert;arnulf.eu;;offen, nicht belegbar;Seite lebt, Firmenname kommt nicht vor;hoch, gesetzliche Bekanntmachungspflicht, TED;hoch, Wert in der Bekanntmachung;mittel, abgeleitet aus Zuschlagsfrequenz und Preisliste;mittel, Ort aus der Bekanntmachung. Das ist nicht immer der eingetragene Sitz, manchmal die Niederlassung oder der Projektort
NetApp Deutschland GmbH;;Aschheim;X Raus;Hersteller. Steht oft namentlich in der Ausschreibung, bietet nicht darauf;Team;4;4;1;2025-03-31;2025-12-15;ja;302,487,720,723;Garching, Leibniz-Rechenzentrum der Bayerischen Akademie der Wissensch | Land Baden-Württemberg vertreten durch die IT Baden-Württemberg | civillent GmbH;90;civillent GmbH schreibt gerade Software Automai Synthetic Performance Monitoring aus. Frist 05.10.2026. Dort habt ihr 12/2025 schon geliefert (https://ted.europa.eu/de/notice/797325-2025/pdf).;https://ted.europa.eu/de/notice/203922-2025/pdf;https://ted.europa.eu/de/notice/522403-2025/pdf https://ted.europa.eu/de/notice/797325-2025/pdf https://ted.europa.eu/de/notice/832090-2025/pdf;hoch, Freitext aus der Bekanntmachung, normalisiert;netapp-deutschland.com;;offen, nicht belegbar;Seite lebt, Firmenname kommt nicht vor;hoch, gesetzliche Bekanntmachungspflicht, TED;hoch, Wert in der Bekanntmachung;mittel, abgeleitet aus Zuschlagsfrequenz und Preisliste;mittel, Ort aus der Bekanntmachung. Das ist nicht immer der eingetragene Sitz, manchmal die Niederlassung oder der Projektort
EOS GmbH Electro Optical Systems;;Krailling;X Raus;Hersteller. Steht oft namentlich in der Ausschreibung, bietet nicht darauf;Team;3;3;368900;2024-06-21;2025-09-16;nein;302,484;Handwerkskammer für Unterfranken | HIL Heeresinstandsetzungslogistik GmbH | Fraunhofer-Gesellschaft, Einkauf B12;90;Fraunhofer-Gesellschaft - Einkauf B12 schreibt gerade Serversystem für KI Interferenz Workloads - PR1237100-3190-I aus. Frist 16.10.2026. Dort habt ihr 09/2025 schon geliefert (https://ted.europa.eu/de/notice/604393-2025/pdf).;https://ted.europa.eu/de/notice/368052-2024/pdf;https://ted.europa.eu/de/notice/558251-2025/pdf https://ted.europa.eu/de/notice/604393-2025/pdf;hoch, Freitext aus der Bekanntmachung, normalisiert;;;offen, nicht belegbar;kein Kandidat hat geantwortet;hoch, gesetzliche Bekanntmachungspflicht, TED;hoch, Wert in der Bekanntmachung;mittel, abgeleitet aus Zuschlagsfrequenz und Preisliste;mittel, Ort aus der Bekanntmachung. Das ist nicht immer der eingetragene Sitz, manchmal die Niederlassung oder der Projektort
SONAH GmbH;;Duisburg;X Raus;Keine IT. Moebel, Kabel, Schulbedarf, Sensorik, AV-Technik oder Pflegesoftware;Starter;2;2;1;2024-03-07;2024-03-21;nein;302,349,723,453;Dataport AöR | Wallfahrtsstadt Kevelaer;90;Dataport AöR schreibt gerade Rahmenvertrag Standardsoftware aus. Frist 20.10.2026. Dort habt ihr 03/2024 schon geliefert (https://ted.europa.eu/de/notice/141020-2024/pdf).;https://ted.europa.eu/de/notice/141020-2024/pdf;https://ted.europa.eu/de/notice/169907-2024/pdf;hoch, Freitext aus der Bekanntmachung, normalisiert;sonah.de;;offen, nicht belegbar;Seite lebt, Firmenname kommt nicht vor;hoch, gesetzliche Bekanntmachungspflicht, TED;hoch, Wert in der Bekanntmachung;mittel, abgeleitet aus Zuschlagsfrequenz und Preisliste;mittel, Ort aus der Bekanntmachung. Das ist nicht immer der eingetragene Sitz, manchmal die Niederlassung oder der Projektort
Carl Zeiss Microscopy Deutschland GmbH;;Düsseldorf;X Raus;Hersteller. Steht oft namentlich in der Ausschreibung, bietet nicht darauf;Starter;2;2;288920;2025-01-28;2026-05-06;ja;302,386,385,488;Universität Konstanz | Universität Duisburg-Essen;90;Universität Duisburg-Essen schreibt gerade Rahmenvertrag Server, Storage, Software aus. Frist 16.10.2026. Dort habt ihr 05/2026 schon geliefert (https://ted.europa.eu/de/notice/309042-2026/pdf).;https://ted.europa.eu/de/notice/59840-2025/pdf;https://ted.europa.eu/de/notice/309042-2026/pdf;hoch, Freitext aus der Bekanntmachung, normalisiert;carlzeiss.eu;;offen, nicht belegbar;nur ['zeiss'] auf der Seite, kein Impressum, zu wenig fuer einen Beleg;hoch, gesetzliche Bekanntmachungspflicht, TED;hoch, Wert in der Bekanntmachung;mittel, abgeleitet aus Zuschlagsfrequenz und Preisliste;mittel, Ort aus der Bekanntmachung. Das ist nicht immer der eingetragene Sitz, manchmal die Niederlassung oder der Projektort
GELSEN-NET Kommunikationsgesellschaft mbH;gelsennet.de;Gelsenkirchen;X Raus;Konzern, Telko oder Staatsbetrieb. Eigenes Vergabeteam;Starter;2;2;203053;2025-02-13;2026-03-31;ja;724,324;Gemeinsame Kommunale Datenzentrale Recklinghausen | Stadt Recklinghausen;90;Gemeinsame Kommunale Datenzentrale Recklinghausen schreibt gerade EU-weite Ausschreibung über die Beschaffung einer... aus. Frist 05.10.2026. Dort habt ihr 02/2025 schon geliefert (https://ted.europa.eu/de/notice/97161-2025/pdf).;https://ted.europa.eu/de/notice/97161-2025/pdf;https://ted.europa.eu/de/notice/220380-2026/pdf;hoch, Freitext aus der Bekanntmachung, normalisiert;;GELSEN-NET Kommunikationsgesellschaft mbH;belegt, Rechtsname im Impressum stimmt;"Impressum nennt ""GELSEN-NET Kommunikationsgesellschaft mbH"". Name identisch: gelsenkommunikationsgesellschaft";hoch, gesetzliche Bekanntmachungspflicht, TED;hoch, Wert in der Bekanntmachung;mittel, abgeleitet aus Zuschlagsfrequenz und Preisliste;mittel, Ort aus der Bekanntmachung. Das ist nicht immer der eingetragene Sitz, manchmal die Niederlassung oder der Projektort
rescuetrack GmbH;;Berlin;X Raus;Keine IT. Moebel, Kabel, Schulbedarf, Sensorik, AV-Technik oder Pflegesoftware;Starter;2;2;314567;2025-08-19;2026-06-15;ja;302,722,322;Berliner Feuerwehr | Stadt Frankfurt am Main, Branddirektion;90;Berliner Feuerwehr schreibt gerade Gamifizierte Lösungen für RESILIA Innohub aus. Frist 23.10.2026. Dort habt ihr 08/2025 schon geliefert (https://ted.europa.eu/de/notice/541611-2025/pdf).;https://ted.europa.eu/de/notice/541611-2025/pdf;https://ted.europa.eu/de/notice/407546-2026/pdf;hoch, Freitext aus der Bekanntmachung, normalisiert;;;offen, nicht belegbar;kein Kandidat hat geantwortet;hoch, gesetzliche Bekanntmachungspflicht, TED;hoch, Wert in der Bekanntmachung;mittel, abgeleitet aus Zuschlagsfrequenz und Preisliste;mittel, Ort aus der Bekanntmachung. Das ist nicht immer der eingetragene Sitz, manchmal die Niederlassung oder der Projektort
harich Werkzeuge-Maschinen GmbH;harich.de;Cham;X Raus;Werkzeug- und Maschinenhandel. Website verkauft Fraes-, Dreh- und Schleifmaschinen, keine IT;Starter;2;1;572438;2025-08-21;2026-02-09;ja;438,426,302,485;Handwerkskammer Niederbayern-Oberpfalz;90;Handwerkskammer Niederbayern-Oberpfalz schreibt gerade Notebook mit Monitor aus. Frist 19.10.2026. Dort habt ihr 02/2026 schon geliefert (https://ted.europa.eu/de/notice/92175-2026/pdf).;https://ted.europa.eu/de/notice/547822-2025/pdf;https://ted.europa.eu/de/notice/92175-2026/pdf;hoch, Freitext aus der Bekanntmachung, normalisiert;;harich Werkzeuge-Maschinen GmbH;belegt, Rechtsname im Impressum stimmt;"Impressum nennt ""harich Werkzeuge-Maschinen GmbH"". Name identisch: harichwerkzeugemaschinen";hoch, gesetzliche Bekanntmachungspflicht, TED;hoch, Wert in der Bekanntmachung;mittel, abgeleitet aus Zuschlagsfrequenz und Preisliste;mittel, Ort aus der Bekanntmachung. Das ist nicht immer der eingetragene Sitz, manchmal die Niederlassung oder der Projektort
Lufthansa Technik AG;lufthansatechnik.com;Hamburg;X Raus;Konzern, Telko oder Staatsbetrieb. Eigenes Vergabeteam;Starter;2;1;;2025-09-05;2026-08-20;ja;302,720;Bundesamt für Ausrüstung, Informationstechnik und Nutzung der Bundeswe;90;Bundesamt für Ausrüstung, Informationstechnik und Nutzung... schreibt gerade Beschaffung von Microsoft Lizenzen aus. Frist 21.10.2026. Dort habt ihr 08/2026 schon geliefert (https://ted.europa.eu/de/notice/575792-2026/pdf).;https://ted.europa.eu/de/notice/580353-2025/pdf;https://ted.europa.eu/de/notice/575792-2026/pdf;hoch, Freitext aus der Bekanntmachung, normalisiert;;Lufthansa Technik AG;belegt, Rechtsname im Impressum stimmt;"Impressum nennt ""Lufthansa Technik AG"". Name identisch: lufthansatechnik";hoch, gesetzliche Bekanntmachungspflicht, TED;fehlt, Bekanntmachung nennt keinen Wert;mittel, abgeleitet aus Zuschlagsfrequenz und Preisliste;mittel, Ort aus der Bekanntmachung. Das ist nicht immer der eingetragene Sitz, manchmal die Niederlassung oder der Projektort
Urban Lighting Innovations GmbH;urban-lighting-innovations.de;Berlin;X Raus;Keine IT. Moebel, Kabel, Schulbedarf, Sensorik, AV-Technik oder Pflegesoftware;Starter;2;1;35500000;2025-12-03;2025-12-05;ja;480,324,322,351;ekom21 - Kommunales Gebietsrechenzentrum Hessen;90;ekom21 - Kommunales Gebietsrechenzentrum Hessen schreibt gerade Datenschutzmanagementsystem aus. Frist 06.10.2026. Dort habt ihr 12/2025 schon geliefert (https://ted.europa.eu/de/notice/810359-2025/pdf).;https://ted.europa.eu/de/notice/802667-2025/pdf;https://ted.europa.eu/de/notice/810359-2025/pdf;hoch, Freitext aus der Bekanntmachung, normalisiert;;Urban Lighting Innovations GmbH;belegt, Rechtsname im Impressum stimmt;"Impressum nennt ""Urban Lighting Innovations GmbH"". Name identisch: urbanlightinginnovations";hoch, gesetzliche Bekanntmachungspflicht, TED;hoch, Wert in der Bekanntmachung;mittel, abgeleitet aus Zuschlagsfrequenz und Preisliste;mittel, Ort aus der Bekanntmachung. Das ist nicht immer der eingetragene Sitz, manchmal die Niederlassung oder der Projektort
Philips GmbH;philips.de;Hamburg;X Raus;Hersteller. Steht oft namentlich in der Ausschreibung, bietet nicht darauf;Scale;18;17;6742093;2024-01-24;2026-01-16;ja;481,488,722,302;München Klinik gGmbH | Gemeinnützige Krankenhausgesellschaft des Landkreises Bamberg mbH | St. Bonifatius Hospitalgesellschaft Lingen e.V.;85;Universitätsklinikum Frankfurt schreibt gerade Security Managed Services aus. Dort habt ihr 06/2024 schon geliefert (https://ted.europa.eu/de/notice/346325-2024/pdf).;https://ted.europa.eu/de/notice/47661-2024/pdf;https://ted.europa.eu/de/notice/315258-2024/pdf https://ted.europa.eu/de/notice/346325-2024/pdf https://ted.europa.eu/de/notice/498618-2024/pdf;hoch, Freitext aus der Bekanntmachung, normalisiert;;Communications Manager Philips GmbH;belegt, Rechtsname im Impressum stimmt;"Impressum nennt ""Communications Manager Philips GmbH"". Kennwort kommt vor, aber nicht am Anfang: ['philips']. Ort ""Hamburg"" steht im Impressum";hoch, gesetzliche Bekanntmachungspflicht, TED;hoch, Wert in der Bekanntmachung;mittel, abgeleitet aus Zuschlagsfrequenz und Preisliste;mittel, Ort aus der Bekanntmachung. Das ist nicht immer der eingetragene Sitz, manchmal die Niederlassung oder der Projektort
COMPAREX AG;;Leipzig;X Raus;Tochter einer bereits ausgeschlossenen Firma (Bechtle, SoftwareONE);Team;4;4;1;2024-04-26;2025-02-20;nein;722,480,482,487;Charité CFM Facility Management GmbH | Informationstechnikzentrum Bund (ITZBund) | Bundesrepublik Deutschland, vertreten durch das Bundesministerium des ;85;Informationstechnikzentrum Bund (ITZBund) schreibt gerade Rahmenvertrag für Dienstleistungen und Plattformservices... aus. Frist 06.11.2026. Dort habt ihr 04/2024 schon geliefert (https://ted.europa.eu/de/notice/257524-2024/pdf).;https://ted.europa.eu/de/notice/250837-2024/pdf;https://ted.europa.eu/de/notice/257524-2024/pdf https://ted.europa.eu/de/notice/522107-2024/pdf https://ted.europa.eu/de/notice/115446-2025/pdf;hoch, Freitext aus der Bekanntmachung, normalisiert;comparex.net;;offen, nicht belegbar;geparkte oder zum Verkauf stehende Domain;hoch, gesetzliche Bekanntmachungspflicht, TED;hoch, Wert in der Bekanntmachung;mittel, abgeleitet aus Zuschlagsfrequenz und Preisliste;mittel, Ort aus der Bekanntmachung. Das ist nicht immer der eingetragene Sitz, manchmal die Niederlassung oder der Projektort
ABB AG - Energy Industries - Standort Minden;abbenergy.com;Minden;X Raus;Hersteller. Steht oft namentlich in der Ausschreibung, bietet nicht darauf;Team;3;3;1076609;2025-01-27;2026-03-11;ja;481,516,324;Müllverwertung Borsigstraße GmbH | MVR Müllverwertung Rugenberger Damm GmbH | Stadtreinigung Hamburg AöR;85;Stadtreinigung Hamburg AöR schreibt gerade VM Workspace ONE Advanced 3-year subscriptions aus. Frist 29.10.2026. Dort habt ihr 03/2026 schon geliefert (https://ted.europa.eu/de/notice/168763-2026/pdf).;https://ted.europa.eu/de/notice/55142-2025/pdf;https://ted.europa.eu/de/notice/214716-2025/pdf https://ted.europa.eu/de/notice/168763-2026/pdf;hoch, Freitext aus der Bekanntmachung, normalisiert;;;geraten, kein Impressum zum Gegenlesen, nicht anrufen;kein Impressum lesbar, aber ['abb', 'energy', 'industries'] auf der Seite und 2 Kernwoerter in der Domain;hoch, gesetzliche Bekanntmachungspflicht, TED;hoch, Wert in der Bekanntmachung;mittel, abgeleitet aus Zuschlagsfrequenz und Preisliste;mittel, Ort aus der Bekanntmachung. Das ist nicht immer der eingetragene Sitz, manchmal die Niederlassung oder der Projektort
Trapeze Switzerland GmbH;;Neuhausen;X Raus;Sitz im Ausland;Starter;3;2;61933930;2024-07-12;2025-08-12;nein;516,488,722,325;Rhein-Neckar-Verkehr GmbH | Berliner Verkehrsbetriebe, Bereich Einkauf/ Materialwirtschaft;85;Berliner Verkehrsbetriebe, Bereich Einkauf/... schreibt gerade KRITIS-IT Unterstützung für das Elektroakustische... aus. Dort habt ihr 10/2024 schon geliefert (https://ted.europa.eu/de/notice/619529-2024/pdf).;https://ted.europa.eu/de/notice/419068-2024/pdf;https://ted.europa.eu/de/notice/619529-2024/pdf https://ted.europa.eu/de/notice/526767-2025/pdf;hoch, Freitext aus der Bekanntmachung, normalisiert;trapeze.de;;offen, nicht belegbar;geparkte oder zum Verkauf stehende Domain;hoch, gesetzliche Bekanntmachungspflicht, TED;hoch, Wert in der Bekanntmachung;mittel, abgeleitet aus Zuschlagsfrequenz und Preisliste;mittel, Ort aus der Bekanntmachung. Das ist nicht immer der eingetragene Sitz, manchmal die Niederlassung oder der Projektort
Telematix AG;;Bern;X Raus;Sitz im Ausland;Starter;2;2;6620772;2024-03-05;2026-01-08;ja;325,488,302;Berliner Verkehrsbetriebe, Bereich Einkauf/ Materialwirtschaft | Bochum-Gelsenkirchener Straßenbahnen AG;85;Berliner Verkehrsbetriebe, Bereich Einkauf/... schreibt gerade KRITIS-IT Unterstützung für das Elektroakustische... aus. Dort habt ihr 03/2024 schon geliefert (https://ted.europa.eu/de/notice/134991-2024/pdf).;https://ted.europa.eu/de/notice/134991-2024/pdf;https://ted.europa.eu/de/notice/8367-2026/pdf;hoch, Freitext aus der Bekanntmachung, normalisiert;telematix.com;;offen, nicht belegbar;Seite lebt, Firmenname kommt nicht vor;hoch, gesetzliche Bekanntmachungspflicht, TED;hoch, Wert in der Bekanntmachung;mittel, abgeleitet aus Zuschlagsfrequenz und Preisliste;mittel, Ort aus der Bekanntmachung. Das ist nicht immer der eingetragene Sitz, manchmal die Niederlassung oder der Projektort
Rohde & Schwarz GmbH & Co.KG;rohde-schwarz.de;München;X Raus;Hersteller. Steht oft namentlich in der Ausschreibung, bietet nicht darauf;Starter;2;2;;2024-05-27;2025-07-28;nein;302,480,481;Flughafen Berlin Brandenburg GmbH | CISPA - Helmholtz-Zentrum für Informationssicherheit gGmbH;85;CISPA – Helmholtz-Zentrum für Informationssicherheit gGmbH schreibt gerade Belieferung mit Produkten und Dienstleistungen von FAST LTA aus. Frist 30.10.2026. Gemeinsame Beschaffung von 3 Stellen. Dort habt ihr 07/2025 schon geliefert (https://ted.europa.eu/de/notice/491779-2025/pdf).;https://ted.europa.eu/de/notice/311361-2024/pdf;https://ted.europa.eu/de/notice/491779-2025/pdf;hoch, Freitext aus der Bekanntmachung, normalisiert;;Rohde & Schwarz GmbH & Co. KG;belegt, Rechtsname im Impressum stimmt;"Impressum nennt ""Rohde & Schwarz GmbH & Co. KG"". Name identisch: rohdeschwarz";hoch, gesetzliche Bekanntmachungspflicht, TED;fehlt, Bekanntmachung nennt keinen Wert;mittel, abgeleitet aus Zuschlagsfrequenz und Preisliste;mittel, Ort aus der Bekanntmachung. Das ist nicht immer der eingetragene Sitz, manchmal die Niederlassung oder der Projektort
WE are XR GmbH;we-are-xr.de;Moers Deutschland;X Raus;Keine IT. Moebel, Kabel, Schulbedarf, Sensorik, AV-Technik oder Pflegesoftware;Starter;2;2;;2024-07-02;2024-11-11;nein;302,300,386,485;Helmholtz-Zentrum für Umweltforschung GmbH - UFZ | Handwerkskammer für Ostfriesland;85;Helmholtz-Zentrum für Umweltforschung GmbH - UFZ schreibt gerade Belieferung mit Produkten und Dienstleistungen von FAST LTA aus. Frist 30.10.2026. Gemeinsame Beschaffung von 3 Stellen. Dort habt ihr 07/2024 schon geliefert (https://ted.europa.eu/de/notice/393727-2024/pdf).;https://ted.europa.eu/de/notice/393727-2024/pdf;https://ted.europa.eu/de/notice/684641-2024/pdf;hoch, Freitext aus der Bekanntmachung, normalisiert;;;geraten, kein Impressum zum Gegenlesen, nicht anrufen;kein Impressum lesbar, aber ['are', 'we', 'xr'] auf der Seite und 3 Kernwoerter in der Domain;hoch, gesetzliche Bekanntmachungspflicht, TED;fehlt, Bekanntmachung nennt keinen Wert;mittel, abgeleitet aus Zuschlagsfrequenz und Preisliste;mittel, Ort aus der Bekanntmachung. Das ist nicht immer der eingetragene Sitz, manchmal die Niederlassung oder der Projektort
Rohde & Schwarz Cybersecurity GmbH;rohde-schwarz.de;München;X Raus;Hersteller. Steht oft namentlich in der Ausschreibung, bietet nicht darauf;Team;3;3;1;2024-05-08;2026-01-23;ja;487,480,302,489;Bundesrepublik Deutschland, vertreten durch das Beschaffungsamt des BM | Land Baden-Württemberg vertreten durch die IT-Baden-Württemberg (BITBW | BAAINBw;70;Ihr Vertrag mit Land Baden-Württemberg vertreten durch... (Instandhaltung/Pflege Browser-in-the-Box) endete am 31.08.2026. Die Neuausschreibung steht an.;https://ted.europa.eu/de/notice/271274-2024/pdf;https://ted.europa.eu/de/notice/457677-2025/pdf https://ted.europa.eu/de/notice/51043-2026/pdf;hoch, Freitext aus der Bekanntmachung, normalisiert;;Rohde & Schwarz GmbH & Co. KG;belegt, Rechtsname im Impressum stimmt;"Impressum nennt ""Rohde & Schwarz GmbH & Co. KG"". ein Name ist der andere plus Zusatz, 2 Woerter gemeinsam: ['rohde', 'schwarz']";hoch, gesetzliche Bekanntmachungspflicht, TED;hoch, Wert in der Bekanntmachung;mittel, abgeleitet aus Zuschlagsfrequenz und Preisliste;mittel, Ort aus der Bekanntmachung. Das ist nicht immer der eingetragene Sitz, manchmal die Niederlassung oder der Projektort
SPIE Building Technology Automation & Traffic GmbH;;Georgsmarienhütte;X Raus;Konzern, Telko oder Staatsbetrieb. Eigenes Vergabeteam;Starter;2;2;;2026-06-25;2026-09-08;ja;480,324,323,302;Ministerium für Verkehr Baden-Württemberg, Abteilung 5 | Land Baden-Württemberg, vertreten durch das Ministerium für Verkehr Ba;60;Ihr Vertrag mit Ministerium für Verkehr Baden-Württemberg, Abteilung 5 (SBA B27 - Erneuerung Verkehrsrechner Software Unterzentrale) endet am 01.03.2027. Die Neuausschreibung steht an.;https://ted.europa.eu/de/notice/432466-2026/pdf;https://ted.europa.eu/de/notice/616267-2026/pdf;hoch, Freitext aus der Bekanntmachung, normalisiert;;;offen, nicht belegbar;kein Kandidat hat geantwortet;hoch, gesetzliche Bekanntmachungspflicht, TED;fehlt, Bekanntmachung nennt keinen Wert;mittel, abgeleitet aus Zuschlagsfrequenz und Preisliste;mittel, Ort aus der Bekanntmachung. Das ist nicht immer der eingetragene Sitz, manchmal die Niederlassung oder der Projektort
NEC Deutschland GmbH;;Düsseldorf;X Raus;Hersteller. Steht oft namentlich in der Ausschreibung, bietet nicht darauf;Scale;16;12;30109280;2024-05-15;2026-08-31;ja;302,503,488,325;Helmholtz-Zentrum Dresden-Rossendorf e.V. | RWTH Aachen University | Eberhard Karls Universität Tübingen;;;https://ted.europa.eu/de/notice/285022-2024/pdf;https://ted.europa.eu/de/notice/336522-2024/pdf https://ted.europa.eu/de/notice/393473-2024/pdf https://ted.europa.eu/de/notice/404353-2024/pdf;hoch, Freitext aus der Bekanntmachung, normalisiert;;;offen, nicht belegbar;kein Kandidat hat geantwortet;hoch, gesetzliche Bekanntmachungspflicht, TED;hoch, Wert in der Bekanntmachung;mittel, abgeleitet aus Zuschlagsfrequenz und Preisliste;mittel, Ort aus der Bekanntmachung. Das ist nicht immer der eingetragene Sitz, manchmal die Niederlassung oder der Projektort
Dräger Medical Deutschland GmbH;;Lübeck;X Raus;Hersteller. Steht oft namentlich in der Ausschreibung, bietet nicht darauf;Scale;12;11;350000;2024-02-13;2026-06-25;ja;481,302,488,331;Kliniken HochFranken (Anstalt des öffentlichen Rechts) | AGAPLESION EV. KLINIKUM SCHAUMBURG gGmbH | Karl-Hansen-Klinik gGmbH;;;https://ted.europa.eu/de/notice/90138-2024/pdf;https://ted.europa.eu/de/notice/95204-2024/pdf https://ted.europa.eu/de/notice/106846-2024/pdf https://ted.europa.eu/de/notice/107116-2024/pdf;hoch, Freitext aus der Bekanntmachung, normalisiert;;;offen, nicht belegbar;kein Kandidat hat geantwortet;hoch, gesetzliche Bekanntmachungspflicht, TED;hoch, Wert in der Bekanntmachung;mittel, abgeleitet aus Zuschlagsfrequenz und Preisliste;mittel, Ort aus der Bekanntmachung. Das ist nicht immer der eingetragene Sitz, manchmal die Niederlassung oder der Projektort
PSI Software SE;;Berlin;X Raus;Hersteller. Steht oft namentlich in der Ausschreibung, bietet nicht darauf;Team;5;4;26218720;2025-02-05;2025-10-14;ja;722,720,480,302;Brandenburgische Technische Universität Cottbus-Senftenberg | Überlandwerk Mittelbaden GmbH & Co. KG | MAYBURG Rechtsanwaltsgesellschaft mbH (NICHT AUFTRAGGEBER);;;https://ted.europa.eu/de/notice/78773-2025/pdf;https://ted.europa.eu/de/notice/133692-2025/pdf https://ted.europa.eu/de/notice/137455-2025/pdf https://ted.europa.eu/de/notice/533211-2025/pdf;hoch, Freitext aus der Bekanntmachung, normalisiert;psisoftware.com;;offen, nicht belegbar;nur ['software'] auf der Seite, kein Impressum, zu wenig fuer einen Beleg;hoch, gesetzliche Bekanntmachungspflicht, TED;hoch, Wert in der Bekanntmachung;mittel, abgeleitet aus Zuschlagsfrequenz und Preisliste;mittel, Ort aus der Bekanntmachung. Das ist nicht immer der eingetragene Sitz, manchmal die Niederlassung oder der Projektort
SET GmbH;;Hannover;X Raus;Softwarehersteller oder Haendler, kein Integrator;Team;4;4;913100;2024-02-28;2026-02-16;ja;722,487,488,480;Dataport AöR | Bundesagentur für Arbeit (BA), vertreten durch den Vorstand, hier vert | Essener Systemhaus;;;https://ted.europa.eu/de/notice/122499-2024/pdf;https://ted.europa.eu/de/notice/541424-2025/pdf https://ted.europa.eu/de/notice/82334-2026/pdf https://ted.europa.eu/de/notice/110020-2026/pdf;hoch, Freitext aus der Bekanntmachung, normalisiert;;;offen, nicht belegbar;kein Kandidat hat geantwortet;hoch, gesetzliche Bekanntmachungspflicht, TED;hoch, Wert in der Bekanntmachung;mittel, abgeleitet aus Zuschlagsfrequenz und Preisliste;mittel, Ort aus der Bekanntmachung. Das ist nicht immer der eingetragene Sitz, manchmal die Niederlassung oder der Projektort
Rud. Otto Meyer Technik GmbH & Co.KG;;Aalen;X Raus;Keine IT. Moebel, Kabel, Schulbedarf, Sensorik, AV-Technik oder Pflegesoftware;Team;4;4;4882446;2024-10-17;2026-06-30;ja;453,302,300,480;Landkreis Günzburg | Landeshauptstadt München, RIT-GL4, Vergabemanagement | Universitätsklinikum Düsseldorf;;;https://ted.europa.eu/de/notice/627995-2024/pdf;https://ted.europa.eu/de/notice/753461-2024/pdf https://ted.europa.eu/de/notice/92949-2026/pdf https://ted.europa.eu/de/notice/448562-2026/pdf;hoch, Freitext aus der Bekanntmachung, normalisiert;;;offen, nicht belegbar;kein Kandidat hat geantwortet;hoch, gesetzliche Bekanntmachungspflicht, TED;hoch, Wert in der Bekanntmachung;mittel, abgeleitet aus Zuschlagsfrequenz und Preisliste;mittel, Ort aus der Bekanntmachung. Das ist nicht immer der eingetragene Sitz, manchmal die Niederlassung oder der Projektort
ABB AG;;Ratingen;X Raus;Hersteller. Steht oft namentlich in der Ausschreibung, bietet nicht darauf;Starter;4;2;1872668;2024-02-28;2026-02-16;ja;722,503,324,488;Stadtentwässerungsbetriebe Köln, AöR | Berliner Stadtreinigungsbetriebe AöR;;;https://ted.europa.eu/de/notice/122696-2024/pdf;https://ted.europa.eu/de/notice/144848-2025/pdf https://ted.europa.eu/de/notice/370753-2025/pdf https://ted.europa.eu/de/notice/107999-2026/pdf;hoch, Freitext aus der Bekanntmachung, normalisiert;;;offen, nicht belegbar;kein Kandidat hat geantwortet;hoch, gesetzliche Bekanntmachungspflicht, TED;hoch, Wert in der Bekanntmachung;mittel, abgeleitet aus Zuschlagsfrequenz und Preisliste;mittel, Ort aus der Bekanntmachung. Das ist nicht immer der eingetragene Sitz, manchmal die Niederlassung oder der Projektort
Scientific Games International GmbH;scientificgames.com;Wien;X Raus;Hersteller. Steht oft namentlich in der Ausschreibung, bietet nicht darauf;Team;3;3;41097735;2024-07-26;2025-12-08;ja;302,301,375,481;Lotto Rheinland-Pfalz GmbH | Deutsche Klassenlotterie Berlin | Saarland-Sporttoto GmbH;;;https://ted.europa.eu/de/notice/451568-2024/pdf;https://ted.europa.eu/de/notice/702158-2024/pdf https://ted.europa.eu/de/notice/811016-2025/pdf;hoch, Freitext aus der Bekanntmachung, normalisiert;;;geraten, kein Impressum zum Gegenlesen, nicht anrufen;kein Impressum lesbar, aber ['games', 'scientific'] auf der Seite und 2 Kernwoerter in der Domain;hoch, gesetzliche Bekanntmachungspflicht, TED;hoch, Wert in der Bekanntmachung;mittel, abgeleitet aus Zuschlagsfrequenz und Preisliste;mittel, Ort aus der Bekanntmachung. Das ist nicht immer der eingetragene Sitz, manchmal die Niederlassung oder der Projektort
X-NRW GmbH;;Neuss;X Raus;Druck und Output-Management, wie Kyocera, Xerox und Ricoh;Team;3;3;495251;2024-11-26;2025-03-20;nein;483,302,720,385;Stadt Chemnitz, Hauptamt Abt. Zentrale Dienste /Submission | Pro Arbeit - Kreis Offenbach - (AöR) - Kommunales Jobcenter | Stadtverwaltung Cottbus;;;https://ted.europa.eu/de/notice/720020-2024/pdf;https://ted.europa.eu/de/notice/57834-2025/pdf https://ted.europa.eu/de/notice/180621-2025/pdf;hoch, Freitext aus der Bekanntmachung, normalisiert;;;offen, nicht belegbar;kein Kandidat hat geantwortet;hoch, gesetzliche Bekanntmachungspflicht, TED;hoch, Wert in der Bekanntmachung;mittel, abgeleitet aus Zuschlagsfrequenz und Preisliste;mittel, Ort aus der Bekanntmachung. Das ist nicht immer der eingetragene Sitz, manchmal die Niederlassung oder der Projektort
ICT AG;;Berlin;X Raus;Keine IT. Moebel, Kabel, Schulbedarf, Sensorik, AV-Technik oder Pflegesoftware;Starter;2;2;3045233;2024-03-21;2025-05-08;nein;302,323,316,488;Hochschule Mittweida | Rhine-Ruhr 2025 FISU Games gGmbH;;;https://ted.europa.eu/de/notice/170842-2024/pdf;https://ted.europa.eu/de/notice/297996-2025/pdf;hoch, Freitext aus der Bekanntmachung, normalisiert;;;offen, nicht belegbar;kein Kandidat hat geantwortet;hoch, gesetzliche Bekanntmachungspflicht, TED;hoch, Wert in der Bekanntmachung;mittel, abgeleitet aus Zuschlagsfrequenz und Preisliste;mittel, Ort aus der Bekanntmachung. Das ist nicht immer der eingetragene Sitz, manchmal die Niederlassung oder der Projektort
s.i.g. mbH;;Neu-Ulm;X Raus;Tochter einer bereits ausgeschlossenen Firma (Bechtle, SoftwareONE);Starter;2;2;250000;2024-09-06;2026-03-27;ja;482,302,480;Caritas Gesundheit Berlin gGmbH | SUAVIA Gesundheit gGmbH;;;https://ted.europa.eu/de/notice/535952-2024/pdf;https://ted.europa.eu/de/notice/212693-2026/pdf;hoch, Freitext aus der Bekanntmachung, normalisiert;;;offen, nicht belegbar;kein Kandidat hat geantwortet;hoch, gesetzliche Bekanntmachungspflicht, TED;hoch, Wert in der Bekanntmachung;mittel, abgeleitet aus Zuschlagsfrequenz und Preisliste;mittel, Ort aus der Bekanntmachung. Das ist nicht immer der eingetragene Sitz, manchmal die Niederlassung oder der Projektort
ePA-CC GmbH;epacc.de;Wiesbaden;X Raus;Keine IT. Moebel, Kabel, Schulbedarf, Sensorik, AV-Technik oder Pflegesoftware;Starter;2;2;1;2024-12-24;2025-08-19;nein;488,487;Bezirk Unterfranken | Katholisches Klinikum Bochum gGmbH;;;https://ted.europa.eu/de/notice/793827-2024/pdf;https://ted.europa.eu/de/notice/540256-2025/pdf;hoch, Freitext aus der Bekanntmachung, normalisiert;;;geraten, kein Impressum zum Gegenlesen, nicht anrufen;kein Impressum lesbar, aber ['cc', 'epa'] auf der Seite und 2 Kernwoerter in der Domain;hoch, gesetzliche Bekanntmachungspflicht, TED;hoch, Wert in der Bekanntmachung;mittel, abgeleitet aus Zuschlagsfrequenz und Preisliste;mittel, Ort aus der Bekanntmachung. Das ist nicht immer der eingetragene Sitz, manchmal die Niederlassung oder der Projektort
LEP AG;;Wiesbaden;X Raus;Sitz im Ausland;Starter;2;2;1;2024-12-24;2025-08-19;nein;488,487;Bezirk Unterfranken | Katholisches Klinikum Bochum gGmbH;;;https://ted.europa.eu/de/notice/793827-2024/pdf;https://ted.europa.eu/de/notice/541765-2025/pdf;hoch, Freitext aus der Bekanntmachung, normalisiert;;;offen, nicht belegbar;kein Kandidat hat geantwortet;hoch, gesetzliche Bekanntmachungspflicht, TED;hoch, Wert in der Bekanntmachung;mittel, abgeleitet aus Zuschlagsfrequenz und Preisliste;mittel, Ort aus der Bekanntmachung. Das ist nicht immer der eingetragene Sitz, manchmal die Niederlassung oder der Projektort
SPIE Information & Communication Services GmbH, BK ECS;;Leipzig;X Raus;Konzern, Telko oder Staatsbetrieb. Eigenes Vergabeteam;Starter;2;2;194910000;2026-01-07;2026-07-09;ja;720,323,324,391;ekom21 - KGRZ Hessen | Universität Bielefeld;;;https://ted.europa.eu/de/notice/5786-2026/pdf;https://ted.europa.eu/de/notice/474462-2026/pdf;hoch, Freitext aus der Bekanntmachung, normalisiert;;;offen, nicht belegbar;kein Kandidat hat geantwortet;hoch, gesetzliche Bekanntmachungspflicht, TED;hoch, Wert in der Bekanntmachung;mittel, abgeleitet aus Zuschlagsfrequenz und Preisliste;mittel, Ort aus der Bekanntmachung. Das ist nicht immer der eingetragene Sitz, manchmal die Niederlassung oder der Projektort
